500014266|690002534|20260626|10|21101|2|400|690002534|690002534:10:21101:400:False|{BB22D239-5740-4825-8336-DF6A7AB83F68}
500014266|690002534|20260626|10|21201|7|1000|690002534|690002534:10:21201:1000:False|{D97B9762-AA41-4E65-A7E3-17E65CF9B36F}
500014266|690002534|20260626|14||1|150|690002534|690002534:14::150:False|{1D289F36-C863-4FE9-84C7-97C809A645AE}
500014266|690002534|20260626|14|22104|1|120|690002534|690002534:14:22104:120:False|{DF3D4152-26DC-4FB7-BA7A-379A7F22C1A7}
500014266|690002534|20260626|14|22105|1|100|690002534|690002534:14:22105:100:False|{DF25386F-12B4-40AD-9F39-7878124372EF}
500014266|690002534|20260626|14|22108|1|50|690002534|690002534:14:22108:50:False|{2EDF37F6-B89E-4B10-A268-D13AB8FBA93B}
500014266|690002534|20260626|14|23201|1|540|690002534|690002534:14:23201:540:False|{790CF2A0-7BDA-4F21-8509-B85315D5E8CD}
500014266|690002534|20260626|15|30101|3|90|690002534|690002534:15:30101:90:False|{B2C9BAAE-3C74-4267-964B-636553F4A957}
500014266|690002534|20260626|15|30104|1|30|690002534|690002534:15:30104:30:False|{D52D2797-B7BD-4E63-BFC1-1943FAD2052B}
500014266|690002534|20260626|15|31001|1|60|690002534|690002534:15:31001:60:False|{68DCA431-939D-4903-A133-14C704E43CBE}
500014266|690002534|20260626|15|32001|5|100|690002534|690002534:15:32001:100:False|{FC888D3E-7BD4-422D-8FE5-ABB93A3BD5CB}
500014266|690002534|20260626|15|32002|1|195|690002534|690002534:15:32002:195:False|{41DD1EB0-8A58-4EFF-B30D-17E46671A324}
500014266|690002534|20260626|15|32003|1|290|690002534|690002534:15:32003:290:False|{BE8F11AD-0FEF-44D2-ADEC-60CDA47557FB}
500014266|690002534|20260626|15|32008|2|150|690002534|690002534:15:32008:150:False|{F0C2A90F-5DC3-45B9-950A-F7085AA63DF0}
500014266|690002534|20260626|15|32102|1|40|690002534|690002534:15:32102:40:False|{BB7A72DC-1C15-4D74-B1E1-BF5A46E5D5FD}
500014266|690002534|20260626|15|32103|1|40|690002534|690002534:15:32103:40:False|{FBFA5E5C-4559-4078-BE07-6951F4BB2216}
500014266|690002534|20260626|15|32104|1|40|690002534|690002534:15:32104:40:False|{13A6699C-FBE1-4BD3-829F-62F3E86E03D0}
500014266|690002534|20260626|15|32110|1|400|690002534|690002534:15:32110:400:False|{79F262EE-DF3D-4893-8E9A-0B9F4A634E1D}
500014266|690002534|20260626|15|32201|3|40|690002534|690002534:15:32201:40:False|{F69C0689-CB7C-470C-87F8-666E1E55D2DA}
500014266|690002534|20260626|15|32202|4|40|690002534|690002534:15:32202:40:False|{C08C0A4E-9A7F-4206-B98A-AC21B1106AA4}
500014266|690002534|20260626|15|32203|1|40|690002534|690002534:15:32203:40:False|{155CDB29-3126-4175-8F4C-A4196998FA6F}
500014266|690002534|20260626|15|32204|1|170|690002534|690002534:15:32204:170:False|{97D5275C-BE9A-48E5-831D-292747243E3A}
500014266|690002534|20260626|15|32310|2|40|690002534|690002534:15:32310:40:False|{A5070ED4-6A72-4B75-80DF-D8EF20783CB0}
500014266|690002534|20260626|15|32311|2|40|690002534|690002534:15:32311:40:False|{86A6621F-A572-48E4-9263-5F586AC1B3C9}
500014266|690002534|20260626|15|35105|2|300|690002534|690002534:15:35105:300:False|{546AC770-5CC1-47DE-8253-5D2E6FE9564B}
500014266|690002534|20260626|15|36506|1|350|690002534|690002534:15:36506:350:False|{97480B54-BDEA-4211-8537-48FB58911237}
500014266|690002534|20260626|16|41003|1|250|690002534|690002534:16:41003:250:False|{AA45FD09-AA56-4D22-9B7F-1AF97C4D3370}
500014266|690002534|20260626|16|41004|1|350|690002534|690002534:16:41004:350:False|{977CFA32-10E9-4C66-B61B-A60F99B7B514}
500014266|690002534|20260626|17|55010|8|300|690002534|690002534:17:55010:300:False|{F5FD031E-954E-493E-A03C-4ECECFA75C2F}
500014266|690002534|20260626|17|55512|1|220|690002534|690002534:17:55512:220:False|{10CFB596-1572-44E2-B272-4652855C1D1D}
500014266|690002534|20260626|17|55611|1|90|690002534|690002534:17:55611:90:False|{CC9FFC83-91DA-4FB8-BB39-22E27CE8CBB2}
500014266|690002534|20260626|17|55820|1|0|690002534|690002534:17:55820:0:False|{387E007F-69DD-4FD0-9F2E-3B17BE457671}
500014266|690002534|20260626|18|52320|1|160|690002534|690002534:18:52320:160:False|{98EC23D9-95FF-4A5A-9E8A-F164BA479753}
500014266|690002534|20260626|9|51410|1|200|690002534|690002534:9:51410:200:False|{0C6F8AC8-E56F-4EDF-BD2A-5E4A57E2C41C}
560075057|690002545|20260626|10|21101|5|400|690002545|690002545:10:21101:400:False|{D32A1D3D-D900-4D8F-8C65-7DC1FB694F43}
560075057|690002545|20260626|10|21201|3|1000|690002545|690002545:10:21201:1000:False|{F0C9FD23-ECCF-4D9F-B4DE-A0A11FA1AF71}
560075057|690002545|20260626|15|30101|1|90|690002545|690002545:15:30101:90:False|{4C819563-F8C5-45FC-A480-09F5DE989FE9}
560075057|690002545|20260626|15|30104|1|30|690002545|690002545:15:30104:30:False|{086B48B1-91AA-48BD-B985-7DBC2C7B5E73}
560075057|690002545|20260626|15|32001|5|100|690002545|690002545:15:32001:100:False|{E107C678-BBB6-4408-A4FC-45621BAB51CF}
560075057|690002545|20260626|15|32002|1|195|690002545|690002545:15:32002:195:False|{101819A0-1951-4B87-9B0A-598FBFBEBB64}
560075057|690002545|20260626|15|32003|1|290|690002545|690002545:15:32003:290:False|{6CA1428B-E329-4C4C-8C66-8DC26AE55805}
560075057|690002545|20260626|15|32008|1|150|690002545|690002545:15:32008:150:False|{A7D12640-03D0-4249-807E-36AAD34BDC14}
560075057|690002545|20260626|15|32102|1|40|690002545|690002545:15:32102:40:False|{C99BBDFF-DE4F-422C-B058-8B5A4804E5BE}
560075057|690002545|20260626|15|32103|1|40|690002545|690002545:15:32103:40:False|{92B5B85D-13F6-496A-8867-CB7DDF6C9EE2}
560075057|690002545|20260626|15|32104|1|40|690002545|690002545:15:32104:40:False|{CA39ED46-6914-46A9-A8BC-25F52CB66307}
560075057|690002545|20260626|15|32106|1|50|690002545|690002545:15:32106:50:False|{D4DCE898-7164-4221-BFE0-D56D76B45925}
560075057|690002545|20260626|15|32107|2|50|690002545|690002545:15:32107:50:False|{C7A4EC4D-E416-4E0D-B6E3-35E41ABD5A85}
560075057|690002545|20260626|15|32109|1|50|690002545|690002545:15:32109:50:False|{57317AA3-86E1-4E59-B0EF-D77FFF6A5A6A}
560075057|690002545|20260626|15|32110|1|400|690002545|690002545:15:32110:400:False|{6FC493B6-5D43-41A4-8801-DADD0B739D3D}
560075057|690002545|20260626|15|32201|2|40|690002545|690002545:15:32201:40:False|{9083C68B-4C3B-4897-B2CB-D65BDDC668B6}
560075057|690002545|20260626|15|32202|5|40|690002545|690002545:15:32202:40:False|{BF372D6C-7575-4204-AA20-1C5E3607F645}
560075057|690002545|20260626|15|32204|1|170|690002545|690002545:15:32204:170:False|{BFDB34B2-7DE7-414F-B5A8-669E44C741E3}
560075057|690002545|20260626|16|41004|3|350|690002545|690002545:16:41004:350:False|{A28BAA73-2FC4-49B2-A9DC-2E73A8189CDF}
560075057|690002545|20260626|17|55010|8|300|690002545|690002545:17:55010:300:False|{F9D509A1-C234-46FE-A174-682042686703}
560075057|690002545|20260626|17|55611|1|90|690002545|690002545:17:55611:90:False|{3BF2C385-3A2C-4B5C-B87C-6BCF6E5BE1F7}
560075057|690002545|20260626|17|55820|1|0|690002545|690002545:17:55820:0:False|{04A542C3-4142-4AC0-A9ED-AF1069F50570}
560075057|690002545|20260626|18|52320|1|160|690002545|690002545:18:52320:160:False|{DAAF2C8E-26F8-4EC8-87D3-183293D10F89}
560075057|690002545|20260626|20|XXX14|2|100|690002545|690002545:20:XXX14:100:False|{CEC95275-CB30-4AEB-953B-7466FFDEEE0E}
560075057|690002545|20260626|9|51410|1|200|690002545|690002545:9:51410:200:False|{995911DA-E24B-4127-A0B7-5E9E4B265EE9}
680095583|690002599|20260701|10|21201|2|1000|690002599|690002599:10:21201:1000:False|{C2035F47-A6CC-478E-B6F8-DCB3A33587C3}
680095583|690002599|20260701|15|30101|2|90|690002599|690002599:15:30101:90:False|{70FB839B-C85B-4228-BD5F-3796CDA46DA3}
680095583|690002599|20260701|15|32001|1|100|690002599|690002599:15:32001:100:False|{C998D093-3BF6-481B-ACE9-3C59E4B4CA2B}
680095583|690002599|20260701|15|32201|1|40|690002599|690002599:15:32201:40:False|{E68BCA1B-2BBE-41B5-95AC-A1278ED867B7}
680095583|690002599|20260701|15|32202|1|40|690002599|690002599:15:32202:40:False|{50C700DA-268F-4CC3-9C8F-BEF8EA7A85A7}
680095583|690002599|20260701|15|35105|2|300|690002599|690002599:15:35105:300:False|{87330247-A5E2-4BAE-BDE8-210242CE13AD}
680095583|690002599|20260701|15|36506|1|350|690002599|690002599:15:36506:350:False|{B8006554-841B-4BD8-8486-98851EB4C14D}
680095583|690002599|20260701|17|55010|2|300|690002599|690002599:17:55010:300:False|{A9290B1D-2CCE-468D-A3AC-91EA1B27C18C}
500010763|690002604|20260701|10|21201|1|1000|690002604|690002604:10:21201:1000:False|{4C188301-41A0-4A17-B5DB-080A33934B1D}
500010763|690002604|20260701|15|30101|1|90|690002604|690002604:15:30101:90:False|{1B7A2EB5-2DBD-4E4B-8685-50C5DEC5E0FF}
500010763|690002604|20260701|15|32001|2|100|690002604|690002604:15:32001:100:False|{E3598C88-4B04-4CD3-8445-CFAA6A86F02B}
500010763|690002604|20260701|15|32201|1|40|690002604|690002604:15:32201:40:False|{6E6AD444-88DB-442A-BD77-03E6D8D9C544}
500010763|690002604|20260701|15|32202|1|40|690002604|690002604:15:32202:40:False|{9CFF7664-FB68-44B2-8BDF-046A2C57FDD5}
500010763|690002604|20260701|15|32203|1|40|690002604|690002604:15:32203:40:False|{0465050A-E4CF-4E7F-8445-DA8B7F43E12D}
500010763|690002604|20260701|15|35007|1|60|690002604|690002604:15:35007:60:False|{344BDC68-830E-4422-A9CA-FB43C6560ADE}
500010763|690002604|20260701|16|41003|6|250|690002604|690002604:16:41003:250:False|{9AF13D06-81C6-402E-89B3-546E9B87F004}
500010763|690002604|20260701|16|44005|2|1000|690002604|690002604:16:44005:1000:False|{AEFEA64F-940C-4561-B242-56525B8F3876}
500010763|690002604|20260701|16|44503|1|10000|690002604|690002604:16:44503:10000:False|{590F4F2B-00E7-4031-877D-A0F032C3EBBD}
500010763|690002604|20260701|16|44901|2|1100|690002604|690002604:16:44901:1100:False|{709692EE-6D76-4191-AA60-4D92C116B8A3}
500010763|690002604|20260701|17|55010|1|300|690002604|690002604:17:55010:300:False|{63169FE2-BA4B-4958-879A-EB663CB98DF0}
500010763|690002604|20260701|17|55820|1|100|690002604|690002604:17:55820:100:False|{F41D13F1-8493-45C2-9EB7-5A9602CBB48F}
500010763|690002604|20260701|18|52441|1|0|690002604|690002604:18:52441:0:False|{C8D7897D-022A-41EB-8F19-AA2024867349}
500010763|690002604|20260701|3|S1801|1|500|690002604|690002604:3:S1801:500:False|{D604BD2D-EB70-4E26-A469-165FA8F13B8A}
500010763|690002604|20260701|3|S1802|67|4|690002604|690002604:3:S1802:4:False|{6AF4732A-D4E7-4B18-BF8A-78D54914938D}
500010763|690002604|20260701|9|51410|1|200|690002604|690002604:9:51410:200:False|{3D33CAD1-C855-4E9F-91E6-7EAFAF6AFF2A}
500044529|690002605|20260701|10|21201|1|1000|690002605|690002605:10:21201:1000:False|{329FAA3C-599A-4762-BEE2-F1C4CF790ADE}
500044529|690002605|20260701|15|30204|1|50|690002605|690002605:15:30204:50:False|{64E20287-76FA-4AC9-A4B4-C76EB9E03C17}
500044529|690002605|20260701|17|55010|1|300|690002605|690002605:17:55010:300:False|{2BC2E34A-C27D-41B9-A6E3-6500D952951B}
500003592|690002622|20260702|10|21101|1|400|690002622|690002622:10:21101:400:False|{96920864-513D-40BE-9AD8-71E99643941E}
500003592|690002622|20260702|15|30101|1|90|690002622|690002622:15:30101:90:False|{E46EEDEC-FD73-497A-BE1A-CEA7E61A3386}
500003592|690002622|20260702|15|30201|2|75|690002622|690002622:15:30201:75:False|{C12EBCB4-1D3A-4E13-BB47-D2D8E380B2B2}
500003592|690002622|20260702|15|32001|1|100|690002622|690002622:15:32001:100:False|{DAC20C28-BE98-479F-A3BC-B605E695E140}
500003592|690002622|20260702|15|32003|1|290|690002622|690002622:15:32003:290:False|{E88B5FB9-2441-45CF-ACDB-C42137CC468D}
500003592|690002622|20260702|15|32201|1|40|690002622|690002622:15:32201:40:False|{EC84C87E-9B14-4322-9E60-9D121836BCC5}
500003592|690002622|20260702|15|32202|1|40|690002622|690002622:15:32202:40:False|{7A9E1185-A329-40C3-ACE2-DB0A8C2BE961}
500003592|690002622|20260702|15|35001|1|60|690002622|690002622:15:35001:60:False|{1615E4A8-A7CC-4322-A95C-5F998E252D0F}
500003592|690002622|20260702|15|35101|1|250|690002622|690002622:15:35101:250:False|{A90A7C7A-2541-44D9-8930-AEBAE086BDF0}
500003592|690002622|20260702|15|36019|1|1500|690002622|690002622:15:36019:1500:False|{0AD2C6FB-29D8-4F18-97F3-C475EFCF56B3}
500003592|690002622|20260702|16|41003|1|250|690002622|690002622:16:41003:250:False|{A4A17A0A-7039-4CF7-A412-B3F7127D7C69}
500003592|690002622|20260702|16|44301|1|6000|690002622|690002622:16:44301:6000:False|{59D566AA-8891-49F9-B943-2D1BE2F48318}
500003592|690002622|20260702|16|44901|2|1100|690002622|690002622:16:44901:1100:False|{67AFBA4C-3B81-4610-B1AB-80B48056875A}
500003592|690002622|20260702|17|55010|1|300|690002622|690002622:17:55010:300:False|{D4A82EBA-80A4-4900-AA4B-DEB606FCB7F8}
500003592|690002622|20260702|17|55820|1|100|690002622|690002622:17:55820:100:False|{F81502CE-ABDC-4495-983B-74A094F74E92}
500003592|690002622|20260702|18|52441|1|0|690002622|690002622:18:52441:0:False|{05FB850F-8584-46E6-AE2B-605A8C450BBD}
500003592|690002622|20260702|9|51410|1|200|690002622|690002622:9:51410:200:False|{F1F1BADD-3B03-46F3-921C-D9316D609521}
500017400|690002635|20260703|10|21101|2|400|690002635|690002635:10:21101:400:False|{601ADD7B-4BFF-4C30-91DF-D1DCECBFC6E0}
500017400|690002635|20260703|10|21201|1|1000|690002635|690002635:10:21201:1000:False|{69405290-A4C6-49C4-8F23-CEC9FC248699}
500017400|690002635|20260703|15|30101|1|90|690002635|690002635:15:30101:90:False|{FDFC39B9-E923-49E4-B1E3-5799254029C1}
500017400|690002635|20260703|15|32001|1|100|690002635|690002635:15:32001:100:False|{0E441A24-5292-4F51-BC3B-0C876F7C5C15}
500017400|690002635|20260703|15|32003|1|290|690002635|690002635:15:32003:290:False|{FE0A8B97-C48B-41C8-A5A5-29BF32BC6997}
500017400|690002635|20260703|15|32201|1|40|690002635|690002635:15:32201:40:False|{219190E3-170C-4F8F-B24B-741AF5276D95}
500017400|690002635|20260703|15|32202|1|40|690002635|690002635:15:32202:40:False|{531239E1-5F72-410B-A455-E54CFA8AE2A7}
500017400|690002635|20260703|15|32203|7|40|690002635|690002635:15:32203:40:False|{FB44C530-E5C2-441F-A29E-D4007624AFAB}
500017400|690002635|20260703|15|35105|2|300|690002635|690002635:15:35105:300:False|{FABDBA36-F5DA-4EED-B507-EC3B02378CA7}
500017400|690002635|20260703|15|36506|1|350|690002635|690002635:15:36506:350:False|{55BA9072-805A-493F-9DD4-782C9A5D851B}
500017400|690002635|20260703|16|41004|1|350|690002635|690002635:16:41004:350:False|{DD71237D-0FD6-48A0-A4C0-AD56991313E2}
500017400|690002635|20260703|16|43007|1|800|690002635|690002635:16:43007:800:False|{B8D75968-34B5-4FD4-9632-7E3988293F2F}
500017400|690002635|20260703|17|55010|3|300|690002635|690002635:17:55010:300:False|{CB535364-F1E2-4178-9B2C-962904152A3D}
500017400|690002635|20260703|17|55820|1|0|690002635|690002635:17:55820:0:False|{9D3E164F-4273-4F83-B307-43FBDE84721B}
500017400|690002635|20260703|17|55820|1|100|690002635|690002635:17:55820:100:False|{264E508E-CCA2-42DA-93D3-72CF4143424D}
500017400|690002635|20260703|18|52441|1|0|690002635|690002635:18:52441:0:False|{BD3E606E-DDAB-4038-A107-8AE40D6DEA1C}
500017400|690002635|20260703|19|71641|1|2000|690002635|690002635:19:71641:2000:False|{6416B4E5-3277-42D6-8BC9-4F4A2BA2281D}
500017400|690002635|20260703|9|51410|1|200|690002635|690002635:9:51410:200:False|{0EB78955-7B2E-4239-AD49-59C62EE052F7}
500033697|690002649|20260704|10|21201|3|1000|690002649|690002649:10:21201:1000:False|{F7BB1B2C-0119-4924-AA25-8979059D37F3}
500033697|690002649|20260704|15|30101|2|90|690002649|690002649:15:30101:90:False|{ABBF79CC-28CE-45AD-A7A1-666769FEFF81}
500033697|690002649|20260704|15|31001|1|60|690002649|690002649:15:31001:60:False|{AA822B4A-80F0-4252-B637-6A7DFC6B5C9D}
500033697|690002649|20260704|15|32001|1|100|690002649|690002649:15:32001:100:False|{4E121989-E332-4711-A7ED-72206F53BBE0}
500033697|690002649|20260704|15|32201|1|40|690002649|690002649:15:32201:40:False|{7B624513-6185-4A92-936D-8327ED69ABE9}
500033697|690002649|20260704|15|32202|1|40|690002649|690002649:15:32202:40:False|{8A849E93-9D74-459C-ACF5-4E867CF85454}
500033697|690002649|20260704|15|32203|1|40|690002649|690002649:15:32203:40:False|{DDE7D528-EBB4-4C3A-8A69-2B197FB0153F}
500033697|690002649|20260704|15|35105|2|300|690002649|690002649:15:35105:300:False|{F6A3EF47-4DED-49CA-955F-9C1D8D484208}
500033697|690002649|20260704|15|36506|1|350|690002649|690002649:15:36506:350:False|{B047A3B3-4E57-4C06-8CA3-68379D44B5C8}
500033697|690002649|20260704|16|41003|1|250|690002649|690002649:16:41003:250:False|{79F3828C-DF88-44C6-ABB2-EFF0CBBAC67C}
500033697|690002649|20260704|17|55010|3|300|690002649|690002649:17:55010:300:False|{FE166573-B492-4EE7-834E-B6B9F08B66D7}
500033697|690002649|20260704|17|55820|1|100|690002649|690002649:17:55820:100:False|{7EC9843A-78E1-4A7A-B90D-38EE45A98902}
540071840|690002706|20260708|10|21101|1|400|690002706|690002706:10:21101:400:False|{EAA2527A-D511-4C52-AF57-A04C987DDC36}
540071840|690002706|20260708|15|30101|1|90|690002706|690002706:15:30101:90:False|{A58BE871-C28E-48EE-BA89-46982E7DDFE8}
540071840|690002706|20260708|15|30104|1|30|690002706|690002706:15:30104:30:False|{E53B082B-A728-49F5-912C-2E69CA18882E}
540071840|690002706|20260708|15|32001|1|100|690002706|690002706:15:32001:100:False|{CA64312A-26B7-4A52-A6A7-057A216D7514}
540071840|690002706|20260708|15|32002|1|195|690002706|690002706:15:32002:195:False|{5D530A3F-4010-4485-8CAA-07D206980C76}
540071840|690002706|20260708|15|32008|1|150|690002706|690002706:15:32008:150:False|{7A05FF7A-74FC-456C-8DCE-15B69B7D6F1E}
540071840|690002706|20260708|15|32102|1|40|690002706|690002706:15:32102:40:False|{EBF87BD9-7019-42B0-B097-F5D06E6D9271}
540071840|690002706|20260708|15|32103|1|40|690002706|690002706:15:32103:40:False|{6EBD345C-A999-4E71-8A17-90A94CD601A2}
540071840|690002706|20260708|15|32104|1|40|690002706|690002706:15:32104:40:False|{66E4D20B-E1E7-4D92-AD3A-8A27C6026EAF}
540071840|690002706|20260708|15|32110|1|400|690002706|690002706:15:32110:400:False|{DD143580-77D7-4D65-ABA1-3A0018DF7095}
540071840|690002706|20260708|15|32201|1|40|690002706|690002706:15:32201:40:False|{BD2F7480-E239-4ACE-93AD-58EF72B3A587}
540071840|690002706|20260708|15|32202|1|40|690002706|690002706:15:32202:40:False|{39582C26-5706-4EAE-A6BB-184DAC10A317}
540071840|690002706|20260708|15|32204|1|170|690002706|690002706:15:32204:170:False|{6E697F86-598B-409C-8200-B640E7DA05C7}
540071840|690002706|20260708|15|32608|1|170|690002706|690002706:15:32608:170:False|{F1B6D54A-5E35-489A-B5B9-718BC19395F1}
540071840|690002706|20260708|15|32610|1|150|690002706|690002706:15:32610:150:False|{67A293FE-F90A-4AC6-9DB3-D266ADCBFAD1}
540071840|690002706|20260708|15|32612|1|170|690002706|690002706:15:32612:170:False|{5F75D5B6-F057-4AB6-B5F6-BCFE676DFE25}
540071840|690002706|20260708|15|36506|1|350|690002706|690002706:15:36506:350:False|{D068544F-C361-4FD4-B7CB-C42FF117EB3B}
540071840|690002706|20260708|16|41003|1|250|690002706|690002706:16:41003:250:False|{8D1C5876-C369-4A76-8A8B-152B4EB9F886}
540071840|690002706|20260708|17|55010|1|300|690002706|690002706:17:55010:300:False|{B460C38B-B000-4F22-A882-FEFDB79E8A87}
540071840|690002706|20260708|17|55320|2|50|690002706|690002706:17:55320:50:False|{C15251E5-8F85-4A03-A1DA-350CC9717ECE}
540071840|690002706|20260708|17|55820|2|100|690002706|690002706:17:55820:100:False|{333A1630-52E2-418F-B722-D09511DD402D}
540071840|690002706|20260708|18|52320|1|160|690002706|690002706:18:52320:160:False|{98C07167-12CD-400F-9349-470D2485865A}
540071840|690002706|20260708|18|52441|1|0|690002706|690002706:18:52441:0:False|{C4EA0530-941F-4352-A29E-9055DFA090F7}
620086984|690002726|20260709|10|21201|2|1000|690002726|690002726:10:21201:1000:False|{4249D919-88CC-4B1E-87D1-C5AC69DEBDD2}
620086984|690002726|20260709|15|30101|2|90|690002726|690002726:15:30101:90:False|{780D0555-55D2-45B8-8F73-8356B9B49B61}
620086984|690002726|20260709|15|32001|2|100|690002726|690002726:15:32001:100:False|{F8B81BEF-075E-422A-BB5A-AC63442B1F5B}
620086984|690002726|20260709|16|41003|1|250|690002726|690002726:16:41003:250:False|{89634981-9640-42AF-B481-3EBFEA6500BC}
620086984|690002726|20260709|17|55010|2|300|690002726|690002726:17:55010:300:False|{8FC1B9DF-F34F-45A2-9FCF-946254EDE10F}
620086984|690002726|20260709|17|55820|1|100|690002726|690002726:17:55820:100:False|{A588E854-E71E-40DB-A6BF-F4C567B7A0C2}
620086984|690002726|20260709|18|52441|1|0|690002726|690002726:18:52441:0:False|{C2288F52-7951-4FCB-8A85-A8AC4352E09D}
650048046|690002741|20260710|10|21201|4|1000|690002741|690002741:10:21201:1000:False|{C62D1249-A47E-482F-BE26-D96EFBB46A78}
650048046|690002741|20260710|15|30101|1|90|690002741|690002741:15:30101:90:False|{5C6886AA-9D7E-42C7-A18B-337AAE542756}
650048046|690002741|20260710|15|32001|1|100|690002741|690002741:15:32001:100:False|{62ADB356-B1B3-46A7-A9D2-98272CC17E8F}
650048046|690002741|20260710|15|32203|1|40|690002741|690002741:15:32203:40:False|{074C2843-EFC5-4C78-814A-51491AC81C95}
650048046|690002741|20260710|15|36506|1|350|690002741|690002741:15:36506:350:False|{BAF3E7DC-38D9-4B29-89A8-9E8733C05AA1}
650048046|690002741|20260710|16|41003|1|250|690002741|690002741:16:41003:250:False|{3E5E319F-2986-4E41-8A27-56B11E06FFA8}
650048046|690002741|20260710|16|44101|1|3500|690002741|690002741:16:44101:3500:False|{6A0CCE8F-22DA-4B44-BF05-5C9B67674B78}
650048046|690002741|20260710|17|55010|4|300|690002741|690002741:17:55010:300:False|{E32BA9C4-9994-4F6F-A58B-CBA76701BFB8}
650048046|690002741|20260710|17|55820|2|100|690002741|690002741:17:55820:100:False|{4508B2A4-866A-4546-AA27-A04E334B626C}
640091971|690002748|20260711|10|21201|3|1000|690002748|690002748:10:21201:1000:False|{DB261D40-278F-4A7F-85C8-47B5CFC7D316}
640091971|690002748|20260711|14||1|150|690002748|690002748:14::150:False|{80073BA3-012D-4713-A1AF-71F71FF550D6}
640091971|690002748|20260711|14|22104|1|120|690002748|690002748:14:22104:120:False|{E36BA363-2805-4660-AE36-314D4BF8DA4E}
640091971|690002748|20260711|14|22105|1|100|690002748|690002748:14:22105:100:False|{E40E0000-93CF-42BA-8B38-DF53FAE5ADDC}
640091971|690002748|20260711|14|22108|1|50|690002748|690002748:14:22108:50:False|{A6614BCA-BDA5-48B9-8A57-6C9DB466E5A2}
640091971|690002748|20260711|15|30101|1|90|690002748|690002748:15:30101:90:False|{F29E5B76-9CED-442A-B33C-19E9DAE387D8}
640091971|690002748|20260711|15|30104|1|30|690002748|690002748:15:30104:30:False|{1850A16F-A609-4E5E-903F-76206D2C8362}
640091971|690002748|20260711|15|30201|2|75|690002748|690002748:15:30201:75:False|{4AE42833-52DC-4F0E-927B-DBC77A3F2EA0}
640091971|690002748|20260711|15|32001|1|100|690002748|690002748:15:32001:100:False|{BB521A7E-907D-4850-B153-429EC7EC2E1F}
640091971|690002748|20260711|15|32002|1|195|690002748|690002748:15:32002:195:False|{EF5250CC-7BCF-42AF-8FA9-F8BCF8046630}
640091971|690002748|20260711|15|32008|1|150|690002748|690002748:15:32008:150:False|{3B1E7672-EA3D-447B-B7B9-BF333823C5BE}
640091971|690002748|20260711|15|32102|1|40|690002748|690002748:15:32102:40:False|{FF18E545-7818-4809-98C8-89E1401CEB3D}
640091971|690002748|20260711|15|32103|1|40|690002748|690002748:15:32103:40:False|{1F3585B9-1D11-47E9-9710-1FA5C40EA48E}
640091971|690002748|20260711|15|32104|1|40|690002748|690002748:15:32104:40:False|{7AFCEC77-B034-4BFC-A8E3-6334B2084DCD}
640091971|690002748|20260711|15|32110|1|400|690002748|690002748:15:32110:400:False|{804FAFBB-68CF-4ACD-B4B2-1EE75D1AFD22}
640091971|690002748|20260711|15|32201|1|40|690002748|690002748:15:32201:40:False|{19E0EEE2-0D98-4D3D-BE89-856AA7378C38}
640091971|690002748|20260711|15|32202|1|40|690002748|690002748:15:32202:40:False|{8A467E93-AD23-4539-A190-BCE66E3E5B8E}
640091971|690002748|20260711|15|32203|2|40|690002748|690002748:15:32203:40:False|{E9F0F443-A501-4282-AFD0-3EF59A685F91}
640091971|690002748|20260711|15|32204|1|170|690002748|690002748:15:32204:170:False|{80D15863-225B-499A-A333-DF9CB347D4B5}
640091971|690002748|20260711|16|41004|2|350|690002748|690002748:16:41004:350:False|{5E2B77F1-9FC8-4573-BA13-EB301A74EEEE}
640091971|690002748|20260711|17|55010|3|300|690002748|690002748:17:55010:300:False|{6FA434D1-B5A4-4A22-9333-47555D658287}
640091971|690002748|20260711|17|55611|1|90|690002748|690002748:17:55611:90:False|{BA4B2697-5254-482B-869A-D0F916CF5C5D}
640091971|690002748|20260711|17|55811|1|0|690002748|690002748:17:55811:0:False|{B0CE2B16-D2D0-4C15-9652-556B44CFDFD5}
640091971|690002748|20260711|17|55820|1|0|690002748|690002748:17:55820:0:False|{51ABB772-EEC4-41F1-8FD0-E3193E948FB6}
640091971|690002748|20260711|18|52320|1|160|690002748|690002748:18:52320:160:False|{2DC396AC-9ABD-4957-8992-25FACD376518}
640091971|690002748|20260711|18|52441|1|0|690002748|690002748:18:52441:0:False|{CD8CB8AD-F7AA-445C-B951-FF151FE9A434}
640091971|690002748|20260711|9|51410|1|200|690002748|690002748:9:51410:200:False|{E9D3BBEA-2C8F-4BBF-89E4-A80B34930C70}
500053167|690002765|20260712|10|21201|1|1000|690002765|690002765:10:21201:1000:False|{C5E62DB7-11B1-4208-9B34-77E0CEDAF93B}
500053167|690002765|20260712|15|30101|1|90|690002765|690002765:15:30101:90:False|{5DB20CE9-CEA9-466C-88C1-E294140852D1}
500053167|690002765|20260712|15|32001|1|100|690002765|690002765:15:32001:100:False|{BBF28EE3-A33A-41F3-A402-D8E450CD1772}
500053167|690002765|20260712|15|32003|1|290|690002765|690002765:15:32003:290:False|{7FF50822-EAF5-40F3-926F-37A303029050}
500053167|690002765|20260712|15|32201|1|40|690002765|690002765:15:32201:40:False|{275CA992-BD3B-4C9E-9793-A4DC60C99D27}
500053167|690002765|20260712|15|32202|1|40|690002765|690002765:15:32202:40:False|{9C0B8A2D-E893-4F8D-A09D-4FEEDE7BB33C}
500053167|690002765|20260712|15|32207|1|40|690002765|690002765:15:32207:40:False|{EBC9E07E-81E3-4EB3-A8EA-717A677B19C3}
500053167|690002765|20260712|15|32309|1|40|690002765|690002765:15:32309:40:False|{C254BC3B-F824-4901-BC5B-2AA91692527D}
500053167|690002765|20260712|15|32310|1|40|690002765|690002765:15:32310:40:False|{04CADF81-249A-4D09-A1AD-1C0CC655D5F1}
500053167|690002765|20260712|16|41004|1|350|690002765|690002765:16:41004:350:False|{E93FF9CE-0645-40FB-95CF-BAE4FB4A0141}
500053167|690002765|20260712|17|55010|1|300|690002765|690002765:17:55010:300:False|{E4771954-65DE-4C58-8ADE-2C10FEDE3D12}
500053167|690002765|20260712|17|55820|1|100|690002765|690002765:17:55820:100:False|{9B08286E-AEA9-443F-8952-7A16EEC2A8DD}
500053167|690002765|20260712|9|51410|1|200|690002765|690002765:9:51410:200:False|{6A94A1E3-5CB7-4704-9600-5365CE6AC615}
500012379|690002770|20260712|10|21101|1|400|690002770|690002770:10:21101:400:False|{F7B60755-5851-41B0-9E89-4A99BCAAFA44}
500012379|690002770|20260712|10|21201|1|1000|690002770|690002770:10:21201:1000:False|{B0DC1136-5D6F-47A6-AC97-B2FC83696A9E}
500012379|690002770|20260712|15|30101|1|90|690002770|690002770:15:30101:90:False|{CFEF2AC8-BEC6-4EFF-81B6-20318877E58E}
500012379|690002770|20260712|15|30201|3|75|690002770|690002770:15:30201:75:False|{C3D108E4-83D4-440F-B667-CE4FB0587DDF}
500012379|690002770|20260712|15|31001|1|60|690002770|690002770:15:31001:60:False|{7C69B0E3-4367-410C-AA41-2895F4C33AB4}
500012379|690002770|20260712|15|32001|1|100|690002770|690002770:15:32001:100:False|{1A4A6CD8-5449-4330-8C1B-2A916844D11B}
500012379|690002770|20260712|15|32003|1|290|690002770|690002770:15:32003:290:False|{30D70CAA-B1A8-48E7-9A6F-B693724D48FB}
500012379|690002770|20260712|15|32201|1|40|690002770|690002770:15:32201:40:False|{8C37E28C-C170-468F-9493-EE8ABD3EC07A}
500012379|690002770|20260712|15|32202|2|40|690002770|690002770:15:32202:40:False|{B093EA12-F6AC-4619-8CB3-A9037B447BAF}
500012379|690002770|20260712|15|32310|1|40|690002770|690002770:15:32310:40:False|{5F40A89A-1B06-4CE5-BF3E-45271F26D0D3}
500012379|690002770|20260712|15|32311|1|40|690002770|690002770:15:32311:40:False|{887CAE97-08A3-4C66-B44C-2E8F8F0A98AE}
500012379|690002770|20260712|15|35105|2|300|690002770|690002770:15:35105:300:False|{53B87872-F872-46AA-BFEF-88259E19C834}
500012379|690002770|20260712|15|36506|1|350|690002770|690002770:15:36506:350:False|{050816B7-DBB0-46D0-B036-9FA1A37017CC}
500012379|690002770|20260712|16|41003|1|250|690002770|690002770:16:41003:250:False|{E37158F6-D090-4519-9188-DD5968342F52}
500012379|690002770|20260712|17|55010|2|300|690002770|690002770:17:55010:300:False|{11DE7E58-AC09-43CE-A9EB-C1DBE6EDE81E}
500003226|690002786|20260713|10|21101|2|400|690002786|690002786:10:21101:400:False|{A1BBAF82-7106-43B3-8565-9C1031B93A09}
500003226|690002786|20260713|10|21201|1|1000|690002786|690002786:10:21201:1000:False|{3874A4BB-7055-40F7-AC44-E792D4A38866}
500003226|690002786|20260713|15|30101|1|90|690002786|690002786:15:30101:90:False|{6973E687-EFBD-462C-96C0-79F3D2B3FDF4}
500003226|690002786|20260713|15|32001|1|100|690002786|690002786:15:32001:100:False|{CBDFCE6A-1610-4AE7-82D2-90A2B250C9F5}
500003226|690002786|20260713|15|32003|1|290|690002786|690002786:15:32003:290:False|{AEAAABB3-4644-4654-962F-C5EC279B5BF0}
500003226|690002786|20260713|15|32202|1|40|690002786|690002786:15:32202:40:False|{91B502F5-5DE6-42E6-A68D-92FB563091DA}
500003226|690002786|20260713|15|35105|2|300|690002786|690002786:15:35105:300:False|{52F64E0F-6C00-40B1-854B-23953D29C472}
500003226|690002786|20260713|15|36506|1|350|690002786|690002786:15:36506:350:False|{1EBBA691-BC2C-440C-ABBD-E5715BFD7B5C}
500003226|690002786|20260713|17|55010|3|300|690002786|690002786:17:55010:300:False|{C3A03745-433E-418E-A1C0-3517596BC048}
500003226|690002786|20260713|9|51410|1|200|690002786|690002786:9:51410:200:False|{519E4AC1-D815-4BEB-B083-A29B60CDB614}
500016060|690002792|20260713|10|21101|4|400|690002792|690002792:10:21101:400:False|{AEF46986-00CC-4832-AE03-F7659355E3E6}
500016060|690002792|20260713|10|21201|2|1000|690002792|690002792:10:21201:1000:False|{3502F255-FDA7-4982-8EF2-F1AB7D239938}
500016060|690002792|20260713|15|30101|2|90|690002792|690002792:15:30101:90:False|{306CDA05-16C0-48C2-84B6-6571DAA28A26}
500016060|690002792|20260713|15|31203|1|30|690002792|690002792:15:31203:30:False|{3900F56D-EFDD-462E-8BCC-E2BBF236CF13}
500016060|690002792|20260713|15|32001|2|100|690002792|690002792:15:32001:100:False|{7F6EC063-4F1A-4E58-8D87-26EAD3421558}
500016060|690002792|20260713|15|32003|1|290|690002792|690002792:15:32003:290:False|{62F9FA9D-53F2-4560-8907-3DF97B0E8F7E}
500016060|690002792|20260713|15|32008|1|150|690002792|690002792:15:32008:150:False|{43708FDB-8879-41EC-8364-71FD055FD7E6}
500016060|690002792|20260713|15|32201|1|40|690002792|690002792:15:32201:40:False|{FA27259C-9483-4D9A-BEB0-4424108443F5}
500016060|690002792|20260713|15|32202|1|40|690002792|690002792:15:32202:40:False|{57C7EEBE-E028-409D-A780-E5100FA313A3}
500016060|690002792|20260713|15|35007|1|60|690002792|690002792:15:35007:60:False|{F0FD0749-4676-415D-9D8E-B935FD2A4F5F}
500016060|690002792|20260713|15|35105|4|300|690002792|690002792:15:35105:300:False|{CC8BF8AA-E9CF-4E39-9040-96E029543772}
500016060|690002792|20260713|15|36506|1|350|690002792|690002792:15:36506:350:False|{BD20052E-A04F-486E-9A8E-A3C7F2F4F7DD}
500016060|690002792|20260713|16|41004|1|350|690002792|690002792:16:41004:350:False|{08562D93-EF41-42DD-9654-8DB282E022B5}
500016060|690002792|20260713|17|55010|6|300|690002792|690002792:17:55010:300:False|{F83E75F2-3152-4C6F-BFEF-31693DF1A624}
500016060|690002792|20260713|17|55820|1|100|690002792|690002792:17:55820:100:False|{D8E8910D-46CC-49D6-81E9-A4F5B97E85D5}
500016060|690002792|20260713|18|52441|1|0|690002792|690002792:18:52441:0:False|{0C48E72B-5EDF-4A2F-8E54-9CF383E6A51B}
500016060|690002792|20260713|9|51410|1|200|690002792|690002792:9:51410:200:False|{146F080C-C20E-4712-A018-72A19042E7D2}
500015237|690002796|20260714|10|21101|1|400|690002796|690002796:10:21101:400:False|{FCDD4651-104A-46A7-BE06-8A03F08C0349}
500015237|690002796|20260714|10|21201|5|1000|690002796|690002796:10:21201:1000:False|{F985B02D-1D2E-461C-9449-0ACDBFBED454}
500015237|690002796|20260714|15|30101|3|90|690002796|690002796:15:30101:90:False|{D325C7F9-1B62-4BB1-B2BF-2775B71776DA}
500015237|690002796|20260714|15|30104|1|30|690002796|690002796:15:30104:30:False|{4ACD5150-5F15-40AD-8B7D-1F4EA11B87BA}
500015237|690002796|20260714|15|30201|2|75|690002796|690002796:15:30201:75:False|{B938AB8C-011E-4E6C-B64E-A29DC24DA04A}
500015237|690002796|20260714|15|31203|1|30|690002796|690002796:15:31203:30:False|{7E83C380-F694-4899-A538-0A2506A6F26D}
500015237|690002796|20260714|15|32001|3|100|690002796|690002796:15:32001:100:False|{CE48D9EB-024E-4841-BEE0-F0145A55C8B3}
500015237|690002796|20260714|15|32002|1|195|690002796|690002796:15:32002:195:False|{3F18D89C-E7DB-4852-A0E3-E569D14CAEC3}
500015237|690002796|20260714|15|32003|2|290|690002796|690002796:15:32003:290:False|{E4AB13C4-FA5C-4A5B-9C1C-5D94E4787667}
500015237|690002796|20260714|15|32008|1|150|690002796|690002796:15:32008:150:False|{6CAAA9F3-595F-45E9-893F-04D3910EAB6D}
500015237|690002796|20260714|15|32102|1|40|690002796|690002796:15:32102:40:False|{73A4615D-332C-4D82-AB04-C3DD466E6E19}
500015237|690002796|20260714|15|32103|1|40|690002796|690002796:15:32103:40:False|{32AC7E26-0D7B-45F6-AFAF-6919892F4AAD}
500015237|690002796|20260714|15|32104|1|40|690002796|690002796:15:32104:40:False|{51BAB29E-944B-4016-9E54-99FB808B0C17}
500015237|690002796|20260714|15|32110|1|400|690002796|690002796:15:32110:400:False|{AB9D1730-CF43-4C8B-B374-3759F904E9C9}
500015237|690002796|20260714|15|32201|1|40|690002796|690002796:15:32201:40:False|{E60AA89F-0B8F-47E6-A842-D1686EECB9B3}
500015237|690002796|20260714|15|32202|1|40|690002796|690002796:15:32202:40:False|{61AD756B-2D77-4244-906A-8211C679E8EC}
500015237|690002796|20260714|15|32203|10|40|690002796|690002796:15:32203:40:False|{FF09B4D0-B271-4821-89B6-0EA25B0F1036}
500015237|690002796|20260714|15|32204|1|170|690002796|690002796:15:32204:170:False|{E5236751-D4D6-4AFA-AADD-82FCFC0B667F}
500015237|690002796|20260714|15|35002|1|65|690002796|690002796:15:35002:65:False|{C5879B52-77DB-4AA4-B5F7-6ABBD9B08A3D}
500015237|690002796|20260714|15|35007|1|60|690002796|690002796:15:35007:60:False|{B4C8616D-CE47-4C7B-B2A3-EDB7B1B988B0}
500015237|690002796|20260714|15|35101|1|250|690002796|690002796:15:35101:250:False|{39516E0A-02B2-4C7B-9988-7379707411D8}
500015237|690002796|20260714|15|35105|2|300|690002796|690002796:15:35105:300:False|{6C1183E0-AF1A-4A2F-BB6C-45F2E5063B8A}
500015237|690002796|20260714|15|36506|1|350|690002796|690002796:15:36506:350:False|{7FACFFCF-DF2B-4103-B028-F617813F8DC3}
500015237|690002796|20260714|15|36598|1|150|690002796|690002796:15:36598:150:False|{DFCFE08A-B032-4E91-A7EA-A896DF54AA67}
500015237|690002796|20260714|16|41004|6|350|690002796|690002796:16:41004:350:False|{ACB6A54B-41B8-4708-A026-1A16D07180C6}
500015237|690002796|20260714|17|55010|4|300|690002796|690002796:17:55010:300:False|{F31F7FCB-48A7-41B4-B755-5209C67B41A3}
500015237|690002796|20260714|17|55510|1|70|690002796|690002796:17:55510:70:False|{A505596F-421E-4440-874D-2D63B7EEAA0A}
500015237|690002796|20260714|17|55611|1|90|690002796|690002796:17:55611:90:False|{D083D853-1F27-4C9E-B08C-3394B6863B1B}
500015237|690002796|20260714|17|55820|1|0|690002796|690002796:17:55820:0:False|{BCCE0491-214F-4D29-BF9F-DF913F46F8A3}
500015237|690002796|20260714|18|52320|2|160|690002796|690002796:18:52320:160:False|{7CF917F3-8CC1-4E8E-9A79-7CD5C0B1D930}
500015237|690002796|20260714|18|52441|1|0|690002796|690002796:18:52441:0:False|{68456C4D-901B-4E49-8798-1EA89D7B98CC}
500015237|690002796|20260714|19|71310|1|180|690002796|690002796:19:71310:180:False|{B0D71E3A-72E0-47F8-A0C7-7032536E7C9D}
500015237|690002796|20260714|19|71641|1|2000|690002796|690002796:19:71641:2000:False|{7C288630-F3D1-4D3E-AB5B-EC5CEC09988C}
500015237|690002796|20260714|3|S1801|1|500|690002796|690002796:3:S1801:500:False|{0807442C-933A-46A9-A995-127F49739107}
500015237|690002796|20260714|3|S1802|150|4|690002796|690002796:3:S1802:4:False|{ECC97B61-913B-4001-851C-7EC3172F1E9D}
500015237|690002796|20260714|9|51410|1|200|690002796|690002796:9:51410:200:False|{69007E96-1EB8-407D-9A93-187DDB62807C}
500021579|690002801|20260714|10|21101|3|400|690002801|690002801:10:21101:400:False|{9A620392-7195-4ABE-921D-AA12D1FFC11F}
500021579|690002801|20260714|15|30101|1|90|690002801|690002801:15:30101:90:False|{4A4004E6-1CEB-4179-A8DE-8DF136DA0F6B}
500021579|690002801|20260714|15|31001|1|60|690002801|690002801:15:31001:60:False|{4862DFCA-82E2-43A1-B555-28408D99249E}
500021579|690002801|20260714|15|32001|2|100|690002801|690002801:15:32001:100:False|{8EF3D11A-D59D-4A29-8B65-B7173EBEC867}
500021579|690002801|20260714|15|32003|1|290|690002801|690002801:15:32003:290:False|{6742E27A-F1FD-4272-BDED-5F3CF2837B6A}
500021579|690002801|20260714|15|32201|2|40|690002801|690002801:15:32201:40:False|{883824A9-7A15-4063-A484-571CC0330FD5}
500021579|690002801|20260714|15|32202|2|40|690002801|690002801:15:32202:40:False|{CAF5E571-9AC7-42C7-9BAD-13A5CD2119A1}
500021579|690002801|20260714|15|35101|1|250|690002801|690002801:15:35101:250:False|{DC0C914E-2094-4100-861F-3C3B1D9640FE}
500021579|690002801|20260714|15|35105|2|300|690002801|690002801:15:35105:300:False|{CB4C764C-33C7-41CD-96DD-F8FE0A23DA86}
500021579|690002801|20260714|15|36007|1|200|690002801|690002801:15:36007:200:False|{7A4C58CA-1FA2-43B1-B28D-4872B43801E3}
500021579|690002801|20260714|15|36012|1|100|690002801|690002801:15:36012:100:False|{F260C808-47F8-4633-BE1D-DEC6D733B9B1}
500021579|690002801|20260714|15|36053|1|200|690002801|690002801:15:36053:200:False|{27EB2668-4DAF-4872-B19D-22E372626A23}
500021579|690002801|20260714|15|36506|2|350|690002801|690002801:15:36506:350:False|{764A1E3D-9C5F-4C46-98EC-1F7D65FD5DBE}
500021579|690002801|20260714|16|41003|1|250|690002801|690002801:16:41003:250:False|{0D751A43-09B6-4013-90EF-1A85F60444CF}
500021579|690002801|20260714|17|55010|3|300|690002801|690002801:17:55010:300:False|{E9C90FE0-4DE4-4127-991E-1ABD3B628F9E}
500011647|690002820|20260715|10|21101|1|400|690002820|690002820:10:21101:400:False|{0A5ABFC5-CFC2-4D21-A850-22EA948F77E1}
500011647|690002820|20260715|10|21201|2|1000|690002820|690002820:10:21201:1000:False|{B290AE20-EC60-4214-BCBC-9CF9673591A2}
500011647|690002820|20260715|15|30101|1|90|690002820|690002820:15:30101:90:False|{B8303BB7-09CE-4A43-BA2E-249BDE5CA1B5}
500011647|690002820|20260715|15|32001|1|100|690002820|690002820:15:32001:100:False|{1F2C9182-49CD-4072-B932-DDBFDEB548C9}
500011647|690002820|20260715|15|32201|1|40|690002820|690002820:15:32201:40:False|{E4102F78-3E0F-46EA-A802-AA7A483D4074}
500011647|690002820|20260715|15|32202|1|40|690002820|690002820:15:32202:40:False|{7798A280-EF57-46CD-8214-4AE3BD2FB0F6}
500011647|690002820|20260715|15|32203|1|40|690002820|690002820:15:32203:40:False|{F7FDAEB3-8EEB-40B2-94F4-4528A1D7D427}
500011647|690002820|20260715|16|41004|2|350|690002820|690002820:16:41004:350:False|{F5443AE9-8807-4AC8-8D2F-BA1882019A5D}
500011647|690002820|20260715|17|55010|3|300|690002820|690002820:17:55010:300:False|{A6B326C9-9375-455C-9489-FC6479681994}
500011647|690002820|20260715|17|55611|1|90|690002820|690002820:17:55611:90:False|{6A332611-66B0-4CD8-823E-776C44E2A104}
500011647|690002820|20260715|17|55820|2|100|690002820|690002820:17:55820:100:False|{F8193BF7-FE37-498F-A7A7-9A07CCC3E220}
500011647|690002820|20260715|18|52441|1|0|690002820|690002820:18:52441:0:False|{4F7505E5-4463-4A46-A7B3-BBAA7EBCBD66}
500001201|690002831|20260716|10|21101|2|400|690002831|690002831:10:21101:400:False|{D9C5A8A5-0E60-40FE-9D4E-AB18FE465E5E}
500001201|690002831|20260716|10|21201|3|1000|690002831|690002831:10:21201:1000:False|{A32F2A73-A0DE-4C93-A6AE-AC220693075D}
500001201|690002831|20260716|15|30101|1|90|690002831|690002831:15:30101:90:False|{BEA7AAFF-3D88-4D5E-949F-FBF0CC0DAF42}
500001201|690002831|20260716|15|30201|2|75|690002831|690002831:15:30201:75:False|{F43428EF-7F3C-4CF5-A67B-72DC92A1343F}
500001201|690002831|20260716|15|32001|1|100|690002831|690002831:15:32001:100:False|{5B2606E3-0777-4DFD-957B-0D5C7C58BEF5}
500001201|690002831|20260716|15|32106|1|50|690002831|690002831:15:32106:50:False|{62C75240-CDBE-407A-BD19-0266D8417B5C}
500001201|690002831|20260716|15|32107|1|50|690002831|690002831:15:32107:50:False|{D88D1F48-F807-4F70-937C-0A825E60BB89}
500001201|690002831|20260716|15|32109|1|50|690002831|690002831:15:32109:50:False|{DA6A74FE-D582-4321-98CB-261D48228E74}
500001201|690002831|20260716|15|32201|1|40|690002831|690002831:15:32201:40:False|{6B42C9E6-27F8-4C84-8256-C9221621FC8D}
500001201|690002831|20260716|15|32202|1|40|690002831|690002831:15:32202:40:False|{86504E2F-889A-47B0-9A2B-7AC3CF779D1C}
500001201|690002831|20260716|15|32203|1|40|690002831|690002831:15:32203:40:False|{08D55624-B25B-4824-B1A9-D5B65BB9822A}
500001201|690002831|20260716|15|32403|1|30|690002831|690002831:15:32403:30:False|{DA0DAD28-9B42-4FFA-AB58-810A53959E86}
500001201|690002831|20260716|15|36506|1|350|690002831|690002831:15:36506:350:False|{9A0A22E5-2E66-4672-A06B-FD502B50EEAA}
500001201|690002831|20260716|16|41003|1|250|690002831|690002831:16:41003:250:False|{9D1DA33F-AB47-42E0-9F3F-002E251C5906}
500001201|690002831|20260716|16|44101|1|3500|690002831|690002831:16:44101:3500:False|{E4651CD9-0099-4669-99CE-59E6F570C28A}
500001201|690002831|20260716|17|55010|5|300|690002831|690002831:17:55010:300:False|{BEC6613B-E38A-49AD-A8AA-F2B5D6E68B83}
500001201|690002831|20260716|17|55820|1|0|690002831|690002831:17:55820:0:False|{0D8D017B-35CB-4CDA-A4D3-337AF4F149B6}
500001201|690002831|20260716|18|52320|1|160|690002831|690002831:18:52320:160:False|{16E04D68-32CB-4F47-93F6-3CE04A4A664B}
500001201|690002831|20260716|18|52441|1|0|690002831|690002831:18:52441:0:False|{98FE4BB2-77F7-4908-8B93-1284B9569792}
500001201|690002831|20260716|19|71641|1|2000|690002831|690002831:19:71641:2000:False|{CE198DA0-22F6-4BAB-8C55-E588E588329C}
500001201|690002831|20260716|2|8608|2|800|690002831|690002831:2:8608:800:False|{E8A46566-150D-46BA-B53D-3ABD2EC82CB3}
500001201|690002831|20260716|9|51410|1|200|690002831|690002831:9:51410:200:False|{2B6D0E0F-54E3-494F-8572-75E065BFB89A}
500035413|690002832|20260716|10|21101|2|400|690002832|690002832:10:21101:400:False|{73142C2F-CBB8-440E-9654-A1B13DB9F3A2}
500035413|690002832|20260716|14|23201|1|540|690002832|690002832:14:23201:540:False|{69DABE00-F909-498E-B2FB-6A48EC72E8B1}
500035413|690002832|20260716|15|31001|1|60|690002832|690002832:15:31001:60:False|{140227A4-2CEB-4A6D-AA23-F3360EECAECB}
500035413|690002832|20260716|15|35002|1|65|690002832|690002832:15:35002:65:False|{DBC5EF84-2E2F-4128-BE1B-02E359120962}
500035413|690002832|20260716|15|35101|2|250|690002832|690002832:15:35101:250:False|{2987D4F1-8B8B-4E46-8FAA-B312FA73591F}
500035413|690002832|20260716|15|35105|2|300|690002832|690002832:15:35105:300:False|{C8C3D501-31BD-4A18-A33B-5B7D287F0DCD}
500035413|690002832|20260716|17|55010|2|300|690002832|690002832:17:55010:300:False|{B5271EC9-E9B3-4137-988F-550DFDB0A9D8}
500035413|690002832|20260716|19|71641|1|2000|690002832|690002832:19:71641:2000:False|{8E0E3C71-3D68-4842-A247-7CA131F78FCF}
560075057|690002836|20260717|10|21101|2|400|690002836|690002836:10:21101:400:False|{9BB08E69-CD52-4FAC-ABDA-8E1C732436D6}
560075057|690002836|20260717|15|32008|1|150|690002836|690002836:15:32008:150:False|{76086658-7FAA-457A-9480-F57F19035E4C}
560075057|690002836|20260717|15|32203|2|40|690002836|690002836:15:32203:40:False|{CE0E6B67-A47D-4EA2-A344-910D35CF7C85}
560075057|690002836|20260717|15|32307|2|260|690002836|690002836:15:32307:260:False|{AD60A99B-2F11-4AD2-AF55-FEBC2A4C244C}
560075057|690002836|20260717|17|55010|2|300|690002836|690002836:17:55010:300:False|{6AFFA78A-9D94-4C30-9AE9-056719AFEE59}
560075057|690002836|20260717|3|S1801|1|500|690002836|690002836:3:S1801:500:False|{C7F5724D-3BCF-46A8-9B71-41A338F0B131}
560075057|690002836|20260717|3|S1802|67|4|690002836|690002836:3:S1802:4:False|{0EA9AFD6-8884-4BAC-AC3A-91DC934F64AF}
500014266|690002839|20260717|10|21201|8|1000|690002839|690002839:10:21201:1000:False|{ED6165B7-B020-4975-B6AD-4278F4F5F93E}
500014266|690002839|20260717|14||1|150|690002839|690002839:14::150:False|{A8A3B4E0-3E58-4E2C-87AC-7F3A16DE3DD7}
500014266|690002839|20260717|14|22104|1|120|690002839|690002839:14:22104:120:False|{55C50C34-8FD5-4108-B735-69EECB16BFD0}
500014266|690002839|20260717|14|22105|1|100|690002839|690002839:14:22105:100:False|{58FDBD52-AC9C-4662-8D0B-6A4B208EE848}
500014266|690002839|20260717|14|22108|1|50|690002839|690002839:14:22108:50:False|{C49B3D5E-3C80-4D6F-9C78-689B71F164BE}
500014266|690002839|20260717|15|30101|2|90|690002839|690002839:15:30101:90:False|{A50676F4-4AA8-4139-82CB-E75B3D34346F}
500014266|690002839|20260717|15|31001|2|60|690002839|690002839:15:31001:60:False|{742606C2-634F-4F3B-9BEB-6F2A1E16AB94}
500014266|690002839|20260717|15|32001|4|100|690002839|690002839:15:32001:100:False|{9FEFE9E2-2428-42CB-A9A6-BEF5B76BB936}
500014266|690002839|20260717|15|32003|1|290|690002839|690002839:15:32003:290:False|{FE0EE1F0-4701-4A91-8B9F-F4D663E2FD64}
500014266|690002839|20260717|15|32008|1|150|690002839|690002839:15:32008:150:False|{831357E6-42AE-483A-BC0B-C90A7916883C}
500014266|690002839|20260717|15|32201|3|40|690002839|690002839:15:32201:40:False|{DB58A044-0DC0-4922-A77B-C76D308C852E}
500014266|690002839|20260717|15|32202|2|40|690002839|690002839:15:32202:40:False|{DE7DD262-BC81-40FF-9484-238838B864B1}
500014266|690002839|20260717|15|32310|2|40|690002839|690002839:15:32310:40:False|{76A306D5-35BD-484C-B078-DAD9AED7A58F}
500014266|690002839|20260717|15|32311|2|40|690002839|690002839:15:32311:40:False|{99C43CB2-0656-498F-B2D1-334DE9105B7D}
500014266|690002839|20260717|15|35002|1|65|690002839|690002839:15:35002:65:False|{F3D4E9E1-4DEF-448A-822A-8B62B6FB2A79}
500014266|690002839|20260717|15|35101|2|250|690002839|690002839:15:35101:250:False|{56688DFE-D997-4DBA-8459-C713437165EA}
500014266|690002839|20260717|15|35105|2|300|690002839|690002839:15:35105:300:False|{8942C270-A292-4A8F-A034-A2F1CD48F701}
500014266|690002839|20260717|15|36506|1|350|690002839|690002839:15:36506:350:False|{41B0C086-1722-410F-9D1F-5BD18E938E6E}
500014266|690002839|20260717|15|37003|1|450|690002839|690002839:15:37003:450:False|{859967F6-618C-41A9-88C8-968075DB124E}
500014266|690002839|20260717|16|41004|3|350|690002839|690002839:16:41004:350:False|{504FBB89-BA5A-4CC0-BEA8-71B2BE6C83EA}
500014266|690002839|20260717|16|43440|1|2200|690002839|690002839:16:43440:2200:False|{4FBE5EA2-47AA-4BAE-BCBE-C42CF7CB3C86}
500014266|690002839|20260717|17|55010|8|300|690002839|690002839:17:55010:300:False|{F18436F0-A3AA-4682-99D5-2B9A6FC5B6C0}
500014266|690002839|20260717|17|55611|1|90|690002839|690002839:17:55611:90:False|{93EABB40-615C-46D4-ACD2-1ED7D18B9102}
500014266|690002839|20260717|17|55820|1|0|690002839|690002839:17:55820:0:False|{3DD05843-8394-461C-BF3E-C26A47D7A4DD}
500014266|690002839|20260717|17|55820|2|100|690002839|690002839:17:55820:100:False|{C855A384-AD42-4159-9BAD-49ABC7FAC70E}
500014266|690002839|20260717|18|52320|1|160|690002839|690002839:18:52320:160:False|{65F619E1-8292-4C52-A8FC-E94E718B238E}
500014266|690002839|20260717|18|52910|1|180|690002839|690002839:18:52910:180:False|{DAB966BD-3B2A-480B-8852-828F2578AF3E}
500010760|690002843|20260717|10|21201|8|1000|690002843|690002843:10:21201:1000:False|{E32AA766-5343-48EB-AE69-1F1C6CD9385B}
500010760|690002843|20260717|15|30101|2|90|690002843|690002843:15:30101:90:False|{D073DC59-38E0-4A3D-B591-2A5C441DB132}
500010760|690002843|20260717|15|31001|1|60|690002843|690002843:15:31001:60:False|{09BA2BBA-97DF-40E5-B9E8-8110905E5D31}
500010760|690002843|20260717|15|32001|2|100|690002843|690002843:15:32001:100:False|{4316E8FD-8C16-4078-912B-263BD1CE40CB}
500010760|690002843|20260717|15|32003|1|290|690002843|690002843:15:32003:290:False|{57339D0C-FA77-433F-A07E-4011C06D94A9}
500010760|690002843|20260717|15|32008|1|150|690002843|690002843:15:32008:150:False|{D8AFE6C5-D568-468A-9BAB-AC874F9E8E90}
500010760|690002843|20260717|15|32201|1|40|690002843|690002843:15:32201:40:False|{B984B0E0-C2B3-430D-8DD4-F983110234F3}
500010760|690002843|20260717|15|32202|1|40|690002843|690002843:15:32202:40:False|{E57BEAF1-352E-4A1E-B096-64C4580A864E}
500010760|690002843|20260717|15|32203|22|40|690002843|690002843:15:32203:40:False|{FB124347-F489-406D-A5BF-87F4E72FB559}
500010760|690002843|20260717|15|35105|2|300|690002843|690002843:15:35105:300:False|{0CABA21F-3F58-4EEA-9A66-254C5167B6E0}
500010760|690002843|20260717|15|36506|2|350|690002843|690002843:15:36506:350:False|{C854565F-505A-4DCA-939A-5CD5170A19FA}
500010760|690002843|20260717|16|41004|2|350|690002843|690002843:16:41004:350:False|{AC109CFA-4700-4A4D-BC13-1772E1893D32}
500010760|690002843|20260717|17|55010|8|300|690002843|690002843:17:55010:300:False|{D55DC9C4-338B-4932-AA36-9B00AB3D62DF}
500010760|690002843|20260717|17|55820|1|100|690002843|690002843:17:55820:100:False|{05320CAE-ADF4-44BA-A616-9ED48A387E35}
500010760|690002843|20260717|17|55824|1|20|690002843|690002843:17:55824:20:False|{3954667B-86B0-4184-9483-9C24BE3DF6BB}
500010760|690002843|20260717|18|52441|1|0|690002843|690002843:18:52441:0:False|{025D01AD-2497-4926-9AE2-4E5DF2A5AAB8}
500008387|690002852|20260717|10|21101|1|400|690002852|690002852:10:21101:400:False|{FCCD3376-9372-4550-B885-52703277A4D3}
500008387|690002852|20260717|10|21201|3|1000|690002852|690002852:10:21201:1000:False|{917CDBF4-0796-4723-B7F9-41994AFA54E3}
500008387|690002852|20260717|15|30101|1|90|690002852|690002852:15:30101:90:False|{6FC2ADA7-FB56-439F-BF84-83BF3C221922}
500008387|690002852|20260717|15|30104|2|30|690002852|690002852:15:30104:30:False|{D45A9656-32A2-4C83-AE52-918A8255547F}
500008387|690002852|20260717|15|30201|2|75|690002852|690002852:15:30201:75:False|{84A68154-357C-4B4F-BDDC-34E655F2A78E}
500008387|690002852|20260717|15|32001|2|100|690002852|690002852:15:32001:100:False|{4B57A9AD-B140-495B-A497-5B592621DBC8}
500008387|690002852|20260717|15|32002|2|195|690002852|690002852:15:32002:195:False|{485717A7-344E-4792-A4D5-D7061BBD7007}
500008387|690002852|20260717|15|32003|1|290|690002852|690002852:15:32003:290:False|{E2749390-90FB-4AEE-80D3-7A51D03AD6C7}
500008387|690002852|20260717|15|32008|2|150|690002852|690002852:15:32008:150:False|{D23C275B-69BB-41B0-B732-D812F17E0A1F}
500008387|690002852|20260717|15|32102|2|40|690002852|690002852:15:32102:40:False|{DDD14579-FD0C-44B2-AB68-C8088E1CCD54}
500008387|690002852|20260717|15|32103|2|40|690002852|690002852:15:32103:40:False|{E4C96E20-4736-4E27-836C-D5AB0626A7ED}
500008387|690002852|20260717|15|32104|2|40|690002852|690002852:15:32104:40:False|{F0BB0885-A9C6-476E-947A-AC588D5B3420}
500008387|690002852|20260717|15|32107|1|50|690002852|690002852:15:32107:50:False|{71FD6D37-5159-485A-A2E3-D1C63D98D2C0}
500008387|690002852|20260717|15|32110|2|400|690002852|690002852:15:32110:400:False|{7781D58E-F638-4821-8B91-F1BDE5E0EEB9}
500008387|690002852|20260717|15|32201|2|40|690002852|690002852:15:32201:40:False|{53A41F34-3F92-4F6C-9022-5A52A9F138B1}
500008387|690002852|20260717|15|32202|2|40|690002852|690002852:15:32202:40:False|{B666F11E-F55E-401B-99EA-9D4E0D8652BA}
500008387|690002852|20260717|15|32203|2|40|690002852|690002852:15:32203:40:False|{C2F8279C-CF77-4183-A475-B009DC0895CB}
500008387|690002852|20260717|15|32204|2|170|690002852|690002852:15:32204:170:False|{9DEC52A3-2347-45B5-BC11-D9C7E149C475}
500008387|690002852|20260717|15|32307|2|260|690002852|690002852:15:32307:260:False|{E0CEB00B-CA74-417D-9468-4CA59635A994}
500008387|690002852|20260717|15|32310|1|40|690002852|690002852:15:32310:40:False|{889615E0-6420-41CD-8E62-2047015BA905}
500008387|690002852|20260717|15|32311|1|40|690002852|690002852:15:32311:40:False|{273E60CF-720B-4909-BAB7-B411475BC338}
500008387|690002852|20260717|16|41004|3|350|690002852|690002852:16:41004:350:False|{EE13D31A-59A0-498B-8E3F-396EC12F575F}
500008387|690002852|20260717|16|43440|1|2200|690002852|690002852:16:43440:2200:False|{9FC544DC-A494-417D-80F7-70464743CF65}
500008387|690002852|20260717|17|55010|4|300|690002852|690002852:17:55010:300:False|{E04A66BF-57A3-40AE-A731-AB008601ABFB}
500008387|690002852|20260717|18|52320|1|160|690002852|690002852:18:52320:160:False|{2353F0AB-1873-4811-AACD-646FAF7D3732}
500008387|690002852|20260717|18|52441|2|0|690002852|690002852:18:52441:0:False|{BE0B33E3-160E-4641-AFF4-27FC2C9B23C1}
500008387|690002852|20260717|9|51410|1|200|690002852|690002852:9:51410:200:False|{D5D781DE-DC95-4A28-97D8-D427795D59BF}
500011207|690002869|20260718|10|21101|2|400|690002869|690002869:10:21101:400:False|{3E2E19D9-10ED-4251-9990-904CADAF1CC3}
500011207|690002869|20260718|10|21201|1|1000|690002869|690002869:10:21201:1000:False|{0224C2EB-B0AA-4C74-BBFA-96FD2B318277}
500011207|690002869|20260718|15|30101|1|90|690002869|690002869:15:30101:90:False|{D163FED4-CB52-41EE-8FB8-B9F1FC82D5A1}
500011207|690002869|20260718|15|32001|1|100|690002869|690002869:15:32001:100:False|{01013017-EB21-49F6-8BBA-A2E38D486B15}
500011207|690002869|20260718|15|32003|1|290|690002869|690002869:15:32003:290:False|{0FC2BF07-F811-48DE-A371-5420E2EFFEAB}
500011207|690002869|20260718|15|32201|1|40|690002869|690002869:15:32201:40:False|{F16EE376-6E1D-4626-BF1D-BBC951E3059D}
500011207|690002869|20260718|15|32202|1|40|690002869|690002869:15:32202:40:False|{8CC41EE2-2AE1-4BC8-9097-903170710D19}
500011207|690002869|20260718|15|32203|1|40|690002869|690002869:15:32203:40:False|{AC401A9A-0AD9-4A0E-97EB-179C25473D43}
500011207|690002869|20260718|16|41004|2|350|690002869|690002869:16:41004:350:False|{94293BDA-90ED-4A64-8047-02A8E2766317}
500011207|690002869|20260718|17|55010|3|300|690002869|690002869:17:55010:300:False|{D4797FF6-92A5-41B6-91AC-2106856F314E}
500011207|690002869|20260718|17|55820|2|100|690002869|690002869:17:55820:100:False|{88E46E9B-4318-4777-A30C-E3E53D1D3BDA}
500011207|690002869|20260718|18|52320|1|160|690002869|690002869:18:52320:160:False|{54B62FE1-F3D6-485B-B77E-4801864413D3}
600083656|690002897|20260720|10|21101|1|400|690002897|690002897:10:21101:400:False|{084F505E-8564-4DAB-A5D3-E7237701E4DE}
600083656|690002897|20260720|15|30101|1|90|690002897|690002897:15:30101:90:False|{F568A7C4-2C84-429E-841B-CE6DEE60717C}
600083656|690002897|20260720|15|31001|1|60|690002897|690002897:15:31001:60:False|{EBC312D4-E790-49C8-A98C-441C6E6EEB02}
600083656|690002897|20260720|15|32001|1|100|690002897|690002897:15:32001:100:False|{17DB802B-1E6F-4E26-A828-C45AB62BA615}
600083656|690002897|20260720|15|32003|1|290|690002897|690002897:15:32003:290:False|{3DFD700B-46EB-49FD-9644-31288D9DC08E}
600083656|690002897|20260720|15|32008|1|150|690002897|690002897:15:32008:150:False|{A9204E14-B179-4B9B-BDB6-0D41A874569A}
600083656|690002897|20260720|15|32106|1|50|690002897|690002897:15:32106:50:False|{05A65F08-BDB6-4C0A-BDEC-ACC5BFB4AACD}
600083656|690002897|20260720|15|32107|1|50|690002897|690002897:15:32107:50:False|{674D7D8C-6B7C-4B1D-A884-993C799DE6A4}
600083656|690002897|20260720|15|32109|1|50|690002897|690002897:15:32109:50:False|{E398848B-D5D6-478D-A8A8-38D412CFD984}
600083656|690002897|20260720|15|32201|1|40|690002897|690002897:15:32201:40:False|{7A19ADA6-12D9-4312-9D75-20B7E25E6A38}
600083656|690002897|20260720|15|32202|1|40|690002897|690002897:15:32202:40:False|{36F7CC1B-F747-4886-9834-A7CBC334A156}
600083656|690002897|20260720|15|32307|1|260|690002897|690002897:15:32307:260:False|{FD7E0782-3B8F-4F6C-874B-BFDB7A7A938A}
600083656|690002897|20260720|15|32608|1|170|690002897|690002897:15:32608:170:False|{18B0AE04-BA5C-4A4E-B199-13E9043FE742}
600083656|690002897|20260720|15|32610|1|150|690002897|690002897:15:32610:150:False|{6E4E52FC-66E4-430C-8D3A-369455DC6B69}
600083656|690002897|20260720|15|32612|1|170|690002897|690002897:15:32612:170:False|{DF43C767-1E3B-4EB4-9488-B93B7B154A56}
600083656|690002897|20260720|15|35105|2|300|690002897|690002897:15:35105:300:False|{701ECEFB-3D64-4BCB-A7D5-538AC71FB4BE}
600083656|690002897|20260720|16|41004|1|350|690002897|690002897:16:41004:350:False|{C9BA5750-4C8F-465B-8397-16B13B28E2E7}
600083656|690002897|20260720|17|55010|1|300|690002897|690002897:17:55010:300:False|{51A05FC7-0ACE-41DA-8FBC-F516078D5D5F}
600083656|690002897|20260720|17|55820|2|100|690002897|690002897:17:55820:100:False|{F5D00F88-F154-4D80-A2EE-32E8FA0F6A1D}
600083656|690002897|20260720|3|S1801|1|500|690002897|690002897:3:S1801:500:False|{8396F854-01B9-4C42-BC62-1CF120B120B4}
600083656|690002897|20260720|3|S1802|150|4|690002897|690002897:3:S1802:4:False|{02827857-94E7-49E4-ABB4-57E28C273A7E}
600083656|690002897|20260720|9|51410|2|200|690002897|690002897:9:51410:200:False|{0803F735-845F-4F17-A49C-1568FC6A9742}
500018076|690002915|20260721|10|21201|2|1000|690002915|690002915:10:21201:1000:False|{B7019B5E-651C-44E0-B22D-0E20572283D7}
500018076|690002915|20260721|15|30101|1|90|690002915|690002915:15:30101:90:False|{B6654339-6F07-4405-9599-18F9BE382F40}
500018076|690002915|20260721|15|32001|3|100|690002915|690002915:15:32001:100:False|{D3199273-DDDE-4FDB-904D-9DA25C85FDF8}
500018076|690002915|20260721|15|32003|1|290|690002915|690002915:15:32003:290:False|{B55CD318-020D-42EF-8E20-8FA478FF77D4}
500018076|690002915|20260721|15|32004|1|200|690002915|690002915:15:32004:200:False|{4700F71A-2FA5-40C0-8FAB-6023FAA137E7}
500018076|690002915|20260721|15|32107|1|50|690002915|690002915:15:32107:50:False|{34DD6863-5B54-487D-9B71-0FDA5CA935FB}
500018076|690002915|20260721|15|32201|2|40|690002915|690002915:15:32201:40:False|{67EF3AF9-7284-4F07-BBD1-B24929A8478D}
500018076|690002915|20260721|15|32202|2|40|690002915|690002915:15:32202:40:False|{5686E3D3-0277-4714-8A20-3B8171843494}
500018076|690002915|20260721|15|32203|1|40|690002915|690002915:15:32203:40:False|{B2295D78-259A-4F53-BE91-B115F2375B92}
500018076|690002915|20260721|15|32307|2|260|690002915|690002915:15:32307:260:False|{DA7A1F1C-6028-47D5-8CA4-894C9CE433A4}
500018076|690002915|20260721|15|32608|1|170|690002915|690002915:15:32608:170:False|{BE164571-6E60-4FCC-8285-637CB2158BD7}
500018076|690002915|20260721|15|32610|1|150|690002915|690002915:15:32610:150:False|{58C85F0C-1546-470F-9BA8-35118D175B8F}
500018076|690002915|20260721|15|32612|1|170|690002915|690002915:15:32612:170:False|{21FDDBA1-9F23-4A3F-BFCE-43603334A07A}
500018076|690002915|20260721|16|41003|1|250|690002915|690002915:16:41003:250:False|{D4867992-C818-4AAB-9269-FF16D6DDCA25}
500018076|690002915|20260721|16|41004|1|350|690002915|690002915:16:41004:350:False|{1CB738D3-62A7-44A4-995B-6E5FC43EC98F}
500018076|690002915|20260721|17|55010|2|300|690002915|690002915:17:55010:300:False|{B76F5DF8-DFE5-49EF-B49E-9F5D1ECA5BD1}
500018076|690002915|20260721|17|55820|1|0|690002915|690002915:17:55820:0:False|{90B8334E-F16E-47F1-A4D4-CFE7D4E70F7B}
500018076|690002915|20260721|9|51410|1|200|690002915|690002915:9:51410:200:False|{6E527548-9AB0-4C41-A7EA-F179AC4B4F5B}
500018076|690002915|20260721|9|51420|1|2000|690002915|690002915:9:51420:2000:False|{3D366567-D73B-4C21-B3DC-DD60AE826E69}
500000261|690002924|20260722|15|32307|1|260|690002924|690002924:15:32307:260:False|{C23C89EB-198D-4C5C-A8DA-4231DFDE4C83}
500028925|690002929|20260722|10|21201|1|1000|690002929|690002929:10:21201:1000:False|{7FE5801C-9097-4ABD-B8A8-75011C77C212}
500028925|690002929|20260722|15|30101|1|90|690002929|690002929:15:30101:90:False|{D09E00B0-9047-4098-8669-6A59D5AFE515}
500028925|690002929|20260722|15|32001|1|100|690002929|690002929:15:32001:100:False|{5038B039-6A18-4E4B-85BB-1448F4DD1943}
500028925|690002929|20260722|15|32003|1|290|690002929|690002929:15:32003:290:False|{63C593D7-5621-4C9D-AC19-B30393920728}
500028925|690002929|20260722|15|32201|1|40|690002929|690002929:15:32201:40:False|{22E27AEB-BAB1-44C2-9F0F-03135F7861DA}
500028925|690002929|20260722|15|32202|1|40|690002929|690002929:15:32202:40:False|{27AD87DD-6127-4521-8CF9-607084427C98}
500028925|690002929|20260722|15|32203|1|40|690002929|690002929:15:32203:40:False|{31EE42B1-9F67-4912-A50C-96621EFE615D}
500028925|690002929|20260722|15|32307|2|260|690002929|690002929:15:32307:260:False|{D108FED4-9228-4287-BA1A-D931458CD29A}
500028925|690002929|20260722|16|41004|1|350|690002929|690002929:16:41004:350:False|{D98D1C1C-05C1-4373-BF81-84AC86CF64B9}
500028925|690002929|20260722|17|55010|1|300|690002929|690002929:17:55010:300:False|{677436EF-F447-4018-B071-E3676806CE18}
500028925|690002929|20260722|17|55820|1|100|690002929|690002929:17:55820:100:False|{E406F7A9-107B-4A1D-8861-8D30816A102C}
500028925|690002929|20260722|9|51410|2|200|690002929|690002929:9:51410:200:False|{190E0DA8-4F23-4A0C-8114-DAEC1B65528D}
500016092|690002944|20260723|10|21201|1|1000|690002944|690002944:10:21201:1000:False|{B653ECBC-4843-41A5-9C7E-D72130280C47}
500016092|690002944|20260723|15|30101|1|90|690002944|690002944:15:30101:90:False|{253B8E78-7253-48AF-88CC-8407545F998D}
500016092|690002944|20260723|15|30201|2|75|690002944|690002944:15:30201:75:False|{B3AD3C74-F3CD-4B09-8366-8DE10A78BDC6}
500016092|690002944|20260723|15|30204|4|50|690002944|690002944:15:30204:50:False|{FBD2D907-A937-4E16-AA5C-7D9C2BE71942}
500016092|690002944|20260723|15|32001|1|100|690002944|690002944:15:32001:100:False|{FC9FB07B-4285-44BC-B8CC-795344C4088C}
500016092|690002944|20260723|15|32003|1|290|690002944|690002944:15:32003:290:False|{A2E4AF8C-8394-496E-A33A-4D6D68D444CF}
500016092|690002944|20260723|15|32201|1|40|690002944|690002944:15:32201:40:False|{60186F92-0C37-4EFE-BED3-6404C541E9F9}
500016092|690002944|20260723|15|32202|1|40|690002944|690002944:15:32202:40:False|{4651A3D3-9568-497B-8F88-0ED5C2FDF9A2}
500016092|690002944|20260723|17|55010|1|300|690002944|690002944:17:55010:300:False|{F973D642-142E-4251-B1C4-1624080BCDA1}
500016092|690002944|20260723|17|55811|1|0|690002944|690002944:17:55811:0:False|{0D77D700-404A-47A2-A9F1-C51074D6ED5F}
500016092|690002944|20260723|17|55820|1|100|690002944|690002944:17:55820:100:False|{C9A07FE6-FCF0-47AC-BD18-66BFAF0C538F}
500022927|690002951|20260723|10|21201|4|1000|690002951|690002951:10:21201:1000:False|{5CC6F1A1-6933-4EF9-B89B-84A9C68B1768}
500022927|690002951|20260723|15|30101|2|90|690002951|690002951:15:30101:90:False|{F3ED1E82-AC1D-45E0-9394-5126D1331CA3}
500022927|690002951|20260723|15|31001|2|60|690002951|690002951:15:31001:60:False|{AAE19280-58C0-4D14-B6B9-E3B9058C2A3F}
500022927|690002951|20260723|15|32001|2|100|690002951|690002951:15:32001:100:False|{BAF95774-5610-4289-93D1-8CD29716A561}
500022927|690002951|20260723|15|32003|1|290|690002951|690002951:15:32003:290:False|{6EEEAA8D-B222-4820-A276-C8D7BF69111A}
500022927|690002951|20260723|15|32008|1|150|690002951|690002951:15:32008:150:False|{816AE990-FB2E-4F01-9C0B-BCE0CEDA12DE}
500022927|690002951|20260723|15|32201|1|40|690002951|690002951:15:32201:40:False|{11AB6DDE-7C6A-4A1B-A8D0-2E125030348C}
500022927|690002951|20260723|15|32202|1|40|690002951|690002951:15:32202:40:False|{D39C1E85-5590-4DC8-A11D-3B7FA4D30BFD}
500022927|690002951|20260723|15|35105|2|300|690002951|690002951:15:35105:300:False|{78CFA158-C06A-417C-86E7-825EE1692E0E}
500022927|690002951|20260723|15|36506|1|350|690002951|690002951:15:36506:350:False|{F8A8C330-20FC-451A-AD80-63B8BF779457}
500022927|690002951|20260723|16|41004|1|350|690002951|690002951:16:41004:350:False|{F4E51C0D-8896-4B58-ADBD-E2FCCCD0426B}
500022927|690002951|20260723|17|55010|4|300|690002951|690002951:17:55010:300:False|{F4974382-492A-44E9-A8D6-E6036D9869A5}
500022927|690002951|20260723|17|55820|1|100|690002951|690002951:17:55820:100:False|{BC586754-FA59-4B07-B5C7-266964183B31}
500022927|690002951|20260723|9|51410|1|200|690002951|690002951:9:51410:200:False|{91CDACA1-BA3B-4E0D-B01D-74390E04AA67}
580078918|690002958|20260724|10|21201|2|1000|690002958|690002958:10:21201:1000:False|{FFFFF403-25D9-428E-B030-99E6C3402CF0}
580078918|690002958|20260724|15|30101|1|90|690002958|690002958:15:30101:90:False|{76192BFA-4A97-4582-8CAA-46C65CB007A8}
580078918|690002958|20260724|15|30201|2|75|690002958|690002958:15:30201:75:False|{7A0C7B26-47A4-4CBB-8A91-BB4B4B8F5548}
580078918|690002958|20260724|15|31001|1|60|690002958|690002958:15:31001:60:False|{1D748D5E-DC8A-408E-BCB0-19FFCCE9D978}
580078918|690002958|20260724|15|32001|1|100|690002958|690002958:15:32001:100:False|{BF58D8EA-212B-4426-91FD-624F90CA7394}
580078918|690002958|20260724|15|32003|1|290|690002958|690002958:15:32003:290:False|{C85176BE-8798-4128-82B3-122DD0830A38}
580078918|690002958|20260724|15|32106|1|50|690002958|690002958:15:32106:50:False|{6323C2FE-B663-461F-92FD-115B96695A61}
580078918|690002958|20260724|15|32107|1|50|690002958|690002958:15:32107:50:False|{15BA6D04-D247-4C65-B285-D7E7C90818AC}
580078918|690002958|20260724|15|32109|1|50|690002958|690002958:15:32109:50:False|{FA4D06F5-7760-4A69-99EE-DE6A17FA63F6}
580078918|690002958|20260724|15|32201|1|40|690002958|690002958:15:32201:40:False|{55EA927D-39A7-4242-BF48-FAB221C87CCD}
580078918|690002958|20260724|15|32202|1|40|690002958|690002958:15:32202:40:False|{3A4086A6-4B53-4F62-8FBA-5527D0E04C4E}
580078918|690002958|20260724|15|32203|7|40|690002958|690002958:15:32203:40:False|{E9881E2E-D88B-41C4-A666-8BBF498698D6}
580078918|690002958|20260724|16|41003|1|250|690002958|690002958:16:41003:250:False|{223E1342-7E47-4A67-B9CC-CCD4D2CC3B7B}
580078918|690002958|20260724|16|44101|1|3500|690002958|690002958:16:44101:3500:False|{CABA0537-DD5A-4184-8123-1D782AE9DB1E}
580078918|690002958|20260724|17|55010|2|300|690002958|690002958:17:55010:300:False|{C87D2DD8-6BA3-4F72-AFA1-5D30AD6607D1}
580078918|690002958|20260724|17|55820|1|100|690002958|690002958:17:55820:100:False|{2D39064A-BE19-4464-911E-FB190CEE984B}
580078918|690002958|20260724|18|52441|1|0|690002958|690002958:18:52441:0:False|{B06CF26E-E001-4505-B16F-1FA5FC2659F9}
580078918|690002958|20260724|9|51410|1|200|690002958|690002958:9:51410:200:False|{02C69BEF-6CA0-48F6-9CEA-C1418AECCAD3}
500013856|690002968|20260724|10|21101|1|400|690002968|690002968:10:21101:400:False|{F07D299E-A41A-4A2A-82FE-5908174D2F31}
500013856|690002968|20260724|10|21201|3|1000|690002968|690002968:10:21201:1000:False|{8FE146C2-DEB3-41C4-9367-D1A6F3AB4984}
500013856|690002968|20260724|15|30101|1|90|690002968|690002968:15:30101:90:False|{A1DB7E1B-D360-49F8-BC9B-1B6462C5EEA4}
500013856|690002968|20260724|15|32001|1|100|690002968|690002968:15:32001:100:False|{F6F52CF5-91B4-4B3D-A944-D136F642794F}
500013856|690002968|20260724|15|32003|1|290|690002968|690002968:15:32003:290:False|{7FDDB352-6727-42FC-ADF1-1D235491B276}
500013856|690002968|20260724|15|32008|1|150|690002968|690002968:15:32008:150:False|{782C1AEA-6FDD-40F9-A50E-156E8CDF1834}
500013856|690002968|20260724|15|32201|1|40|690002968|690002968:15:32201:40:False|{E28A1647-5111-4E5D-B135-3268E515F9EB}
500013856|690002968|20260724|15|32202|1|40|690002968|690002968:15:32202:40:False|{069940A2-A876-420B-8D26-610CC3F41437}
500013856|690002968|20260724|15|32203|1|40|690002968|690002968:15:32203:40:False|{1106FE79-C1E4-4B6C-A00F-C8F09903EAB0}
500013856|690002968|20260724|15|35105|2|300|690002968|690002968:15:35105:300:False|{D82FEBBB-987F-44DF-A6E0-BAA6930052B5}
500013856|690002968|20260724|16|41004|1|350|690002968|690002968:16:41004:350:False|{7A65E85E-AB3D-4F36-AF8D-AA6BCE3FA567}
500013856|690002968|20260724|17|55010|4|300|690002968|690002968:17:55010:300:False|{F7ECB8F4-58D1-451B-9350-55073165A50B}
500013856|690002968|20260724|17|55820|1|100|690002968|690002968:17:55820:100:False|{80B1CA62-D393-4C67-BDD5-ABFBDC7683F5}
500013856|690002968|20260724|18|52441|1|0|690002968|690002968:18:52441:0:False|{B26D2448-7497-48B0-A0CB-7BE3943DE8EE}
500013856|690002968|20260724|9|51410|1|200|690002968|690002968:9:51410:200:False|{8DE491CD-D291-4C35-AB98-3E780638A94F}
500001140|690002996|20260727|10|21101|1|400|690002996|690002996:10:21101:400:False|{64BBAAE6-8007-435F-BAA9-371FE18FAC42}
500001140|690002996|20260727|15|30101|1|90|690002996|690002996:15:30101:90:False|{6133FE9E-A33F-4438-A79E-19D592C3AE39}
500001140|690002996|20260727|15|32001|2|100|690002996|690002996:15:32001:100:False|{DFF67D0A-6466-4C68-86AB-7A3A89157ED4}
500001140|690002996|20260727|15|32106|1|50|690002996|690002996:15:32106:50:False|{9790DCD4-1C8A-4E5C-BA91-5E493DD27247}
500001140|690002996|20260727|15|32107|1|50|690002996|690002996:15:32107:50:False|{AA5700D3-685D-469C-BC81-0599D866EF87}
500001140|690002996|20260727|15|32109|1|50|690002996|690002996:15:32109:50:False|{337AC9D0-722C-45F4-8D30-5FB26C0BB09C}
500001140|690002996|20260727|15|32201|1|40|690002996|690002996:15:32201:40:False|{151D0928-20E3-4750-8A87-FBA3FB6E1FDD}
500001140|690002996|20260727|15|32202|1|40|690002996|690002996:15:32202:40:False|{97ACE7FB-F033-4415-B74D-D3CC0511324F}
500001140|690002996|20260727|16|41003|1|250|690002996|690002996:16:41003:250:False|{73D27774-C862-44A7-B7E3-C75FB0102396}
500001140|690002996|20260727|17|55010|1|300|690002996|690002996:17:55010:300:False|{6F9D88B5-6CBE-4FE8-89E2-7CB1ADEF1520}
500001140|690002996|20260727|17|55820|3|100|690002996|690002996:17:55820:100:False|{D915C8DE-B721-4216-879E-0FF79EBA150E}
500001140|690002996|20260727|9|51410|4|200|690002996|690002996:9:51410:200:False|{D6B56C7D-E4BF-430A-9334-60B89456CA5F}
690097916|690003008|20260728|10|21101|1|400|690003008|690003008:10:21101:400:False|{01729CF8-6AAE-4208-A970-2A0C03A6D392}
690097916|690003008|20260728|15|30101|1|90|690003008|690003008:15:30101:90:False|{63B17D6F-F7B8-4A0E-BA09-F1BFAA54024C}
690097916|690003008|20260728|15|32001|1|100|690003008|690003008:15:32001:100:False|{C9089183-5251-4454-B9A7-CF7035A47133}
690097916|690003008|20260728|15|32003|1|290|690003008|690003008:15:32003:290:False|{BCB95088-9496-4E39-A030-4EA3C1208702}
690097916|690003008|20260728|15|32008|1|150|690003008|690003008:15:32008:150:False|{7CD4341E-E0A6-4A0D-9230-9C9C106ACC6D}
690097916|690003008|20260728|15|32106|1|50|690003008|690003008:15:32106:50:False|{A81E6804-5B26-451C-A36A-195D55FD8F61}
690097916|690003008|20260728|15|32107|1|50|690003008|690003008:15:32107:50:False|{5D3AB3FB-B858-41C8-B852-140B8595AA61}
690097916|690003008|20260728|15|32109|1|50|690003008|690003008:15:32109:50:False|{BABBBF1C-BC56-4C13-9D2E-9EE40C6D11BA}
690097916|690003008|20260728|15|32201|1|40|690003008|690003008:15:32201:40:False|{A80274AB-B7B9-4387-86B5-76BBA40DF03E}
690097916|690003008|20260728|15|32202|1|40|690003008|690003008:15:32202:40:False|{D3C49A1F-09EF-4AB1-B3AD-FED8C77782DD}
690097916|690003008|20260728|16|41003|1|250|690003008|690003008:16:41003:250:False|{06DE21AF-DEDA-453E-A4D4-947676964A75}
690097916|690003008|20260728|16|44101|1|3500|690003008|690003008:16:44101:3500:False|{69D73D3C-226A-408A-AAB8-3A889FE48EE0}
690097916|690003008|20260728|17|55010|1|300|690003008|690003008:17:55010:300:False|{0D6E8F63-915D-431C-A430-E978AA583D5A}
690097916|690003008|20260728|17|55820|1|100|690003008|690003008:17:55820:100:False|{0D3C5763-95C7-4312-81CE-5D6C62AFAD87}
690097916|690003008|20260728|9|51410|1|200|690003008|690003008:9:51410:200:False|{39949156-9AE6-4D94-9CF7-D80061CE3D27}
690097921|690003017|20260728|10|21201|1|1000|690003017|690003017:10:21201:1000:False|{E1C838B8-F73C-4A3F-B6FE-06F817D3FD18}
690097921|690003017|20260728|15|30101|1|90|690003017|690003017:15:30101:90:False|{20696264-D8D6-4E6B-89C5-2933F9A87B10}
690097921|690003017|20260728|15|32001|1|100|690003017|690003017:15:32001:100:False|{6615F3E6-29E0-439D-BB17-F9F83D8D72C8}
690097921|690003017|20260728|15|32003|1|290|690003017|690003017:15:32003:290:False|{5897641D-9C95-4D02-8B35-06E1CBFBE257}
690097921|690003017|20260728|15|32201|1|40|690003017|690003017:15:32201:40:False|{14E888B3-5613-4FBE-8287-1A2F3C48CBB6}
690097921|690003017|20260728|15|32202|1|40|690003017|690003017:15:32202:40:False|{5F80EE61-92A5-4AAA-AA13-8BEA5218110C}
690097921|690003017|20260728|15|32203|1|40|690003017|690003017:15:32203:40:False|{01B4DB89-F908-4DFD-B874-77B4F2B4BB5F}
690097921|690003017|20260728|16|41003|1|250|690003017|690003017:16:41003:250:False|{24ADFCFC-B630-4147-8226-D28218D1BDD3}
690097921|690003017|20260728|17|55010|1|300|690003017|690003017:17:55010:300:False|{392F22B2-2CE5-4EA6-AD58-F726110C3D0D}
690097921|690003017|20260728|17|55820|1|100|690003017|690003017:17:55820:100:False|{D4AF49B3-F1F7-4B75-B842-85CCAB0C9833}
500018063|690003030|20260729|10|21201|2|1000|690003030|690003030:10:21201:1000:False|{69732266-5A8A-46A9-A212-A24F50625886}
500018063|690003030|20260729|15|30101|1|90|690003030|690003030:15:30101:90:False|{E96E4ADF-E172-4B8E-8944-6A8AA15AA604}
500018063|690003030|20260729|15|30104|1|30|690003030|690003030:15:30104:30:False|{DB323C51-A024-44BF-AC23-38C53F4E30FE}
500018063|690003030|20260729|15|30201|2|75|690003030|690003030:15:30201:75:False|{7D4DD6D5-9897-422F-9CD1-76B762823489}
500018063|690003030|20260729|15|32001|2|100|690003030|690003030:15:32001:100:False|{ECFC9FF6-BDA3-4CBA-91BF-5E455CF2E95B}
500018063|690003030|20260729|15|32002|1|195|690003030|690003030:15:32002:195:False|{2E8DFCF3-266A-4714-9268-7DADAA36346E}
500018063|690003030|20260729|15|32003|1|290|690003030|690003030:15:32003:290:False|{ACCF4E67-C423-4683-8C9E-987B0978A07E}
500018063|690003030|20260729|15|32008|1|150|690003030|690003030:15:32008:150:False|{81777F4A-BAEC-41C6-B88A-7B5D9FF2DDD0}
500018063|690003030|20260729|15|32102|1|40|690003030|690003030:15:32102:40:False|{47439FDD-610E-4F29-92FF-68DD792257C5}
500018063|690003030|20260729|15|32103|1|40|690003030|690003030:15:32103:40:False|{A32C2EE8-01B6-424A-9820-308F1606F3F9}
500018063|690003030|20260729|15|32104|1|40|690003030|690003030:15:32104:40:False|{0ACDD4E2-68B8-444D-AAE7-0E51DA202DDE}
500018063|690003030|20260729|15|32110|1|400|690003030|690003030:15:32110:400:False|{8ABEC293-9C95-408E-9C0A-8B94CBA2B2EA}
500018063|690003030|20260729|15|32201|1|40|690003030|690003030:15:32201:40:False|{A04AD393-928A-45F2-947A-5F07BCD7A83E}
500018063|690003030|20260729|15|32202|1|40|690003030|690003030:15:32202:40:False|{80071885-4E05-428B-A37F-AD8A86C83103}
500018063|690003030|20260729|15|32203|4|40|690003030|690003030:15:32203:40:False|{D96F3BBD-0EEF-4FEA-87F8-736C94B6F9B6}
500018063|690003030|20260729|15|32204|1|170|690003030|690003030:15:32204:170:False|{4916A3A1-09C1-4F2F-8DE5-C20879A6BD38}
500018063|690003030|20260729|16|41003|3|250|690003030|690003030:16:41003:250:False|{E8E77E6C-9D96-4835-A683-99B709C7D262}
500018063|690003030|20260729|17|55010|2|300|690003030|690003030:17:55010:300:False|{5F75F3EB-F4E5-4E1E-8C7F-749E358A9F58}
500018063|690003030|20260729|17|55820|1|0|690003030|690003030:17:55820:0:False|{68DB110F-10B2-4A7F-B62B-4B150B43D505}
500018063|690003030|20260729|9|51410|1|200|690003030|690003030:9:51410:200:False|{F440940F-ABF6-4015-B9F6-C4968A69C92A}
500000366||20260701|15|32103|1|40|690701000001|690701000001:15:32103:40|{D894711A-2429-4C4A-8072-7945384FEE57}
500000366||20260701|15|32203|1|40|690701000001|690701000001:15:32203:40|{02CAD8C5-714F-446D-AE0C-09B3B77B9900}
500000366||20260701|17|55021|1|50|690701000001|690701000001:17:55021:50|{3A797A3E-65A2-4FEE-9BC5-EE1316D8E9AD}
500000366||20260701|18|52441|1|0|690701000001|690701000001:18:52441:0|{E33C6372-3D23-481C-BA30-60D4F603C390}
500000366||20260701|19|71220|1|50|690701000001|690701000001:19:71220:50|{76B44251-69C4-4158-AE02-EE36EED15023}
500019844||20260701|15|32203|1|40|690701000012|690701000012:15:32203:40|{E736DB3B-E133-4373-8F42-A339D21ED2A5}
500019844||20260701|17|55021|1|50|690701000012|690701000012:17:55021:50|{86644816-40F1-4923-950F-FFB7F4220C9F}
500019844||20260701|17|55824|1|20|690701000012|690701000012:17:55824:20|{00D4F01F-CA1C-466F-8293-80D5142D6674}
500019844||20260701|18|52441|1|0|690701000012|690701000012:18:52441:0|{FFD06CBF-4925-4E08-A2EA-824E7D21FBA4}
500019844||20260701|19|71220|1|50|690701000012|690701000012:19:71220:50|{012C6098-790B-4BC7-AED4-F0A9CCE45E0E}
500018234||20260701|15|32201|1|40|690701000017|690701000017:15:32201:40|{CA3C8F24-2198-454A-94B8-194323C58053}
500018234||20260701|15|32202|1|40|690701000017|690701000017:15:32202:40|{5B8CEE9E-34E0-4751-AE3F-B45FC9DC9867}
500018234||20260701|15|32203|1|40|690701000017|690701000017:15:32203:40|{B023B254-56D8-4585-A349-10A28C52D82A}
500018234||20260701|17|55021|1|50|690701000017|690701000017:17:55021:50|{60668882-5198-4139-864F-5331DB47B4E4}
500018234||20260701|18|52441|1|0|690701000017|690701000017:18:52441:0|{D5CC60CB-EE02-4B59-81B2-8C385BCF3A45}
500018234||20260701|19|71220|1|50|690701000017|690701000017:19:71220:50|{83D60725-00E8-4250-BC31-CCE3166F4335}
500059449||20260701|11||10|3|690701000030|690701000030:11::3|{77966863-99C8-4ECD-90EB-970CC61C4C0E}
500059449||20260701|15|32203|1|40|690701000030|690701000030:15:32203:40|{E57744ED-16DA-4781-BA28-6FD94A131597}
500059449||20260701|17|55021|1|50|690701000030|690701000030:17:55021:50|{23EB929B-94EC-4FC6-91F5-8FE3C3428635}
500059449||20260701|18|52441|1|0|690701000030|690701000030:18:52441:0|{5CB8549E-C5C2-42D3-A4ED-4950FBB3751F}
500059449||20260701|19|71220|1|50|690701000030|690701000030:19:71220:50|{BBC5244B-D4CC-415B-AA01-168146C91CCD}
500010760||20260701|15|32203|1|40|690701000036|690701000036:15:32203:40|{5FE81F28-3F12-4396-AA19-9ED890CC1741}
500010760||20260701|17|55021|1|50|690701000036|690701000036:17:55021:50|{7A3055D0-E9F9-45D6-8D03-3BA650373B39}
500010760||20260701|18|52441|1|0|690701000036|690701000036:18:52441:0|{DC2941D1-DB1A-4DBD-875A-412D4CD55120}
500010760||20260701|19|71220|1|50|690701000036|690701000036:19:71220:50|{D22F3E1D-6E82-4387-A616-81C2C2B64A32}
500028811||20260701|11||2|0|690701000038|690701000038:11::0|{B373C77D-40E1-43E4-ABE5-B20D13B43010}
500028811||20260701|15|32004|1|200|690701000038|690701000038:15:32004:200|{B6273779-C918-4F9F-9FAD-A3DE36544471}
500028811||20260701|17|55021|1|50|690701000038|690701000038:17:55021:50|{2575BE80-895F-4A86-B28A-CE9C307E0550}
500028811||20260701|18|52441|1|0|690701000038|690701000038:18:52441:0|{68A2CF26-F332-4D9E-8977-9C4D6A2217AA}
500027529||20260701|17|55811|1|140|690701000055|690701000055:17:55811:140|{BB64C1A0-826C-4A10-A5CF-187E349B7891}
500055810||20260701|17|55811|1|140|690701000056|690701000056:17:55811:140|{01E2D73A-DACE-41F9-A814-09FA7C1344ED}
500024299||20260701|11||2|0|690701000062|690701000062:11::0|{B5CA4845-22F0-479C-96C2-DBE14AA01571}
500024299||20260701|15|32203|1|40|690701000062|690701000062:15:32203:40|{CB99F6F4-BB89-4E9A-B267-424107D75D26}
500024299||20260701|15|32401|1|150|690701000062|690701000062:15:32401:150|{FC9704C1-D69E-4DE0-91C8-7A28C9EBF99E}
500024299||20260701|17|55021|1|50|690701000062|690701000062:17:55021:50|{D786F8E9-3CF8-4CF1-A5AB-0300178A6512}
500024299||20260701|18|52441|1|0|690701000062|690701000062:18:52441:0|{24B053B6-143C-49EF-BBCD-690225376EA3}
500024299||20260701|19|71220|1|50|690701000062|690701000062:19:71220:50|{17E6D1FB-30F1-426C-B1D2-695E1ED5E9CC}
500001045||20260701|15|30104|1|30|690701000065|690701000065:15:30104:30|{F387EFFC-E156-4976-BD37-CC3604FB1815}
500001045||20260701|15|32001|1|100|690701000065|690701000065:15:32001:100|{A54816E2-7CA5-4158-A079-26E2D26C1FA5}
500001045||20260701|15|32004|1|200|690701000065|690701000065:15:32004:200|{EFB96E34-9320-486D-BDCF-610F2348746E}
500001045||20260701|15|32106|1|50|690701000065|690701000065:15:32106:50|{FF840C6D-BC65-478B-8BA0-F11D6FBC87C2}
500001045||20260701|15|32107|1|50|690701000065|690701000065:15:32107:50|{8EC8098B-FAEE-4ED0-8F4C-DBF730278F55}
500001045||20260701|15|32109|1|50|690701000065|690701000065:15:32109:50|{85BFE8C5-157E-496D-9A3D-BC35E0814856}
500001045||20260701|15|32202|1|40|690701000065|690701000065:15:32202:40|{CDD6D544-542D-4229-91F5-0D7E08B2723C}
500001045||20260701|15|32203|1|40|690701000065|690701000065:15:32203:40|{CF41BAB6-E102-4E2C-940A-DF0E88B1554D}
500001045||20260701|15|32205|1|60|690701000065|690701000065:15:32205:60|{8D9E4767-D847-4A28-99A0-633A212EB230}
500001045||20260701|17|55021|1|50|690701000065|690701000065:17:55021:50|{23DD8471-919D-410E-9298-3E453CFB2ACF}
500001045||20260701|18|52441|1|0|690701000065|690701000065:18:52441:0|{B041AFAD-80C9-4FF1-803F-CDDC718BF0A1}
500001045||20260701|19|71220|1|50|690701000065|690701000065:19:71220:50|{C1D65A58-8DE2-4F51-97F4-DB1E6D7C6D3F}
500017526||20260701|15|30101|1|90|690701000066|690701000066:15:30101:90|{5E83AC55-ED75-483C-B2C6-C4F7A3EF2422}
500017526||20260701|15|32001|1|100|690701000066|690701000066:15:32001:100|{2AD517DA-F218-4E6B-85C2-35209354E7A8}
500017526||20260701|15|32004|1|200|690701000066|690701000066:15:32004:200|{F5AB21E6-B147-4EC9-9CCC-1B5F6B7AA869}
500017526||20260701|15|32106|1|50|690701000066|690701000066:15:32106:50|{509CF5BC-C7AB-4450-924E-BD71B4B69BAC}
500017526||20260701|15|32107|1|50|690701000066|690701000066:15:32107:50|{E82468E4-9806-4E21-8138-680F2A726D6D}
500017526||20260701|15|32109|1|50|690701000066|690701000066:15:32109:50|{F1F94F46-BF9F-48C8-AEBC-66BAAF07DC50}
500017526||20260701|15|32202|1|40|690701000066|690701000066:15:32202:40|{E37CF100-F6EC-4AF5-838A-F18A6EEAAFAE}
500017526||20260701|15|32203|1|40|690701000066|690701000066:15:32203:40|{676C22BA-2459-464F-88FA-879A568E15B6}
500017526||20260701|15|32205|1|60|690701000066|690701000066:15:32205:60|{26454FD6-241E-4115-B6C2-B120DC6D3CFB}
500017526||20260701|17|55021|1|50|690701000066|690701000066:17:55021:50|{23F04882-CFCD-401F-9182-FE9CEC448C0E}
500017526||20260701|18|52441|1|0|690701000066|690701000066:18:52441:0|{54F4E609-2857-499A-A395-977F062064AA}
500017526||20260701|19|71220|1|50|690701000066|690701000066:19:71220:50|{CD742401-1F57-41EE-870C-D9853CBC1511}
500022976||20260701|15|30104|1|30|690701000070|690701000070:15:30104:30|{6B532C5E-23B0-42C8-B501-02A71E7FB7D1}
500022976||20260701|15|32201|1|40|690701000070|690701000070:15:32201:40|{C853DD6B-CD7F-4B2C-BA5E-1A957C5CCD11}
500022976||20260701|15|32202|1|40|690701000070|690701000070:15:32202:40|{C031D400-F0A6-4126-A211-68A63D225A58}
500022976||20260701|17|55021|1|50|690701000070|690701000070:17:55021:50|{EA2FF7C8-F980-4D96-9A31-1A803CC6E4F3}
500022976||20260701|18|52441|1|0|690701000070|690701000070:18:52441:0|{C2EA8D4C-F2A6-4B64-8DAC-6F3C514E8C1E}
500022976||20260701|19|71220|1|50|690701000070|690701000070:19:71220:50|{67C88D4C-876A-4754-9FEB-CA8D86A47576}
500034076||20260701|15|32203|1|40|690701000073|690701000073:15:32203:40|{E40EED4F-C294-4533-BF96-C88BFC5E4938}
500034076||20260701|17|55021|1|50|690701000073|690701000073:17:55021:50|{F57DDD33-984C-41AB-B91B-07B0D4800B3D}
500034076||20260701|18|52441|1|0|690701000073|690701000073:18:52441:0|{7EC8876A-37A9-48D6-B366-AC849CE37BC9}
500034076||20260701|19|71220|1|50|690701000073|690701000073:19:71220:50|{3386C212-D63E-4A72-9145-EA86A3F0B302}
500026094||20260701|15|32004|1|200|690701000100|690701000100:15:32004:200|{DEE90792-F7C5-4037-809D-DCF1FA1B23AE}
500026094||20260701|17|55021|1|50|690701000100|690701000100:17:55021:50|{017D2C39-200B-423F-BEAB-F2C4F09C9594}
500012008||20260701|15|32203|1|40|690701000103|690701000103:15:32203:40|{5FDDBFE7-6D47-4E18-9B86-913C48C2F4E9}
500012008||20260701|15|32205|1|60|690701000103|690701000103:15:32205:60|{0BD23DFD-8A81-4973-9A0C-D8FF9D3A525B}
500012008||20260701|17|55021|1|50|690701000103|690701000103:17:55021:50|{1F2C177E-EC9F-4340-98F7-32F6BD4E8FA9}
500015345||20260701|15|30101|1|90|690701000115|690701000115:15:30101:90|{BDFFE968-735E-452B-B363-1396589D641C}
500015345||20260701|15|31001|1|60|690701000115|690701000115:15:31001:60|{20F36EF1-17D0-4F90-A7D9-356242E95FC9}
500015345||20260701|15|32004|1|200|690701000115|690701000115:15:32004:200|{C3BF45E7-2523-43A1-BC6C-7068E2E1C477}
500015345||20260701|15|32201|1|40|690701000115|690701000115:15:32201:40|{8C275485-DA53-4D8B-963C-C900C67D2C8D}
500015345||20260701|15|32202|1|40|690701000115|690701000115:15:32202:40|{EC7AAB31-2477-48A0-86DC-052876C716C6}
500015345||20260701|15|32203|1|40|690701000115|690701000115:15:32203:40|{F6EA2ED8-39B1-46C0-B91F-C60AC2D28849}
500015345||20260701|15|32205|1|60|690701000115|690701000115:15:32205:60|{CD92D2EB-5528-4C98-A52E-B83B251590D8}
500015345||20260701|15|32309|1|40|690701000115|690701000115:15:32309:40|{10165569-81ED-46A9-BF42-B4A352B205DA}
500015345||20260701|15|32310|1|40|690701000115|690701000115:15:32310:40|{AE3403B2-7E69-47B2-874E-CB6A2C057607}
500015345||20260701|15|32311|1|40|690701000115|690701000115:15:32311:40|{1E6F1776-AE51-454D-A836-EE0B52BA8FC1}
500015345||20260701|16|41003|1|250|690701000115|690701000115:16:41003:250|{CD264982-E79B-408B-B964-912DE988FFD8}
500015345||20260701|17|55020|1|50|690701000115|690701000115:17:55020:50|{4DCF9B29-7C85-4381-80F3-E2A45A1C74BB}
500015345||20260701|9|51410|1|200|690701000115|690701000115:9:51410:200|{ED01A509-F15C-4735-8B2C-C85BD2D79B1F}
500010683||20260701|16|41003|1|250|690701000116|690701000116:16:41003:250|{827537C0-DC41-4335-B521-F2EAF1BDAEA4}
500010683||20260701|17|55020|1|50|690701000116|690701000116:17:55020:50|{C78BFBC0-2A8F-427B-A53C-6E1517668450}
500010683||20260701|18|52441|1|0|690701000116|690701000116:18:52441:0|{21D61187-78CE-4491-BE13-52E10949EF60}
500048222||20260701|12|62102|1|350|690701000127|690701000127:12:62102:350|{89E575BB-A1D2-47BE-94BC-359DC444D776}
500048222||20260701|12|62501|1|130|690701000127|690701000127:12:62501:130|{4C43F6A9-EC20-4B45-BF33-491EE06CC88D}
500048222||20260701|12|62508|2|1000|690701000127|690701000127:12:62508:1000|{F895EFC8-2751-4380-AF1F-203D053FF909}
500048222||20260701|16|41202|1|80|690701000127|690701000127:16:41202:80|{6E81BC75-CECE-4A26-B37C-44E8F3C45AEE}
500048222||20260701|17|55020|1|50|690701000127|690701000127:17:55020:50|{02130DC2-0901-45B5-8770-EFDA41D2757C}
500000665||20260701|15|30101|1|90|690701000131|690701000131:15:30101:90|{B59979CB-A5E7-4524-91CA-1E56DF67C64E}
500000665||20260701|15|31001|1|60|690701000131|690701000131:15:31001:60|{7C621E2D-53DE-4422-8264-5E112AA5FAC8}
500000665||20260701|15|32001|1|100|690701000131|690701000131:15:32001:100|{6F3F25AF-8D82-48C5-A5A2-AC99EB004302}
500000665||20260701|15|32201|1|40|690701000131|690701000131:15:32201:40|{F50CCB7E-9536-4534-A996-948E475932FF}
500000665||20260701|15|32202|1|40|690701000131|690701000131:15:32202:40|{96D4BA9B-0A63-4141-9BFB-FE0251392FD0}
500000665||20260701|17|55020|1|50|690701000131|690701000131:17:55020:50|{374A0926-1221-4AB6-A428-D82E97C8AFE4}
630088525||20260701|17|55020|1|50|690701000137|690701000137:17:55020:50|{A6FF22DF-26AE-4A12-93C9-D71FBF1AE6BC}
630088525||20260701|20|XXX14|1|100|690701000137|690701000137:20:XXX14:100|{0844A55E-740A-4D9F-A6B6-81B07FC8CF85}
630088525||20260701|20|XXX14|3|500|690701000137|690701000137:20:XXX14:500|{AC456467-3126-47FB-8E74-8C532310D0C5}
630088525||20260701|20|XXX14|1|80|690701000137|690701000137:20:XXX14:80|{5C29EBAC-F358-4545-9FF8-B99BB5DC71CB}
680096159||20260701|17|55020|1|50|690701000141|690701000141:17:55020:50|{E1AD48D5-6D6F-4AE4-914C-241DD26FF075}
500003292||20260701|12|62101|1|200|690701000144|690701000144:12:62101:200|{D6471FBB-3F41-4450-A891-AB43D79CAE00}
500003292||20260701|12|XXX13|2|0|690701000144|690701000144:12:XXX13:0|{D6A82D2C-90AE-4DF4-9174-4A8550FF2DF5}
500003292||20260701|17|55020|1|50|690701000144|690701000144:17:55020:50|{9DACA568-4A54-4815-AC40-E5325207B0AE}
500005366||20260701|17|55020|1|50|690701000148|690701000148:17:55020:50|{1F95590C-63C0-4B52-90A9-AF9177C59901}
500005366||20260701|20|XXX14|3|500|690701000148|690701000148:20:XXX14:500|{423ACE79-AAF5-4F40-B275-3F8D8B8DCF07}
500005366||20260701|20|XXX14|1|70|690701000148|690701000148:20:XXX14:70|{3F28DB1E-B462-494D-AFBF-0AE32FD81E3B}
500005366||20260701|20|XXX14|2|80|690701000148|690701000148:20:XXX14:80|{E342339E-3017-49CE-8329-9FCD4DA80F72}
640089711||20260701|15|32003|1|290|690701000153|690701000153:15:32003:290|{0D968AF2-18C1-4CCB-BB46-694778F11068}
640089711||20260701|15|32004|1|200|690701000153|690701000153:15:32004:200|{BFDEB6C6-2B7A-4F53-B6BF-58DC356E27EE}
640089711||20260701|15|32201|1|40|690701000153|690701000153:15:32201:40|{6A402DFF-D355-40C5-B3E2-F51A925D5B86}
640089711||20260701|15|32202|1|40|690701000153|690701000153:15:32202:40|{B56AF124-040B-42CB-824F-B35B0B22FC04}
640089711||20260701|15|32203|1|40|690701000153|690701000153:15:32203:40|{2E2639A5-CDFE-4D09-8427-CDFEDAC9D6CC}
640089711||20260701|15|32205|1|60|690701000153|690701000153:15:32205:60|{1D7D9E99-D290-4016-A48B-C9162519C4D0}
640089711||20260701|15|32401|1|150|690701000153|690701000153:15:32401:150|{77C83E90-08E6-45C8-921F-CB1525E7C9E6}
640089711||20260701|17|55020|1|50|690701000153|690701000153:17:55020:50|{16F4DC9C-0D88-4D60-B573-B8B3B67E30BA}
500048340||20260701|17|55020|1|50|690701000156|690701000156:17:55020:50|{6ADC4DD8-DB70-4C7B-A52F-8DD36C3E6E87}
500048340||20260701|20|56004|1|75|690701000156|690701000156:20:56004:75|{0F1C939A-B52F-46FE-A3C6-C981F2F2697C}
500048340||20260701|20|XXX14|3|500|690701000156|690701000156:20:XXX14:500|{7070FECD-14CB-4088-BA14-AF2B115A8D6F}
500048340||20260701|20|XXX14|1|80|690701000156|690701000156:20:XXX14:80|{0F8AC445-3FDF-4AE6-A300-805E3A5C2E86}
500018156||20260701|17|55020|1|50|690701000162|690701000162:17:55020:50|{59FC6BE2-E9B5-4FB9-87AC-A49CAE2C309A}
500017680||20260701|12|61101|1|170|690701000165|690701000165:12:61101:170|{9F308EAC-966F-49E4-8316-6B87BB0D3FB9}
500017680||20260701|12|XXX13|2|0|690701000165|690701000165:12:XXX13:0|{45426F56-264D-4FDD-B5A6-FDF122973894}
500017680||20260701|17|55020|1|50|690701000165|690701000165:17:55020:50|{9A771E9B-A06E-4F5F-A23F-98F582C68D51}
500017680||20260701|2|9202|1|3000|690701000165|690701000165:2:9202:3000|{B6E8AA6C-87AC-4895-9EB2-7E6696283AA7}
500017680||20260701|2|9205|1|2000|690701000165|690701000165:2:9205:2000|{AB93F8A8-9A9B-4268-996E-DD5AEDF85456}
610084722||20260701|17|55020|1|50|690701000175|690701000175:17:55020:50|{1DBA3D69-88A1-4ABD-9874-30EE026DF027}
610084722||20260701|17|55823|1|20|690701000175|690701000175:17:55823:20|{B58E2BA2-04B5-4046-B16A-31146FE7096E}
660092660||20260701|12|64101|1|280|690701000176|690701000176:12:64101:280|{0DEF01B5-60E3-4DEA-9124-4EF81AFB89BE}
660092660||20260701|12|64102|12|400|690701000176|690701000176:12:64102:400|{C2CEB805-1A52-4B04-BE61-C90058AC8838}
660092660||20260701|12|XXX13|2|0|690701000176|690701000176:12:XXX13:0|{F013D7CE-0CC5-479A-8668-E736FE1854AE}
660092660||20260701|16|41202|1|80|690701000176|690701000176:16:41202:80|{76759792-4EF8-4BF3-B17B-2866D1A41CFB}
660092660||20260701|17|55020|1|50|690701000176|690701000176:17:55020:50|{1F1F7FAB-32CE-4766-867D-7BF7AFD678AE}
500003054||20260701|17|55021|1|50|690701000182|690701000182:17:55021:50|{6EE91912-A192-4298-8917-1B958E669A92}
500003054||20260701|17|55811|1|140|690701000182|690701000182:17:55811:140|{E7C0F434-3319-4837-B1BB-F01C9A8DF714}
530069147||20260701|13|58130|1|250|690701000183|690701000183:13:58130:250|{BB31991D-8559-4B7C-8470-2E4C3B51473E}
530069147||20260701|17|55021|1|50|690701000183|690701000183:17:55021:50|{99692E70-1AA3-4595-BB6B-310C8200F645}
500014883||20260701|12|62101|1|200|690701000186|690701000186:12:62101:200|{59A0A46B-91C6-40BF-A65C-313DEC3A8B7A}
500014883||20260701|12|XXX13|2|0|690701000186|690701000186:12:XXX13:0|{BEA22DDC-11B8-4911-9901-E5AC7C01ABBF}
500014883||20260701|16|41202|1|80|690701000186|690701000186:16:41202:80|{EBB64157-1C05-4409-AB7D-9B879E3EA061}
500014883||20260701|17|55021|1|50|690701000186|690701000186:17:55021:50|{FC974C16-8249-4D02-BF10-B9AC340BAD3F}
500033857||20260701|12|64101|1|280|690701000187|690701000187:12:64101:280|{16C81753-EDCF-4165-B71C-E20E507F8103}
500033857||20260701|12|64102|14|400|690701000187|690701000187:12:64102:400|{3BC8D33F-73E3-4E4A-A76D-FB8773EA823B}
500033857||20260701|17|55021|1|50|690701000187|690701000187:17:55021:50|{56B03A0A-F1BA-46C3-965E-D332DD8D9ADE}
500031534||20260701|17|55021|1|50|690701000197|690701000197:17:55021:50|{3515743B-2CA4-42F1-8B89-5118BF68762F}
500031534||20260701|20|XXX14|2|500|690701000197|690701000197:20:XXX14:500|{3C08A378-FE77-44E7-BA76-F81FBB93B220}
500031534||20260701|20|XXX14|1|70|690701000197|690701000197:20:XXX14:70|{9B77356E-6ADB-4664-A721-214AC5150EFC}
500031534||20260701|20|XXX14|2|80|690701000197|690701000197:20:XXX14:80|{685208E7-92DE-42F0-B646-4CA509EFA475}
500015442||20260701|17|55811|1|140|690701000199|690701000199:17:55811:140|{6C4E3149-0F73-4233-8AC6-B6A7A072C7B2}
500002868||20260701|13|58130|1|250|690701000200|690701000200:13:58130:250|{AB4F112F-6BD4-45EB-B706-8BE2921C665F}
500002868||20260701|17|55021|1|50|690701000200|690701000200:17:55021:50|{B6E210CE-1200-495B-A430-C9D5CA7D8113}
650071524||20260701|17|55021|1|50|690701000201|690701000201:17:55021:50|{69159F7D-E070-4FC6-A4BC-247103DCDBD3}
650071524||20260701|20|XXX14|3|500|690701000201|690701000201:20:XXX14:500|{8447D4D8-970D-4453-A3C6-361FD14814D9}
650071524||20260701|20|XXX14|1|70|690701000201|690701000201:20:XXX14:70|{441BEE8D-2837-4096-882B-1181C56BB62D}
650071524||20260701|20|XXX14|1|80|690701000201|690701000201:20:XXX14:80|{66C441BE-449B-41A1-8230-D6301A27CCF2}
500029334||20260701|17|55021|1|50|690701000203|690701000203:17:55021:50|{ADC90953-0ACF-4454-BD56-E850396A8B00}
500029334||20260701|20|XXX14|3|500|690701000203|690701000203:20:XXX14:500|{8879892A-BB38-4CD6-AE6B-F395B2A68B2B}
500029334||20260701|20|XXX14|1|70|690701000203|690701000203:20:XXX14:70|{2AD67E39-157E-4082-99C2-D6C36DF5BA2F}
500029334||20260701|20|XXX14|1|80|690701000203|690701000203:20:XXX14:80|{15F7349F-C118-4431-A4AC-8BD1FAE41124}
660093017||20260701|17|55021|1|50|690701000204|690701000204:17:55021:50|{48F01CC0-DE19-4B8E-88E4-7D22D03F374B}
660093017||20260701|20|XXX14|3|500|690701000204|690701000204:20:XXX14:500|{89934083-CD3E-4D32-B771-96C5050FFF08}
660093017||20260701|20|XXX14|2|60|690701000204|690701000204:20:XXX14:60|{CC86BCA6-A387-461B-86A1-AA75A412D21F}
660093017||20260701|20|XXX14|1|70|690701000204|690701000204:20:XXX14:70|{A7328E47-544A-4D17-86C4-D9DEAE6ADC33}
660093017||20260701|20|XXX14|1|80|690701000204|690701000204:20:XXX14:80|{CB74CEFD-78DD-4EA2-9924-B8D29BEF2A99}
620086984||20260701|17|55021|1|50|690701000208|690701000208:17:55021:50|{79104FBB-0DA5-4427-906A-EAC19CA33463}
660093571||20260701|15|30101|1|90|690701000211|690701000211:15:30101:90|{A390DEC5-AFF5-40B7-8879-54F4690CD056}
660093571||20260701|15|30104|2|30|690701000211|690701000211:15:30104:30|{B37DA8B9-6422-4930-A839-CCD40F03289E}
660093571||20260701|15|30201|2|75|690701000211|690701000211:15:30201:75|{AC9CF113-C42B-4135-8876-608CD82ED918}
660093571||20260701|15|31001|1|60|690701000211|690701000211:15:31001:60|{D1D0A177-8A59-4870-9358-A0DB47CA9D32}
660093571||20260701|15|32001|1|100|690701000211|690701000211:15:32001:100|{C474DC49-EF7F-4BFB-8005-A8C6B57EA0A8}
660093571||20260701|15|32002|2|195|690701000211|690701000211:15:32002:195|{FB6BA806-91E3-43B2-A747-409C59FFB27D}
660093571||20260701|15|32003|1|290|690701000211|690701000211:15:32003:290|{146718D1-49F4-464D-A71A-C782EAE80645}
660093571||20260701|15|32008|3|150|690701000211|690701000211:15:32008:150|{CC01EB20-0279-46C5-B88B-911D24C38165}
660093571||20260701|15|32102|2|40|690701000211|690701000211:15:32102:40|{B34E05AE-C3ED-4844-807D-A59946CC599D}
660093571||20260701|15|32103|2|40|690701000211|690701000211:15:32103:40|{A9B7DD69-A83F-4D9E-A33D-9ED2A8AF4560}
660093571||20260701|15|32104|2|40|690701000211|690701000211:15:32104:40|{5CE23E96-F95A-406B-8266-6C8BAC95C0CD}
660093571||20260701|15|32106|1|50|690701000211|690701000211:15:32106:50|{FF0E973A-32F4-4517-A1FC-CD916AFFC8B9}
660093571||20260701|15|32107|1|50|690701000211|690701000211:15:32107:50|{2C53C9A4-D600-48FB-85DC-667C30161044}
660093571||20260701|15|32109|1|50|690701000211|690701000211:15:32109:50|{BEBD9D4C-3309-473A-82D5-0049FCFF94DC}
660093571||20260701|15|32110|2|400|690701000211|690701000211:15:32110:400|{C63DC449-DC10-42E1-8A0B-E59FA66CBE99}
660093571||20260701|15|32201|1|40|690701000211|690701000211:15:32201:40|{4E67C835-8085-4F76-B942-6CA5F41DD902}
660093571||20260701|15|32202|1|40|690701000211|690701000211:15:32202:40|{36CF4045-CCF4-41A1-88D0-F4A50537A13F}
660093571||20260701|15|32204|2|170|690701000211|690701000211:15:32204:170|{DD656CED-65B3-48BB-8667-AC1BB9059510}
660093571||20260701|15|32307|2|260|690701000211|690701000211:15:32307:260|{44F67F91-EC87-472F-805C-A5B891F44645}
660093571||20260701|15|32608|1|170|690701000211|690701000211:15:32608:170|{A02BC5F8-B8F0-4756-851F-BDFD3DF03068}
660093571||20260701|15|32610|1|150|690701000211|690701000211:15:32610:150|{0FE6E039-F5C3-4736-B3BB-20E28DC2F19C}
660093571||20260701|15|32612|1|170|690701000211|690701000211:15:32612:170|{11A89C25-9013-4731-9401-FA3EB8FAD12F}
660093571||20260701|15|35105|2|300|690701000211|690701000211:15:35105:300|{3DCA156A-1148-438E-ABC2-923A87399D99}
660093571||20260701|15|36007|1|200|690701000211|690701000211:15:36007:200|{A3DDA7CF-2437-4A85-89F0-F33E7400CC73}
660093571||20260701|15|36012|1|100|690701000211|690701000211:15:36012:100|{9FC34529-B6DE-4BF9-8581-A6EADCC31337}
660093571||20260701|15|36506|1|350|690701000211|690701000211:15:36506:350|{E4566BDC-1AA4-40EF-A4C4-9D9C96E829C0}
660093571||20260701|16|41004|3|350|690701000211|690701000211:16:41004:350|{98F3F4B1-9B8F-48F9-A84E-6D8C2C4DF0A4}
660093571||20260701|16|43440|1|2200|690701000211|690701000211:16:43440:2200|{A3C7C1E9-456B-4A56-A78B-A921774D9588}
660093571||20260701|17|55021|1|50|690701000211|690701000211:17:55021:50|{E9CFFD12-3B60-49D6-AF34-7397C3716BCC}
660093571||20260701|17|55820|1|100|690701000211|690701000211:17:55820:100|{5373D9F8-1A81-4B7F-AC4B-D2C5F75946B5}
660093571||20260701|17|55822|4|20|690701000211|690701000211:17:55822:20|{B9D98AE9-BE74-4460-BDAB-6A900F12D805}
660093571||20260701|19|71310|2|180|690701000211|690701000211:19:71310:180|{B734F5BE-45B5-4ABB-A80B-D93F900E0253}
660093571||20260701|2|3002|2|200|690701000211|690701000211:2:3002:200|{E980D364-565C-46BA-A9AF-DB9274E9969A}
660093571||20260701|2|4511|1|3000|690701000211|690701000211:2:4511:3000|{70747B14-FE37-4DAA-91DD-8C30739BA367}
660093571||20260701|2|4921|2|1500|690701000211|690701000211:2:4921:1500|{EC4A7A20-2A19-4000-9EA5-1066DA8729D3}
660093571||20260701|3|S1801|1|500|690701000211|690701000211:3:S1801:500|{442AA7BB-EDAC-4611-8D0B-2340D6DB43FE}
660093571||20260701|3|S1802|150|4|690701000211|690701000211:3:S1802:4|{8BE90B7A-DF87-4949-A606-202F44A5BA18}
660093571||20260701|9|51410|2|200|690701000211|690701000211:9:51410:200|{7325C377-7C61-4F13-8055-7B0D74A93A53}
500010763||20260701|17|55021|1|50|690701000212|690701000212:17:55021:50|{1F4E59CE-25E8-406F-BFB1-112BE39A040C}
500010763||20260701|17|55822|4|20|690701000212|690701000212:17:55822:20|{E8999F88-B20D-443B-9C25-66060FBAEC59}
500009683||20260701|17|55021|1|50|690701000214|690701000214:17:55021:50|{D710D937-41B0-4A7C-A8F7-EFF7AE5B6680}
500009683||20260701|17|55210|1|70|690701000214|690701000214:17:55210:70|{3BB4C3E4-AB96-4915-BEC2-D76DA3956E13}
650056895||20260701|15|32001|1|100|690701072136|690701072136:15:32001:100|{C9E05AC8-5093-44C4-8008-35126800E233}
650056895||20260701|15|32201|1|40|690701072136|690701072136:15:32201:40|{02294987-C248-47DB-9A22-FF583A9B356B}
650056895||20260701|15|32202|1|40|690701072136|690701072136:15:32202:40|{1D87C94A-B7AA-4878-ACD6-3455F8958DED}
650056895||20260701|16|41003|1|250|690701072136|690701072136:16:41003:250|{A2BEFD3E-27BD-44BB-BC92-92D5D006725C}
650056895||20260701|17|55021|1|50|690701072136|690701072136:17:55021:50|{8B01A4D0-030A-43EA-A8AB-D7061986B012}
620086497||20260701|15|32004|1|200|690701073750|690701073750:15:32004:200|{D5901B0A-2DC1-43A6-9673-E0149DA2B9A5}
620086497||20260701|15|32501|1|60|690701073750|690701073750:15:32501:60|{F91B370C-32E1-4D60-9C37-11D58C061508}
620086497||20260701|15|32502|1|60|690701073750|690701073750:15:32502:60|{2DD32B66-351D-4865-8882-6EC7949ACD73}
620086497||20260701|15|32503|1|100|690701073750|690701073750:15:32503:100|{3A535BE4-7FE6-4D47-95AD-F647297572A2}
560076137||20260701|17|55020|1|50|690701075236|690701075236:17:55020:50|{E66FCFB5-C953-4167-B668-6FBC444A4E1E}
560076137||20260701|17|55320|1|50|690701075236|690701075236:17:55320:50|{34A8F6D0-8F06-43DC-9FC4-A88C2B2C6A68}
560076137||20260701|18|52441|1|0|690701075236|690701075236:18:52441:0|{265735F6-F6AD-41DE-B628-92A3D7652A83}
500047319||20260701|15|30101|1|90|690701075712|690701075712:15:30101:90|{641BD68F-B377-4EDB-BA7C-956EE6980866}
500047319||20260701|15|30304|1|100|690701075712|690701075712:15:30304:100|{3029BA34-5C59-45EE-878D-4F957BF9933D}
500047319||20260701|15|30305|1|80|690701075712|690701075712:15:30305:80|{533433B0-0E1F-4E67-98D0-1A64BA9A56C7}
500047319||20260701|15|30306|1|310|690701075712|690701075712:15:30306:310|{091269E7-2AEC-49B3-8484-F065BC272A20}
500047319||20260701|15|30307|1|250|690701075712|690701075712:15:30307:250|{6A97886F-F76B-4F5B-AA09-A5C97AD95C79}
500047319||20260701|15|32001|1|100|690701075712|690701075712:15:32001:100|{43652B0D-5D88-4574-8B6B-16E72EAE828F}
500047319||20260701|15|32106|1|50|690701075712|690701075712:15:32106:50|{9F9FF3D7-3FDF-4175-90CE-CC3894B30EF3}
500047319||20260701|15|32107|1|50|690701075712|690701075712:15:32107:50|{C41FF791-1867-4629-ADD9-326CACA4C68D}
500047319||20260701|15|32109|1|50|690701075712|690701075712:15:32109:50|{2A4C02B2-3601-4B19-8A89-E0F863DD86AB}
500047319||20260701|15|32201|2|40|690701075712|690701075712:15:32201:40|{E5209F33-567D-4C9E-961E-6C30E1C944A3}
500047319||20260701|15|32202|1|40|690701075712|690701075712:15:32202:40|{8B21D022-F4DE-43F3-8351-2764101CEF97}
500047319||20260701|15|32203|1|40|690701075712|690701075712:15:32203:40|{F4601505-315E-4CEC-BBFB-128F76574999}
500047319||20260701|15|32205|1|60|690701075712|690701075712:15:32205:60|{1F95A408-1207-4F67-9B1D-C8E00E405245}
500047319||20260701|15|32401|1|150|690701075712|690701075712:15:32401:150|{DD8618CA-5DF6-4F6D-B866-F5DC60B92636}
500047319||20260701|15|32403|1|30|690701075712|690701075712:15:32403:30|{5E46D294-313A-4C53-B524-ECCB624072FA}
500047319||20260701|15|32613|1|210|690701075712|690701075712:15:32613:210|{19E3109B-9A56-45E7-86D2-C930625DC29F}
500047319||20260701|15|36317|1|150|690701075712|690701075712:15:36317:150|{1B06D875-DAB6-40A5-AB39-D6CD05EEBE63}
500047319||20260701|15|36318|1|130|690701075712|690701075712:15:36318:130|{225001D4-B137-4686-B950-40D96CB2A567}
500047319||20260701|15|36331|1|300|690701075712|690701075712:15:36331:300|{31B8160C-61F9-4B08-A680-7CE56AA1A979}
500023026||20260701|15|32001|1|100|690701075717|690701075717:15:32001:100|{DA863CD0-BB92-43F2-997E-FEA650A868F3}
500023026||20260701|17|55021|1|50|690701075717|690701075717:17:55021:50|{85DA285C-908E-485D-AF88-B223FA8EB218}
500017400||20260701|15|30101|1|90|690701075746|690701075746:15:30101:90|{D4B9BB54-0CE3-4681-BF73-41F45161F6F9}
500017400||20260701|15|30304|1|100|690701075746|690701075746:15:30304:100|{DEDAAF07-7239-45D8-8300-A8D792F9792D}
500017400||20260701|15|30305|1|80|690701075746|690701075746:15:30305:80|{A10F1D51-8326-4A0A-BEBC-7C847A2349B0}
500017400||20260701|15|30306|1|310|690701075746|690701075746:15:30306:310|{763471E2-276B-45F5-8179-C22F0D64EFFD}
500017400||20260701|15|30307|1|250|690701075746|690701075746:15:30307:250|{3BB570AA-90F6-4C51-B0A3-5F59A4BA7FAC}
500017400||20260701|15|32001|1|100|690701075746|690701075746:15:32001:100|{5C69D49D-659A-4E92-9F50-8D51E0A00E1D}
500017400||20260701|15|32106|1|50|690701075746|690701075746:15:32106:50|{70279B7A-CD7D-4152-842A-B4B0C5F76B72}
500017400||20260701|15|32107|1|50|690701075746|690701075746:15:32107:50|{2BB5E055-33C7-4D42-869B-F62D5181215A}
500017400||20260701|15|32109|1|50|690701075746|690701075746:15:32109:50|{83381337-5F1A-42C1-B46B-1CCAB1BCAA55}
500017400||20260701|15|32201|2|40|690701075746|690701075746:15:32201:40|{E407ACA6-017A-4A30-8E43-1A9BC71F2CC5}
500017400||20260701|15|32202|1|40|690701075746|690701075746:15:32202:40|{5A69DEA4-4E83-43F4-849C-C51E10DD25CB}
500017400||20260701|15|32203|1|40|690701075746|690701075746:15:32203:40|{7947BFD4-BDB1-4B24-B22D-682C8BB13614}
500017400||20260701|15|32205|1|60|690701075746|690701075746:15:32205:60|{A2A8D6C3-0401-422F-BCFE-7257D48EA64C}
500017400||20260701|15|32401|1|150|690701075746|690701075746:15:32401:150|{60AB7E76-D841-4420-88F9-059202E30144}
500017400||20260701|15|32403|1|30|690701075746|690701075746:15:32403:30|{E0C9E501-BD86-45E4-8C98-F775A1C91F92}
500017400||20260701|15|32613|1|210|690701075746|690701075746:15:32613:210|{76953F88-2942-419F-98D8-22C036D901B6}
500017400||20260701|15|36317|1|150|690701075746|690701075746:15:36317:150|{39478A6C-DB66-4477-8C25-9657A8AA315B}
500017400||20260701|15|36318|1|130|690701075746|690701075746:15:36318:130|{21BB704E-23F0-4580-960E-E235C699ABD1}
500017400||20260701|15|36331|1|300|690701075746|690701075746:15:36331:300|{401D2372-3FD0-432E-BCF5-77C53174C609}
680096332||20260701|15|30101|1|90|690701075805|690701075805:15:30101:90|{94C910C6-E467-48C1-9318-7E8353B04CC9}
680096332||20260701|15|30304|1|100|690701075805|690701075805:15:30304:100|{F80AF404-2453-490E-B13A-BF17DE2CF4D1}
680096332||20260701|15|30305|1|80|690701075805|690701075805:15:30305:80|{2A2F5A65-D692-4034-A0E7-EF3421488AAF}
680096332||20260701|15|30306|1|310|690701075805|690701075805:15:30306:310|{DD170D6F-5F92-4DAA-BD6C-1403FB327DFB}
680096332||20260701|15|30307|1|250|690701075805|690701075805:15:30307:250|{B4FCC350-E5F4-4CE6-9F3A-8AE45D0DA4A2}
680096332||20260701|15|32001|1|100|690701075805|690701075805:15:32001:100|{FE6542A5-4D40-41A9-9193-17FE2DFFF941}
680096332||20260701|15|32106|1|50|690701075805|690701075805:15:32106:50|{7316363F-A39D-474F-8FD8-EC4E05338402}
680096332||20260701|15|32107|1|50|690701075805|690701075805:15:32107:50|{5D040AFF-1F6E-4397-8B81-9972405F90FA}
680096332||20260701|15|32109|1|50|690701075805|690701075805:15:32109:50|{B5360038-DF3E-466A-A480-A95917ABF009}
680096332||20260701|15|32201|2|40|690701075805|690701075805:15:32201:40|{B514CA37-9BA3-447B-A64E-564A9B0BAF59}
680096332||20260701|15|32202|1|40|690701075805|690701075805:15:32202:40|{63D0F031-102E-427F-9005-74965398F245}
680096332||20260701|15|32205|1|60|690701075805|690701075805:15:32205:60|{276FA6E2-0D92-4FD5-8A3F-F6B94C8EA058}
680096332||20260701|15|32403|1|30|690701075805|690701075805:15:32403:30|{63190C72-9119-4EAC-80B2-6CD943307380}
680096332||20260701|15|32613|1|210|690701075805|690701075805:15:32613:210|{504D3AF1-259E-4719-AB17-5F58A3711671}
680096332||20260701|15|36317|1|150|690701075805|690701075805:15:36317:150|{065365B5-9CCC-4F10-8BB6-054F853B2C41}
680096332||20260701|15|36318|1|130|690701075805|690701075805:15:36318:130|{6BF6ED89-C871-44BF-AB9B-33933E6F1336}
680096332||20260701|15|36331|1|300|690701075805|690701075805:15:36331:300|{6503D06A-AB1C-4130-9529-6D7BB08F078A}
500044281||20260701|15|30101|1|90|690701075823|690701075823:15:30101:90|{DE1BAD7E-FB71-4A9B-A4E0-2BE37F39EC41}
500044281||20260701|15|30304|1|100|690701075823|690701075823:15:30304:100|{919F64B0-9F70-44F4-A6CB-47AF64F4F78E}
500044281||20260701|15|30305|1|80|690701075823|690701075823:15:30305:80|{6E8219A3-B38D-48B7-9EEC-8751613B246D}
500044281||20260701|15|30306|1|310|690701075823|690701075823:15:30306:310|{3062A412-9762-4923-81E1-F9AF199F4873}
500044281||20260701|15|30307|1|250|690701075823|690701075823:15:30307:250|{13A3C6F4-DBCB-4B03-A570-B2E7FC1ECA9F}
500044281||20260701|15|32001|1|100|690701075823|690701075823:15:32001:100|{DE425048-B666-4F64-9E8E-3C648160AA3A}
500044281||20260701|15|32106|1|50|690701075823|690701075823:15:32106:50|{104DC623-C7E2-4BB3-9C1A-92889148A59D}
500044281||20260701|15|32107|1|50|690701075823|690701075823:15:32107:50|{7FE6B188-67F2-4297-9AA6-789EBAAEC5FC}
500044281||20260701|15|32109|1|50|690701075823|690701075823:15:32109:50|{B37F1B25-9B13-4C40-A608-823D55D4D2C0}
500044281||20260701|15|32201|2|40|690701075823|690701075823:15:32201:40|{F06D2B27-DAE7-4ABF-AE45-2892C00DAF53}
500044281||20260701|15|32202|1|40|690701075823|690701075823:15:32202:40|{D2038512-2E48-4EC7-B2F6-3BD6864433A3}
500044281||20260701|15|32203|1|40|690701075823|690701075823:15:32203:40|{886B451A-6D46-47B5-B9F7-5E5A9E6BF3FF}
500044281||20260701|15|32205|1|60|690701075823|690701075823:15:32205:60|{3ECF1395-26B0-4906-82CE-8955F90F4389}
500044281||20260701|15|32401|1|150|690701075823|690701075823:15:32401:150|{EA8F4E36-49A4-49E9-9DB0-1AA536056886}
500044281||20260701|15|32403|1|30|690701075823|690701075823:15:32403:30|{580B3373-B048-4F7F-B63E-13056FF57796}
500044281||20260701|15|32613|1|210|690701075823|690701075823:15:32613:210|{92B524D6-B838-4057-BD66-C71831F365A2}
500044281||20260701|15|36317|1|150|690701075823|690701075823:15:36317:150|{2ED829E5-1179-4A6C-9D71-13BB39476D63}
500044281||20260701|15|36318|1|130|690701075823|690701075823:15:36318:130|{F0584C01-497B-4F98-AD0F-50AB8BC6C3CD}
500044281||20260701|15|36331|1|300|690701075823|690701075823:15:36331:300|{D03B8A70-7F3D-4F92-A589-E28883CD400F}
500008368||20260701|15|30101|1|90|690701075840|690701075840:15:30101:90|{B0CA6C7D-519F-4A7E-BF55-0F10D5A5DA6B}
500008368||20260701|15|30304|1|100|690701075840|690701075840:15:30304:100|{E9248F9B-B4BC-4EEF-A5E8-69581787D3AD}
500008368||20260701|15|30305|1|80|690701075840|690701075840:15:30305:80|{1E219604-1FB6-43D9-86E4-EED43AAFB487}
500008368||20260701|15|30306|1|310|690701075840|690701075840:15:30306:310|{B52F3708-2B0B-4F7F-8791-4EE26F18B397}
500008368||20260701|15|30307|1|250|690701075840|690701075840:15:30307:250|{36676897-F4FC-4C7E-85C7-4D9046E09026}
500008368||20260701|15|32001|1|100|690701075840|690701075840:15:32001:100|{2AE1F86C-E01F-4593-A500-69C44793ABAB}
500008368||20260701|15|32106|1|50|690701075840|690701075840:15:32106:50|{51C37813-ADA1-4E3D-84B7-256E17D7AF78}
500008368||20260701|15|32107|1|50|690701075840|690701075840:15:32107:50|{E6690B41-A7DD-46B6-B439-3F259CB90E06}
500008368||20260701|15|32109|1|50|690701075840|690701075840:15:32109:50|{F8AC879E-7E42-4999-88DB-17CCCFCA56A7}
500008368||20260701|15|32201|2|40|690701075840|690701075840:15:32201:40|{B0CA2285-72C6-4293-BFCE-8C1841364D55}
500008368||20260701|15|32202|1|40|690701075840|690701075840:15:32202:40|{BF934BB9-1470-4983-818B-4AD76A45D231}
500008368||20260701|15|32203|1|40|690701075840|690701075840:15:32203:40|{1241A1E2-C744-41ED-932A-F0182A3ED57C}
500008368||20260701|15|32205|1|60|690701075840|690701075840:15:32205:60|{21838DD1-B704-46C0-AF7A-4E838E796493}
500008368||20260701|15|32401|1|150|690701075840|690701075840:15:32401:150|{14DA4773-E129-4BA1-A598-06B614138EF7}
500008368||20260701|15|32403|1|30|690701075840|690701075840:15:32403:30|{FC31C8D2-67CB-4C16-BC02-AFC9272A85BE}
500008368||20260701|15|32613|1|210|690701075840|690701075840:15:32613:210|{40F9AF45-9258-4FA4-9E0A-EB909CD4AD30}
500008368||20260701|15|36317|1|150|690701075840|690701075840:15:36317:150|{6806778E-DC64-4A91-9162-AA6D65EEAF7D}
500008368||20260701|15|36318|1|130|690701075840|690701075840:15:36318:130|{61DF7433-E6B4-4AEC-BF6E-D991DAB020A9}
500008368||20260701|15|36331|1|300|690701075840|690701075840:15:36331:300|{79B9C714-AF06-42F2-B3BE-1CFDA371EF9B}
680096332||20260701|15|32203|1|40|690701080740|690701080740:15:32203:40|{7BB79BB4-2253-4373-BD75-4CAFB2545E94}
680096332||20260701|15|32401|1|150|690701080740|690701080740:15:32401:150|{458FA527-AB36-4192-B3F8-F5591F6702A4}
500048951||20260701|15|30101|1|90|690701082757|690701082757:15:30101:90|{58F1066A-9407-4290-A6B1-6EC469544053}
500048951||20260701|15|30104|1|30|690701082757|690701082757:15:30104:30|{11648784-98A3-47E7-94F1-6A9D41B1ABAF}
500048951||20260701|15|32001|1|100|690701082757|690701082757:15:32001:100|{444910B9-1F39-4C09-8377-B9B052900FAE}
500048951||20260701|15|32002|1|195|690701082757|690701082757:15:32002:195|{58677DE6-6DD5-4611-8AA2-BAB2C2A43AAC}
500048951||20260701|15|32003|1|290|690701082757|690701082757:15:32003:290|{F422EC5A-D1A4-4EE0-911C-53D7FD12F6AC}
500048951||20260701|15|32008|1|150|690701082757|690701082757:15:32008:150|{F49DE8C7-F324-4417-914C-0A876A5BFFF5}
500048951||20260701|15|32102|1|40|690701082757|690701082757:15:32102:40|{D02DF9E8-F9D5-481B-A4EB-B5481290AA15}
500048951||20260701|15|32103|1|40|690701082757|690701082757:15:32103:40|{1688CB96-8460-4766-AC1A-06E2D0A2DFE5}
500048951||20260701|15|32104|1|40|690701082757|690701082757:15:32104:40|{7BF6C6D7-B033-44C0-8680-EDCDB94C43DF}
500048951||20260701|15|32106|1|50|690701082757|690701082757:15:32106:50|{D165A535-7DAD-4E14-AE78-9A7336804BEE}
500048951||20260701|15|32107|1|50|690701082757|690701082757:15:32107:50|{6299E62F-76CD-4633-8492-D30CF302DAC1}
500048951||20260701|15|32109|1|50|690701082757|690701082757:15:32109:50|{7ACFE4A9-2A1F-4960-872B-B94B0DBD5F92}
500048951||20260701|15|32110|1|400|690701082757|690701082757:15:32110:400|{EA7B0A7D-644E-48FD-9451-FFD86EA83118}
500048951||20260701|15|32201|1|40|690701082757|690701082757:15:32201:40|{533A0A46-FA34-4C8C-A59D-656DAF9CD269}
500048951||20260701|15|32202|1|40|690701082757|690701082757:15:32202:40|{5CC7DA83-65B9-4CB9-8D1D-9A1E9C3727C9}
500048951||20260701|15|32204|1|170|690701082757|690701082757:15:32204:170|{2F7AD227-621F-4F6D-A7BD-F8C0C062746A}
500048951||20260701|15|32307|1|260|690701082757|690701082757:15:32307:260|{7C4554ED-D751-4246-A1CC-0BAD5F419B0D}
500048951||20260701|17|55020|1|50|690701082757|690701082757:17:55020:50|{32D21F92-F3E5-45A9-9C30-A64E76FD3481}
500048951||20260701|17|55820|1|100|690701082757|690701082757:17:55820:100|{E8D699B7-98CB-426E-999B-FCD275DECD82}
500048951||20260701|17|55822|10|20|690701082757|690701082757:17:55822:20|{D74FC6C7-10C7-4719-9B20-99EFDDCC190A}
500048951||20260701|19|71011|1|900|690701082757|690701082757:19:71011:900|{A9217C34-D551-4CBC-AD72-D1F153BB7081}
500048951||20260701|19|71310|1|180|690701082757|690701082757:19:71310:180|{29A2DDE6-163B-4CBA-AD68-4FC783E9B0C4}
500048951||20260701|2|3002|1|200|690701082757|690701082757:2:3002:200|{D7C552CA-61A1-4535-846F-F0BFADB072CA}
500048951||20260701|2|4511|1|3000|690701082757|690701082757:2:4511:3000|{89B40EC7-476D-494B-8E39-32239FCC6E03}
500048951||20260701|9|51410|2|200|690701082757|690701082757:9:51410:200|{AC2BA7D0-A7E4-4ACB-8F3D-FE45E2EFF64D}
500037226||20260701|13|58130|1|250|690701083458|690701083458:13:58130:250|{ABF78943-1765-49EE-9F98-CB3AFBD8434E}
500037226||20260701|17|55020|1|50|690701083458|690701083458:17:55020:50|{EC339639-B1C5-428F-B3A2-29531766463E}
500045021||20260701|15|32004|1|200|690701084918|690701084918:15:32004:200|{1A01039C-940D-43DC-8BF2-DFF8F22F841D}
500045021||20260701|15|32203|1|40|690701084918|690701084918:15:32203:40|{940BBD75-9379-4BEF-A404-584CC0DD0E78}
500045021||20260701|15|32608|1|170|690701084918|690701084918:15:32608:170|{FA49C5B0-0696-4F35-8A94-F2FF19D3B2BF}
500045021||20260701|15|32610|1|150|690701084918|690701084918:15:32610:150|{7534B749-832B-4FAD-B49F-66D7A0E1087F}
500045021||20260701|15|32612|1|170|690701084918|690701084918:15:32612:170|{48F07ABA-E491-4F87-A471-2BAA4A87F1BC}
500045021||20260701|17|55020|1|50|690701084918|690701084918:17:55020:50|{AD1D1ED2-C476-4782-81EB-365F0F698E07}
500035826||20260701|15|32401|1|150|690701090529|690701090529:15:32401:150|{E1E97528-03EA-4B5F-9DEA-6C12A20BFC58}
500035826||20260701|17|55020|1|50|690701090529|690701090529:17:55020:50|{D04FC8A7-4441-4153-A5C0-A5CFB0E3BA31}
670094448||20260701|15|32004|1|200|690701091816|690701091816:15:32004:200|{7D230330-A892-4F94-8C1B-A8B2E4D58CC9}
670094448||20260701|15|32201|1|40|690701091816|690701091816:15:32201:40|{2E46F8B8-B7F1-4569-B361-926ED3C8B49C}
670094448||20260701|15|32202|1|40|690701091816|690701091816:15:32202:40|{4724E697-8EF7-48F8-8FCC-CB5B7C66EA80}
670094448||20260701|15|32203|1|40|690701091816|690701091816:15:32203:40|{868B013C-8277-481E-94C5-01409564E923}
670094451||20260701|15|32004|1|200|690701091900|690701091900:15:32004:200|{AEC35F6A-4DD2-4FAB-A762-2AC8EF428FB4}
670094451||20260701|15|32201|1|40|690701091900|690701091900:15:32201:40|{EBC9E546-C805-40B5-AABA-062559DA15A5}
670094451||20260701|15|32202|1|40|690701091900|690701091900:15:32202:40|{224359EE-291B-45C7-8A74-83CD7AE3980D}
670094451||20260701|15|32203|1|40|690701091900|690701091900:15:32203:40|{C9D737D4-9BE8-48EB-AC06-00C2A8164431}
670094451||20260701|16|41003|1|250|690701091900|690701091900:16:41003:250|{BA38593F-AD2F-4706-AC12-107327C52731}
500007823||20260701|17|55020|1|50|690701095028|690701095028:17:55020:50|{523FB92A-9D33-4B13-9202-05618CA7FB8E}
500007823||20260701|17|55822|2|20|690701095028|690701095028:17:55822:20|{A6D7D1D0-4937-4C38-9A2E-25FB8CD42D8B}
680095482||20260701|15|32004|1|200|690701104443|690701104443:15:32004:200|{2182E7F1-27B6-4D7C-B2FD-EBCC1AEA1D1B}
680095482||20260701|15|32201|1|40|690701104443|690701104443:15:32201:40|{8692F0B9-512F-47FE-910E-BEE1DEA8BC3C}
680095482||20260701|15|32202|1|40|690701104443|690701104443:15:32202:40|{EEAFE68E-534B-4514-B653-6409EA4CDD23}
680095482||20260701|16|41003|1|250|690701104443|690701104443:16:41003:250|{8826AE3E-DFA2-43CE-90F6-24ED64EC139E}
680095482||20260701|17|55020|1|50|690701104443|690701104443:17:55020:50|{A6C1D81A-CD96-4CCE-8B09-513F578EC107}
680095583||20260701|17|55020|1|50|690701111821|690701111821:17:55020:50|{6A064285-0EF1-4134-87ED-778E142A779A}
500011295||20260701|16|41003|1|250|690701112345|690701112345:16:41003:250|{9FEF2D45-C7EE-4399-8769-5E9FDE56B940}
500011295||20260701|17|55020|1|50|690701112345|690701112345:17:55020:50|{EE9CD5A5-8A75-450F-8EDA-4582DC4734D0}
500050634||20260701|17|55020|1|50|690701121735|690701121735:17:55020:50|{5893529A-7AC4-4C8E-8875-AE35BEEC33B5}
500050634||20260701|17|55823|1|20|690701121735|690701121735:17:55823:20|{DF5023D3-0FED-4078-9F64-A66BF6CF871D}
500023612||20260701|17|55020|1|50|690701130443|690701130443:17:55020:50|{B0F056D6-88C4-4217-A1DC-8F534C550A72}
500012918||20260701|16|41003|2|250|690701130818|690701130818:16:41003:250|{B8C8A27E-CC50-492A-8A01-0E4AF2E456AB}
500012918||20260701|17|55020|1|50|690701130818|690701130818:17:55020:50|{D32EAD65-DAC2-4F03-BAB1-C6BB6F812C44}
500012918||20260701|2|8608|2|800|690701130818|690701130818:2:8608:800|{745B7655-7259-4226-8007-598DDB6379A2}
500012918||20260701|20|XXX14|3|500|690701130818|690701130818:20:XXX14:500|{97B9DEC3-3167-4C97-8B09-CC1DEE7EE6D6}
500012918||20260701|20|XXX14|2|70|690701130818|690701130818:20:XXX14:70|{FC619236-EB6C-470E-9F9C-0E04FDA575D5}
500012918||20260701|20|XXX14|1|80|690701130818|690701130818:20:XXX14:80|{BC9D7DC3-A3EE-4F04-98DB-4344645EAE3F}
500008027||20260701|17|55020|1|50|690701131801|690701131801:17:55020:50|{D6A17FF6-9736-4CF1-B358-3CCCFA784399}
500008027||20260701|20|XXX14|3|500|690701131801|690701131801:20:XXX14:500|{4346ABC1-D3AC-48AB-853E-0FF2276C688A}
500008027||20260701|20|XXX14|1|60|690701131801|690701131801:20:XXX14:60|{4FF39E1E-F31A-4E6D-86ED-BEB807F70696}
500008027||20260701|20|XXX14|1|70|690701131801|690701131801:20:XXX14:70|{88F23BFE-CE62-4CE3-BBE6-82A66C60AA9F}
500008027||20260701|20|XXX14|1|80|690701131801|690701131801:20:XXX14:80|{EBF83E12-6890-4FDB-AC66-FE6D752925E0}
500001801||20260701|17|55020|1|50|690701132153|690701132153:17:55020:50|{87941EF4-5E06-43EE-99A8-FEF7FFB9AC01}
500001801||20260701|20|XXX14|1|500|690701132153|690701132153:20:XXX14:500|{C2C54D6C-96AC-40B1-B5F7-03A043AB6020}
500001801||20260701|20|XXX14|2|60|690701132153|690701132153:20:XXX14:60|{AB15844A-B6D8-4675-B11C-0F5F15F53514}
500001801||20260701|20|XXX14|1|80|690701132153|690701132153:20:XXX14:80|{DC1EE00F-2AEF-4DC4-8F96-1361DFDFD3C7}
500007823||20260701|16|41003|3|250|690701134551|690701134551:16:41003:250|{F8019AE7-2263-482C-9523-98122DAB8F84}
530067696||20260701|17|55020|1|50|690701135257|690701135257:17:55020:50|{E75311DE-1B60-46AA-8BB3-BBF15BE4E745}
500003995||20260701|15|30101|1|90|690701140444|690701140444:15:30101:90|{D5CEC591-BB94-4E2E-A124-6AF5931E86E9}
500003995||20260701|15|32001|1|100|690701140444|690701140444:15:32001:100|{5D268737-E3AD-46AD-8A90-7A72A21D94E6}
500003995||20260701|15|32201|1|40|690701140444|690701140444:15:32201:40|{BD44C806-D55C-462D-A1F0-559BD2705F0F}
500003995||20260701|15|32202|1|40|690701140444|690701140444:15:32202:40|{6AEA82CA-BA05-4255-9144-9E1FC00FB314}
500003995||20260701|16|41003|1|250|690701140444|690701140444:16:41003:250|{C2F01F4A-A883-4E80-A133-E117E7E192B0}
500003995||20260701|17|55020|1|50|690701140444|690701140444:17:55020:50|{34E794DC-8676-4F63-B5E0-942C6E8BB1F2}
500003995||20260701|9|51410|1|200|690701140444|690701140444:9:51410:200|{A97F60FD-C0E4-47B2-A752-873C82052A8D}
500013790||20260701|17|55020|1|50|690701141215|690701141215:17:55020:50|{0651176B-1EAD-4D56-A6A2-1DEDECCCBC34}
500013790||20260701|20|XXX14|3|500|690701141215|690701141215:20:XXX14:500|{FF3F5526-886A-4482-AE64-8AD080E379B5}
500013790||20260701|20|XXX14|1|70|690701141215|690701141215:20:XXX14:70|{810AA321-DE5B-46FC-B94A-82E4139A000A}
500013790||20260701|20|XXX14|1|80|690701141215|690701141215:20:XXX14:80|{047AB79E-A86B-4977-B699-EC9F4FE2A4E9}
500015385||20260701|17|55020|1|50|690701171320|690701171320:17:55020:50|{28524652-0DB5-4B4E-9572-E3A0173C2C20}
500032378||20260701|17|55020|1|50|690701174535|690701174535:17:55020:50|{989F4011-2D18-4A7D-9A06-D099B7BAF547}
500032378||20260701|17|55811|1|140|690701174535|690701174535:17:55811:140|{45F38AD3-ABCC-4894-AED4-63548CE29BD2}
500044529||20260701|15|30101|1|90|690701194853|690701194853:15:30101:90|{AA4FB8FB-165E-477F-B17B-EC2191A69789}
500044529||20260701|15|30201|2|75|690701194853|690701194853:15:30201:75|{77FC7B4E-9C73-49EF-9A62-8382134FA2CF}
500044529||20260701|15|30204|1|50|690701194853|690701194853:15:30204:50|{960C544B-CAD7-4D32-A792-393DE60754F0}
500044529||20260701|15|32001|1|100|690701194853|690701194853:15:32001:100|{E1845739-11C8-4142-8823-5F97024B3CAF}
500044529||20260701|15|32003|1|290|690701194853|690701194853:15:32003:290|{E84D2989-B53D-4900-A452-31F2F1B0662E}
500044529||20260701|15|32201|1|40|690701194853|690701194853:15:32201:40|{C21CA09D-E0A9-4C31-AD7E-CC669FDFC156}
500044529||20260701|15|32202|1|40|690701194853|690701194853:15:32202:40|{43800D13-6225-432F-B4FA-DF2B70AE57AD}
500044529||20260701|17|55020|1|50|690701194853|690701194853:17:55020:50|{934EDA1F-1683-4507-B348-89B54E85E747}
500044529||20260701|17|55820|1|100|690701194853|690701194853:17:55820:100|{13E0BE13-9E0C-4ED8-96AC-E9B806EFCC03}
500044529||20260701|17|55822|1|20|690701194853|690701194853:17:55822:20|{EA02C135-5637-4AE9-A496-9D2843C424A4}
500044529||20260701|17|55823|1|20|690701194853|690701194853:17:55823:20|{630CB955-4D0C-487D-8666-48D77F8D217C}
500044529||20260701|9|51410|1|200|690701194853|690701194853:9:51410:200|{31FC34CA-D4D4-45EB-822B-4B8A10C73FDE}
500047660||20260701|16|41003|1|250|690701200837|690701200837:16:41003:250|{CCC47FB6-6D9C-4118-B972-C5B6D2C0152A}
500047660||20260701|17|55020|1|50|690701200837|690701200837:17:55020:50|{1422E68C-DD7A-4F33-9651-7BB8FF76FEE4}
500047660||20260701|18|52441|1|0|690701200837|690701200837:18:52441:0|{9DFCAE37-1E3D-4381-A4D9-AF155C4C0E5C}
670095210||20260701|15|30101|1|90|690701212146|690701212146:15:30101:90|{F38043EB-7D77-4C33-AE34-D90670FBB5CF}
670095210||20260701|15|36506|1|350|690701212146|690701212146:15:36506:350|{89FBE938-F10D-4B97-AE55-942A0FE983EF}
670095210||20260701|17|55020|1|50|690701212146|690701212146:17:55020:50|{BBBE38D7-0ADE-4A73-B9ED-2FE8F08F8049}
670095210||20260701|18|52441|1|0|690701212146|690701212146:18:52441:0|{14571FC6-E4FF-4809-87D7-42AA7DA592ED}
500035038||20260701|17|55020|1|50|690701215106|690701215106:17:55020:50|{6CC02630-3ECC-4025-9C3A-834F48E952E9}
500027529||20260702|17|55811|1|140|690702000006|690702000006:17:55811:140|{09E77B0A-A49D-4F04-8D7B-C3298E318582}
500018156||20260702|12|62101|1|200|690702000008|690702000008:12:62101:200|{E72531A4-5084-434D-BC54-86B21D25688D}
500018156||20260702|12|62508|1|1000|690702000008|690702000008:12:62508:1000|{147359E1-201E-4F3E-8A63-B9DF75038451}
500018156||20260702|17|55021|1|50|690702000008|690702000008:17:55021:50|{3BD83177-1ACB-4CA3-A28A-56C786059D6D}
500055810||20260702|17|55811|1|140|690702000009|690702000009:17:55811:140|{348D5CBB-265F-40C0-9CCB-B0746A0AC1C6}
500009989||20260702|12|62101|2|200|690702000011|690702000011:12:62101:200|{8FE49ECA-FD7B-4FEF-BEB3-9478BB80FA96}
500009989||20260702|12|XXX13|2|0|690702000011|690702000011:12:XXX13:0|{9FEF3606-7C11-44F5-A9CB-010C26358344}
500009989||20260702|17|55021|1|50|690702000011|690702000011:17:55021:50|{955C753B-3644-4E94-95E6-C5EF522F532D}
500042388||20260702|15|30101|1|90|690702000018|690702000018:15:30101:90|{864B91F3-22A1-4AC6-AA2C-61074F151104}
500042388||20260702|15|31001|1|60|690702000018|690702000018:15:31001:60|{F36B0DD9-023D-433C-9CA3-64F98BF683E8}
500042388||20260702|15|32004|1|200|690702000018|690702000018:15:32004:200|{3ACF6701-9EE0-4D7F-BDCA-BE6CAA5266A7}
500042388||20260702|15|32201|1|40|690702000018|690702000018:15:32201:40|{67CD47FE-F7A2-4860-A34E-0AE9D6E38B1D}
500042388||20260702|15|32202|1|40|690702000018|690702000018:15:32202:40|{189784D0-5675-4662-BD82-FE83DCF9386D}
500042388||20260702|15|32203|1|40|690702000018|690702000018:15:32203:40|{76BBD3E8-AD05-40B3-B813-A48A8A115C17}
500042388||20260702|15|32205|1|60|690702000018|690702000018:15:32205:60|{9BA700B1-5734-4CD4-B52B-7360F2B7787E}
500042388||20260702|15|32309|1|40|690702000018|690702000018:15:32309:40|{F37AACED-4FA7-4DB8-AE14-AAA7E1516B2B}
500042388||20260702|15|32310|1|40|690702000018|690702000018:15:32310:40|{B1BE11AE-DBFD-40B1-952D-9A81832EC0EC}
500042388||20260702|15|32311|1|40|690702000018|690702000018:15:32311:40|{7B0F4A49-A46D-4D76-A964-C4CF25601CD7}
500042388||20260702|16|41003|1|250|690702000018|690702000018:16:41003:250|{9741F4D7-B58E-4205-A0F3-30A8ADE38B2A}
500042388||20260702|17|55021|1|50|690702000018|690702000018:17:55021:50|{25C273ED-04D2-492B-ADF2-72BB2C6467AD}
500005177||20260702|13|58001|1|150|690702000025|690702000025:13:58001:150|{8866F60B-4435-40F9-8A68-DBBDF9D62997}
620087206||20260702|12|61101|1|170|690702000032|690702000032:12:61101:170|{8D5B05CF-6894-492F-AAAD-ABC83B4C78D3}
620087206||20260702|12|64101|1|280|690702000032|690702000032:12:64101:280|{2568DF81-7711-4F09-883B-0A4D0BD071DD}
620087206||20260702|12|XXX13|2|0|690702000032|690702000032:12:XXX13:0|{CBF5710B-2409-4623-AA5E-CF0ABD8E165D}
620087206||20260702|17|55020|1|50|690702000032|690702000032:17:55020:50|{7A147F8D-AF1E-4982-B689-94E337272B90}
500015919||20260702|17|55020|1|50|690702000034|690702000034:17:55020:50|{AF4EC58F-CB33-4516-92F8-203B633656D7}
500015919||20260702|20|XXX14|3|500|690702000034|690702000034:20:XXX14:500|{2EAE533A-18BA-4BCF-A6AA-BAF806042CD5}
500015919||20260702|20|XXX14|1|70|690702000034|690702000034:20:XXX14:70|{CE454747-686A-4BF5-A974-2E0D1F9426C4}
500015919||20260702|20|XXX14|1|80|690702000034|690702000034:20:XXX14:80|{20B1A316-F437-4425-A70A-D00E29687EA1}
540072562||20260702|13|58001|1|150|690702000039|690702000039:13:58001:150|{2C09A07E-32FB-4065-9BCF-8F1A3EE8D01F}
500025587||20260702|13|58001|1|150|690702000047|690702000047:13:58001:150|{6BE46C17-B437-48E2-9397-BB29825FF3B7}
670094530||20260702|13|58001|1|150|690702000064|690702000064:13:58001:150|{19C02A7E-64C1-463A-BE69-355630D33BA0}
500021353||20260702|13|58001|1|150|690702000079|690702000079:13:58001:150|{6EC22314-DE5A-4DC5-A5C0-BCE62758A5EA}
500049956||20260702|13|58001|1|150|690702000080|690702000080:13:58001:150|{1080B042-20DD-4B23-B772-3746879597FC}
500041275||20260702|17|55020|1|50|690702000090|690702000090:17:55020:50|{7D1BD9E5-7450-4160-B494-47DE365220E4}
500041275||20260702|20|XXX14|2|500|690702000090|690702000090:20:XXX14:500|{6038D4E0-B996-42AA-9499-30880FD2586E}
500041275||20260702|20|XXX14|1|70|690702000090|690702000090:20:XXX14:70|{B7E1E34D-A56A-4A86-B74C-5C81C07C1F05}
500041275||20260702|20|XXX14|1|80|690702000090|690702000090:20:XXX14:80|{0BB09190-9314-4ED5-B814-8127A27FD166}
500001378||20260702|13|58001|1|150|690702000091|690702000091:13:58001:150|{7E14DE1C-F3A2-4FB3-BF8C-81636B9410DD}
500000194||20260702|17|55020|1|0|690702000098|690702000098:17:55020:0|{695693DD-E7F2-4EC0-896A-20163FA6D55C}
500000194||20260702|17|55811|1|140|690702000098|690702000098:17:55811:140|{533585E9-A5A7-4661-86C3-6698E301546F}
500024234||20260702|17|55020|1|0|690702000099|690702000099:17:55020:0|{A69CDDB6-CD7A-44B9-BA4B-5C631F229FA1}
500024234||20260702|17|55811|1|140|690702000099|690702000099:17:55811:140|{814A5146-3D57-4C96-BDC9-EE30877DEC35}
690096948||20260702|12|67212|1|600|690702000110|690702000110:12:67212:600|{05FA09D5-CB85-4C1B-A06E-28FE3DFAB044}
690096948||20260702|17|55020|1|50|690702000110|690702000110:17:55020:50|{CB93B7EC-076B-4E67-92A9-04E07CC6379C}
500041337||20260702|17|55020|1|50|690702000114|690702000114:17:55020:50|{BFD3BC86-BB5C-42C4-8246-090FDDF55495}
500041337||20260702|17|55823|1|20|690702000114|690702000114:17:55823:20|{3457669C-EA10-43D5-B054-4A640EC10F44}
500009611||20260702|13|58001|1|150|690702000117|690702000117:13:58001:150|{07B35294-04A9-42F0-9065-59933F8344AC}
500008027||20260702|17|55020|1|50|690702000118|690702000118:17:55020:50|{73761361-E1CE-4731-A01A-14132596EEE9}
500008027||20260702|20|XXX14|2|500|690702000118|690702000118:20:XXX14:500|{52393978-8381-4F6C-8A69-CD7C077F7A7D}
500008027||20260702|20|XXX14|1|60|690702000118|690702000118:20:XXX14:60|{C2C7CCE5-6597-4B2D-92D0-EE7096A7672F}
500008027||20260702|20|XXX14|1|70|690702000118|690702000118:20:XXX14:70|{DF73E7F8-1623-4E52-AAAE-75ADF65BEAAA}
500008027||20260702|20|XXX14|1|80|690702000118|690702000118:20:XXX14:80|{DE3EFD5C-A513-4963-93C0-61666F125455}
500013465||20260702|11||2|0|690702000119|690702000119:11::0|{54AA548C-7E1A-49D8-81B8-F8636CA8197C}
500013465||20260702|13|58001|1|150|690702000119|690702000119:13:58001:150|{41AE9792-84DD-483E-A75A-7407027C4847}
500009326||20260702|13|58001|1|150|690702000121|690702000121:13:58001:150|{D0741394-2B34-4FBF-B56D-FB78C7E4A459}
500009326||20260702|13|XXX15|1|100|690702000121|690702000121:13:XXX15:100|{73E50F36-C586-48FA-87DA-771FD096827E}
500051573||20260702|17|55020|1|50|690702000127|690702000127:17:55020:50|{FE315FE8-E84E-4567-889E-D297629335E8}
500051573||20260702|17|55823|1|20|690702000127|690702000127:17:55823:20|{8B4973BC-0FBD-4500-BB09-5A156E260C77}
690097778||20260702|17|55020|1|50|690702000131|690702000131:17:55020:50|{45ADA99C-29C8-40A8-8FCB-89B52B646BB4}
690097778||20260702|20|H9339|1|150|690702000131|690702000131:20:H9339:150|{E88C141F-D455-4E7A-841D-C63D09735499}
690097778||20260702|20|XXX14|1|500|690702000131|690702000131:20:XXX14:500|{50A510A3-5494-4567-81D0-36C6E7CCED5D}
500026688||20260702|17|55021|1|50|690702000137|690702000137:17:55021:50|{A935057C-1002-42A6-BDE0-8AD5A638B719}
500026688||20260702|20|XXX14|1|100|690702000137|690702000137:20:XXX14:100|{D0AC827B-DB78-4142-ABE8-69DCF3F97C1E}
500026688||20260702|20|XXX14|3|500|690702000137|690702000137:20:XXX14:500|{81AE297B-1B2B-43F5-8D86-90E3F208EFBA}
500026688||20260702|20|XXX14|2|60|690702000137|690702000137:20:XXX14:60|{ABF4C178-EC2A-4CC2-BB66-E1A896DEFAB1}
500026688||20260702|20|XXX14|2|70|690702000137|690702000137:20:XXX14:70|{175E4345-0C32-4D83-9C54-48FE3A0A985F}
500003054||20260702|17|55021|1|50|690702000138|690702000138:17:55021:50|{945E0408-73F3-48D4-B295-94F40C2536AD}
500003054||20260702|17|55810|1|70|690702000138|690702000138:17:55810:70|{60C22049-1601-480D-B43A-2B1C13507C1E}
500008061||20260702|17|55021|1|50|690702000147|690702000147:17:55021:50|{348BF406-C51B-4278-BF82-D90BEDE48705}
500008061||20260702|20|XXX14|3|500|690702000147|690702000147:20:XXX14:500|{BAB77696-4DEB-4FAB-AEA4-5E8FB5D58A37}
500008061||20260702|20|XXX14|1|70|690702000147|690702000147:20:XXX14:70|{C7388CD4-3A3C-430C-BB8D-3A55583D3D2E}
500008061||20260702|20|XXX14|2|80|690702000147|690702000147:20:XXX14:80|{D5CF91D0-9808-4CCC-9D88-5C3F11E02665}
570076525||20260702|17|55021|1|50|690702000148|690702000148:17:55021:50|{7890C63D-68CC-4069-B708-36EC7D9A8B1F}
620085890||20260702|17|55021|1|50|690702000161|690702000161:17:55021:50|{9F86E95E-7BE0-49BA-BF30-19A2ACA1ED93}
620085890||20260702|17|55823|1|20|690702000161|690702000161:17:55823:20|{E28E9557-200C-4261-84CB-B8E6E4899181}
500035472||20260702|15|30201|2|75|690702071704|690702071704:15:30201:75|{9975599D-6D22-414C-872E-F2EB1F5D37AA}
500035472||20260702|17|55021|1|50|690702071704|690702071704:17:55021:50|{1942E55E-CA82-40DF-8604-CBD06D0DDFEC}
500035472||20260702|18|52441|1|0|690702071704|690702071704:18:52441:0|{39CAC977-313C-4AB4-92FB-DF41FE9DF518}
500001057||20260702|15|30101|1|90|690702072618|690702072618:15:30101:90|{E72472BC-6FD3-4B0A-A9E7-F6DF5AC4D5CA}
500001057||20260702|15|31001|1|60|690702072618|690702072618:15:31001:60|{8BFA2802-797F-4972-9042-039C30E6DBAA}
500001057||20260702|15|32004|1|200|690702072618|690702072618:15:32004:200|{481BADBF-14E1-47AE-AD5F-C3387489329C}
500001057||20260702|15|32201|1|40|690702072618|690702072618:15:32201:40|{9BCA3A0D-D503-4DDF-848C-60DD9FC3836E}
500001057||20260702|15|32202|1|40|690702072618|690702072618:15:32202:40|{AE14664C-5276-47EE-BE28-C27CE0E89783}
500001057||20260702|15|32203|1|40|690702072618|690702072618:15:32203:40|{2600E24F-B984-4664-BD27-F55BCA37E730}
500001057||20260702|15|32205|1|60|690702072618|690702072618:15:32205:60|{32EEF32B-03CA-416E-A20F-8524B6495282}
500001057||20260702|15|32309|1|40|690702072618|690702072618:15:32309:40|{98750904-08CF-4AD7-A7EB-B97A6B7FA077}
500001057||20260702|15|32310|1|40|690702072618|690702072618:15:32310:40|{2E64A43D-5BB3-4256-97E6-05954817B446}
500001057||20260702|15|32311|1|40|690702072618|690702072618:15:32311:40|{3601C592-1B98-4C58-86D3-F1DCFF367960}
500001057||20260702|16|41003|1|250|690702072618|690702072618:16:41003:250|{59DDA013-DC47-4275-866A-B7373298C311}
500001057||20260702|17|55020|1|50|690702072618|690702072618:17:55020:50|{854AAA5E-D0F0-412E-B766-2E93BBC33FE9}
500003970||20260702|15|30101|1|90|690702072619|690702072619:15:30101:90|{850B9B18-1D0E-4B6E-BB2E-157C7FDF15EF}
500003970||20260702|15|31001|1|60|690702072619|690702072619:15:31001:60|{B17615A3-025D-4A51-8B4E-CC9226633CC2}
500003970||20260702|15|32004|1|200|690702072619|690702072619:15:32004:200|{006ECEEF-9378-4609-9FD4-4462B86218ED}
500003970||20260702|15|32201|1|40|690702072619|690702072619:15:32201:40|{D61B54C3-8F6F-4CE4-A9D7-53E7F2822485}
500003970||20260702|15|32202|1|40|690702072619|690702072619:15:32202:40|{8D15542E-EC20-4B66-A508-47AAAF38D3D0}
500003970||20260702|15|32203|1|40|690702072619|690702072619:15:32203:40|{A0569B48-1E45-42E9-A416-83A55F0B44DE}
500003970||20260702|15|32205|1|60|690702072619|690702072619:15:32205:60|{AAEBBFA6-AA13-40B6-AE4F-E9263EF77237}
500003970||20260702|15|32309|1|40|690702072619|690702072619:15:32309:40|{39B3C386-8455-4920-8ADB-553BA345EF4B}
500003970||20260702|15|32310|1|40|690702072619|690702072619:15:32310:40|{80C5B3A8-00F4-4F53-8539-FA5C2982CB13}
500003970||20260702|15|32311|1|40|690702072619|690702072619:15:32311:40|{E255FDFD-AC31-43D6-81C7-F3514BFA02C0}
500003970||20260702|16|41003|1|250|690702072619|690702072619:16:41003:250|{35474A4E-14FC-4259-A74F-1D593D921F43}
500003970||20260702|17|55020|1|50|690702072619|690702072619:17:55020:50|{DFD7570E-A181-4775-9DEE-8D52445664D6}
500011392||20260702|15|32004|1|200|690702073150|690702073150:15:32004:200|{B16A60C9-2AC6-49DD-A40A-B17833DDBECF}
500011392||20260702|17|55021|1|50|690702073150|690702073150:17:55021:50|{8881C6D9-C825-4C33-8816-29CA9DC42D90}
500011392||20260702|18|52441|1|0|690702073150|690702073150:18:52441:0|{A0769293-2A49-4F14-8522-E04E76FA415F}
500011392||20260702|2|8307|1|1000|690702073150|690702073150:2:8307:1000|{5CC7C39E-442F-452E-ACEF-45765EF89CC0}
500011392||20260702|20|XXX14|3|500|690702073150|690702073150:20:XXX14:500|{2EF6A8F0-E7E9-462A-B334-018ADB0877CD}
500011392||20260702|20|XXX14|2|70|690702073150|690702073150:20:XXX14:70|{E880DABE-7084-434C-A8A8-C5A08E0FEE24}
500011392||20260702|20|XXX14|1|80|690702073150|690702073150:20:XXX14:80|{3AD588F4-5765-42EA-B0CA-AEE8877E653C}
500019565||20260702|15|30201|2|75|690702073609|690702073609:15:30201:75|{D69E3408-1567-4BB1-A776-5FF29755C6EE}
500019565||20260702|15|32203|1|40|690702073609|690702073609:15:32203:40|{DF1BB521-3285-48BB-9A34-1F5C4B3454E3}
500019565||20260702|17|55021|1|50|690702073609|690702073609:17:55021:50|{7B5D836D-3367-4FC2-AB44-E8D089F3333A}
500008912||20260702|15|30101|1|90|690702074006|690702074006:15:30101:90|{C0400638-8414-496E-BE81-4A80BD06ED4F}
500008912||20260702|15|31001|1|60|690702074006|690702074006:15:31001:60|{D03F2749-E4C9-4783-907C-61F25C044553}
500008912||20260702|15|32004|1|200|690702074006|690702074006:15:32004:200|{00AA5545-C26E-4679-ADC0-A1A043E5DA82}
500008912||20260702|15|32201|1|40|690702074006|690702074006:15:32201:40|{3F3E9ECB-5C78-4858-998B-990A7BCCDBD7}
500008912||20260702|15|32202|1|40|690702074006|690702074006:15:32202:40|{873154B4-814C-4299-9CB8-4F2CE165351F}
500008912||20260702|15|32203|1|40|690702074006|690702074006:15:32203:40|{56B631B2-91C5-4600-BA80-509625EFA03F}
500008912||20260702|15|32205|1|60|690702074006|690702074006:15:32205:60|{564F1635-94AC-4054-A040-AF6191DD04F4}
500008912||20260702|15|32309|1|40|690702074006|690702074006:15:32309:40|{C968B8FD-36C4-4715-8B92-9D1C1759F0D8}
500008912||20260702|15|32310|1|40|690702074006|690702074006:15:32310:40|{1CE2BBC8-7A93-4FA4-8E10-65D7B10E3058}
500008912||20260702|15|32311|1|40|690702074006|690702074006:15:32311:40|{CC4FE3CD-1092-4BD3-B364-B27C2CAAEABA}
500008912||20260702|16|41003|1|250|690702074006|690702074006:16:41003:250|{013478BE-1C41-418F-BEFF-5DF0F607DAD3}
500008912||20260702|17|55020|1|50|690702074006|690702074006:17:55020:50|{4432F6A7-9D28-4636-80F6-28A4993DDC8F}
600082196||20260702|17|55021|1|50|690702074619|690702074619:17:55021:50|{90E3A495-AD55-409A-B5D2-3C1C099F5E25}
580078928||20260702|15|30101|1|90|690702075619|690702075619:15:30101:90|{24BEEBB5-071A-415B-ABA1-728171A3C304}
580078928||20260702|15|30304|1|100|690702075619|690702075619:15:30304:100|{7BFECEB2-7916-4100-ADD3-6548DBA35D57}
580078928||20260702|15|30305|1|80|690702075619|690702075619:15:30305:80|{06F96AE0-5B3B-43AE-9411-0A1B8310F976}
580078928||20260702|15|30306|1|310|690702075619|690702075619:15:30306:310|{34CD732B-A10D-40FE-93D1-CBE389C74C8C}
580078928||20260702|15|30307|1|250|690702075619|690702075619:15:30307:250|{89C79CAA-0829-4A24-A42D-B56A5006F31B}
580078928||20260702|15|32001|1|100|690702075619|690702075619:15:32001:100|{592F8D15-6CD9-4CD3-87B0-B5A49A767BDB}
580078928||20260702|15|32106|1|50|690702075619|690702075619:15:32106:50|{C0A56A30-F385-4A1C-8A80-4AF2D3D2C045}
580078928||20260702|15|32107|1|50|690702075619|690702075619:15:32107:50|{5D77C36F-95E1-4EB6-B3CE-749A01EAFE85}
580078928||20260702|15|32109|1|50|690702075619|690702075619:15:32109:50|{A393E0B0-8841-46CA-A1B2-1D8D091D3CC0}
580078928||20260702|15|32201|2|40|690702075619|690702075619:15:32201:40|{B8ADD697-2FBE-4046-9F82-256371140A95}
580078928||20260702|15|32202|1|40|690702075619|690702075619:15:32202:40|{9C2F63FE-B804-415B-AEDC-8895447CF681}
580078928||20260702|15|32203|1|40|690702075619|690702075619:15:32203:40|{C7534438-AFBA-403C-8A85-2077AFE9A99E}
580078928||20260702|15|32205|1|60|690702075619|690702075619:15:32205:60|{E8E1AED5-328D-467E-B393-5A7BFEFB2F4B}
580078928||20260702|15|32401|1|150|690702075619|690702075619:15:32401:150|{5EB9CFB2-0C46-4BC2-8B4B-559DE4F9B0A6}
580078928||20260702|15|32403|1|30|690702075619|690702075619:15:32403:30|{61C3EFDD-A2DC-4630-A925-E2C35466E1D2}
580078928||20260702|15|32613|1|210|690702075619|690702075619:15:32613:210|{E1D4D158-BF6A-4534-BF90-7A2FCAD7D564}
580078928||20260702|15|36317|1|150|690702075619|690702075619:15:36317:150|{D5E3AFD0-DC2A-4009-A3A5-4A0AD542EEB8}
580078928||20260702|15|36318|1|130|690702075619|690702075619:15:36318:130|{2FA58F06-0756-4069-84E5-C1835080CC32}
580078928||20260702|15|36331|1|300|690702075619|690702075619:15:36331:300|{1CDC4641-BD26-4030-A3BD-A5EC078AB231}
500012530||20260702|15|30101|1|90|690702075824|690702075824:15:30101:90|{84233C9C-97FB-4DA4-8DC6-BF47A592FA6C}
500012530||20260702|15|30304|1|100|690702075824|690702075824:15:30304:100|{2E9DE72E-F030-44F5-8A88-07A7B25DB408}
500012530||20260702|15|30305|1|80|690702075824|690702075824:15:30305:80|{4A7AA83E-6422-4A84-B6D0-6626BF050AB8}
500012530||20260702|15|30306|1|310|690702075824|690702075824:15:30306:310|{F57F4EF1-0C7D-496B-B730-0791FC3B7A61}
500012530||20260702|15|30307|1|250|690702075824|690702075824:15:30307:250|{FD74B8EC-96FD-42D5-B383-B7940DDE71E2}
500012530||20260702|15|32001|1|100|690702075824|690702075824:15:32001:100|{9755B8E3-59B6-4494-ACCA-B1DB23305737}
500012530||20260702|15|32106|1|50|690702075824|690702075824:15:32106:50|{8ACD892C-0C5A-45D0-B117-332A78E54210}
500012530||20260702|15|32107|1|50|690702075824|690702075824:15:32107:50|{4FC3C3DC-9886-4A06-A421-CA3D75C90A8C}
500012530||20260702|15|32109|1|50|690702075824|690702075824:15:32109:50|{BA5EF91B-50F7-4883-9635-A058E78874B1}
500012530||20260702|15|32201|2|40|690702075824|690702075824:15:32201:40|{69CA7FEF-9E82-4D42-BD41-89135A7AC02C}
500012530||20260702|15|32202|1|40|690702075824|690702075824:15:32202:40|{97485736-BA99-4484-A5D2-3B375553A1BA}
500012530||20260702|15|32203|1|40|690702075824|690702075824:15:32203:40|{60492A58-90F8-405E-B061-22A3906E7311}
500012530||20260702|15|32205|1|60|690702075824|690702075824:15:32205:60|{562EB4F1-8C2E-4087-9AC3-73B3191F7FBE}
500012530||20260702|15|32401|1|150|690702075824|690702075824:15:32401:150|{256B7A01-5FA0-4E55-A3E3-1526F6A39359}
500012530||20260702|15|32403|1|30|690702075824|690702075824:15:32403:30|{0AFAD578-AB4C-4AB2-BE39-6CA58400417F}
500012530||20260702|15|32613|1|210|690702075824|690702075824:15:32613:210|{30BE65D1-A357-4A03-9471-3EB730B32A92}
500012530||20260702|15|36317|1|150|690702075824|690702075824:15:36317:150|{27FE1D6A-4B45-4463-AB8C-2780A702D731}
500012530||20260702|15|36318|1|130|690702075824|690702075824:15:36318:130|{5A15FA56-2645-497C-A213-DDCD18D7D2D4}
500012530||20260702|15|36331|1|300|690702075824|690702075824:15:36331:300|{06C5E4F4-12AF-4FEA-8C7B-2CE59FA1F8C1}
690097102||20260702|15|30101|1|90|690702075906|690702075906:15:30101:90|{DF965B44-C2CE-479E-919D-99AD68D6F54C}
690097102||20260702|15|30304|1|100|690702075906|690702075906:15:30304:100|{23761E5D-0F59-4F9C-AD46-D3754949DC6E}
690097102||20260702|15|30305|1|80|690702075906|690702075906:15:30305:80|{20747EAF-19BD-417C-ADD8-C89F5737AF4D}
690097102||20260702|15|30306|1|310|690702075906|690702075906:15:30306:310|{6CD1CCA5-4E6C-4F94-AF59-8DD7EF1CD25B}
690097102||20260702|15|30307|1|250|690702075906|690702075906:15:30307:250|{1CC15046-BA00-4F8C-A572-5124FE10A02C}
690097102||20260702|15|32001|1|100|690702075906|690702075906:15:32001:100|{B0629969-9CD4-40E4-9057-44396530A377}
690097102||20260702|15|32106|1|50|690702075906|690702075906:15:32106:50|{B2045CFB-C42F-4823-A6A0-D390C868FE1F}
690097102||20260702|15|32107|1|50|690702075906|690702075906:15:32107:50|{40F8C26A-E7C3-46C7-A6B1-27057F8286E1}
690097102||20260702|15|32109|1|50|690702075906|690702075906:15:32109:50|{54172B26-E416-48AB-ACED-06A88C6D1B7C}
690097102||20260702|15|32201|2|40|690702075906|690702075906:15:32201:40|{F8A32DEC-FF0E-4639-B503-0A6C874A7245}
690097102||20260702|15|32202|1|40|690702075906|690702075906:15:32202:40|{1FAB0B54-5A20-41E7-B841-4B7B0CA7E4D0}
690097102||20260702|15|32205|1|60|690702075906|690702075906:15:32205:60|{2EDC63F3-2680-4075-9E0D-357E3C661EE7}
690097102||20260702|15|32401|1|150|690702075906|690702075906:15:32401:150|{2AD1E951-7B77-477D-986B-CB26D111E487}
690097102||20260702|15|32403|1|30|690702075906|690702075906:15:32403:30|{D63E3B04-9903-4D24-960D-E17460170CA5}
690097102||20260702|15|32613|1|210|690702075906|690702075906:15:32613:210|{5D2CF42E-2E99-4F96-B435-8E4574C72C8D}
690097102||20260702|15|36317|1|150|690702075906|690702075906:15:36317:150|{AA788C61-74F1-45F5-8DD4-C519DF94C28B}
690097102||20260702|15|36318|1|130|690702075906|690702075906:15:36318:130|{B0072396-776D-44BA-B9BD-FE251172FBFD}
690097102||20260702|15|36331|1|300|690702075906|690702075906:15:36331:300|{C5362A1F-2FD0-43D8-B5C4-E3C3F9ACFDD6}
510064144||20260702|12|62101|1|200|690702081645|690702081645:12:62101:200|{3CF7F06F-DD46-4220-B4B7-BA2B2C2AFF67}
510064144||20260702|12|XXX13|2|0|690702081645|690702081645:12:XXX13:0|{B2D9F16B-DC84-4B22-8DF2-5638E62AD81A}
510064144||20260702|17|55020|1|50|690702081645|690702081645:17:55020:50|{6A18F99C-F099-4DBE-A1F7-E902250114F0}
510064144||20260702|20|XXX14|2|500|690702081645|690702081645:20:XXX14:500|{85AD677B-C601-4470-8167-0169CCE70CBF}
510064144||20260702|20|XXX14|2|60|690702081645|690702081645:20:XXX14:60|{8412C5A3-EF0E-4EA7-A789-390F89FA2735}
510064144||20260702|20|XXX14|1|70|690702081645|690702081645:20:XXX14:70|{24CE5D70-C690-4606-9BB7-F3F13313E89D}
500018332||20260702|17|55020|1|50|690702082840|690702082840:17:55020:50|{B8DDE1DB-DA13-4656-B338-582BF76D52D9}
500018332||20260702|17|55999|1|60|690702082840|690702082840:17:55999:60|{04B0AEDE-724A-41A0-84C0-C3A585E3C747}
500027054||20260702|15|32004|1|200|690702083228|690702083228:15:32004:200|{7FC5D3C8-B686-476C-933D-D5F0AE55D4E6}
500027054||20260702|15|32201|1|40|690702083228|690702083228:15:32201:40|{024508BD-59D8-45C3-B7D3-29EB96415589}
500027054||20260702|15|32202|1|40|690702083228|690702083228:15:32202:40|{BAFF67F9-0036-4D96-8339-A775EAEE64C7}
500027054||20260702|15|32203|1|40|690702083228|690702083228:15:32203:40|{3E9773AA-96D3-471B-9E2D-74D9D914BE92}
500027054||20260702|15|32205|1|60|690702083228|690702083228:15:32205:60|{B673B8C3-BAE9-4EF2-A935-758764EC4E60}
500027054||20260702|15|32309|1|40|690702083228|690702083228:15:32309:40|{4C70D88C-1C8B-43DF-9C48-24BAE0140405}
500027054||20260702|15|32310|1|40|690702083228|690702083228:15:32310:40|{6A73DC1A-4019-41FA-AC2F-740E204EA642}
500027054||20260702|15|32311|1|40|690702083228|690702083228:15:32311:40|{D610E1AA-A9E7-44D6-B758-DB99587A9C8C}
500004731||20260702|15|32004|1|200|690702083314|690702083314:15:32004:200|{42FB279E-D972-4F7B-95CC-E2551295A4F2}
500004731||20260702|15|32201|1|40|690702083314|690702083314:15:32201:40|{F544DB77-6067-4ABA-B8F5-D6CA95B08F12}
500004731||20260702|15|32202|1|40|690702083314|690702083314:15:32202:40|{77FE2E6D-E595-48D9-ABB1-79C1B2EE49E2}
500004731||20260702|15|32203|1|40|690702083314|690702083314:15:32203:40|{ADA925AD-F771-4B35-9C53-E41D353901CF}
500004731||20260702|15|32205|1|60|690702083314|690702083314:15:32205:60|{CA96EDD1-8B67-4AA7-A48B-83945D4AA2A0}
500004731||20260702|15|32309|1|40|690702083314|690702083314:15:32309:40|{1D2C8B2A-8837-48A1-947D-8B1B8AFDD946}
500004731||20260702|15|32310|1|40|690702083314|690702083314:15:32310:40|{CB774B16-0606-49BC-A5A7-5AED85161417}
500004731||20260702|15|32311|1|40|690702083314|690702083314:15:32311:40|{7686D02E-D854-4C09-B216-7CC584D354A4}
690097667||20260702|15|30101|1|90|690702083631|690702083631:15:30101:90|{C5B9EEFE-5486-4F4F-8944-13168A437AE0}
690097667||20260702|15|31001|1|60|690702083631|690702083631:15:31001:60|{DF0DD070-0214-41C0-867A-8FFB0C0A6B65}
690097667||20260702|15|32201|1|40|690702083631|690702083631:15:32201:40|{B927215F-2B60-4900-B0AB-8167503CFB07}
690097667||20260702|15|32202|1|40|690702083631|690702083631:15:32202:40|{FF1B33CA-DAFA-4A7D-AEB1-7E3F1BC32E3A}
690097667||20260702|16|41003|1|250|690702083631|690702083631:16:41003:250|{2DCB507E-90EF-40B8-90F5-6BDAD92E44C2}
690097667||20260702|17|55020|1|50|690702083631|690702083631:17:55020:50|{D9BBF12B-F75C-42F4-A283-44BE320267CB}
500008428||20260702|17|55020|1|50|690702083906|690702083906:17:55020:50|{688AB319-129F-4832-A473-A8E773589035}
500002569||20260702|16|41003|2|250|690702085527|690702085527:16:41003:250|{EA9EC33F-EFE8-4174-892A-40B82B580276}
500002569||20260702|17|55020|1|50|690702085527|690702085527:17:55020:50|{07340808-8B5B-4405-BB4D-AACE48934F54}
500002569||20260702|17|55823|1|20|690702085527|690702085527:17:55823:20|{A9752BD3-0E60-4BC4-B4CC-F535E74EAC71}
500002569||20260702|2|8307|1|1000|690702085527|690702085527:2:8307:1000|{20687327-68A0-4485-9083-68091A160548}
500020137||20260702|15|30101|1|90|690702085645|690702085645:15:30101:90|{41CF29FC-1000-46B4-97F9-41B00B4B7017}
500020137||20260702|15|32001|1|100|690702085645|690702085645:15:32001:100|{CD747D27-E2F0-42D5-BC94-B2C3FA1C6493}
500020137||20260702|15|32202|1|40|690702085645|690702085645:15:32202:40|{0EF42C35-F612-4B08-99DE-D8D0F9017C4F}
500020137||20260702|17|55020|1|50|690702085645|690702085645:17:55020:50|{B9F791BB-3A7C-4589-B174-529479ED4B40}
500020137||20260702|18|52441|1|0|690702085645|690702085645:18:52441:0|{5DF187F2-7304-4E1E-85DD-FA6504B63841}
500006275||20260702|17|55020|1|50|690702091437|690702091437:17:55020:50|{4390BEDD-59BB-4D81-A240-D8BE6BDB929D}
500029334||20260702|15|32004|1|200|690702091533|690702091533:15:32004:200|{9443FA02-81DC-45B0-A06F-C4E234056577}
500029334||20260702|15|32201|1|40|690702091533|690702091533:15:32201:40|{9CB843D5-32FC-4301-85EC-26D5244EC85C}
500029334||20260702|15|32202|1|40|690702091533|690702091533:15:32202:40|{3A174440-970C-4EF3-9660-0A76112A9B54}
500029334||20260702|15|32203|1|40|690702091533|690702091533:15:32203:40|{773E13C3-A711-48E3-8404-7D11D3EBF584}
500029334||20260702|15|32205|1|60|690702091533|690702091533:15:32205:60|{6D4EB056-1198-4E59-BF3B-EFAA5E294A29}
500029334||20260702|15|32309|1|40|690702091533|690702091533:15:32309:40|{0CBEC32B-9B0B-48F2-9529-F8276B677EC7}
500029334||20260702|15|32310|1|40|690702091533|690702091533:15:32310:40|{8F0243E5-3CE0-4865-B40D-D965481BF920}
500029334||20260702|15|32311|1|40|690702091533|690702091533:15:32311:40|{82DEEBF1-90B9-411E-8763-00EFA571D7B6}
500026881||20260702|15|32004|1|200|690702094150|690702094150:15:32004:200|{C8CA62EC-1E5C-48E6-AC93-4D9C1AAC044A}
500026881||20260702|15|32201|1|40|690702094150|690702094150:15:32201:40|{290FD6BD-FA9F-4BB7-95F8-BB68A5757E0E}
500026881||20260702|15|32202|1|40|690702094150|690702094150:15:32202:40|{5B73EB4A-FA0E-403D-85C0-89D770DD507B}
500026881||20260702|15|32203|1|40|690702094150|690702094150:15:32203:40|{9307CA23-59DE-4BF5-B0CF-B0A3B7E9E1B3}
500026881||20260702|15|32205|1|60|690702094150|690702094150:15:32205:60|{306F4507-2C5A-405F-9FB3-530BA6A743A4}
500026881||20260702|15|32309|1|40|690702094150|690702094150:15:32309:40|{BFDBF129-E01A-4DDD-8267-E215F3BC9331}
500026881||20260702|15|32310|1|40|690702094150|690702094150:15:32310:40|{E74F06E5-DCDF-4C4C-A8B5-AD77673DD59A}
500026881||20260702|15|32311|1|40|690702094150|690702094150:15:32311:40|{F2512546-9CF8-4D19-BEAB-8625405BD99A}
540071883||20260702|15|32608|1|170|690702094708|690702094708:15:32608:170|{79A13CAD-3628-4287-BF81-8CD9C9514767}
540071883||20260702|15|32610|1|150|690702094708|690702094708:15:32610:150|{78F9FE0A-57F2-4481-BEA8-EE40555681F6}
540071883||20260702|15|32612|1|170|690702094708|690702094708:15:32612:170|{544573B8-754C-46B1-80BB-6E9E24CF0738}
550073622||20260702|15|32608|1|170|690702094817|690702094817:15:32608:170|{AD03E8D5-37E0-4F78-B637-D35A1D04E3BE}
550073622||20260702|15|32610|1|150|690702094817|690702094817:15:32610:150|{5705BAC6-9027-4940-8E64-D2A93A6AB8A8}
550073622||20260702|15|32612|1|170|690702094817|690702094817:15:32612:170|{3F891207-7DC4-4754-926B-95BE51E4A5FD}
630088715||20260702|15|32004|1|200|690702100150|690702100150:15:32004:200|{DC2DB5CD-3871-4F71-8C54-9FF1E7D66331}
610084722||20260702|15|32004|1|200|690702100943|690702100943:15:32004:200|{7A4BD7F8-AA7E-463F-8B8B-5B5C58A3290C}
610084722||20260702|15|32201|1|40|690702100943|690702100943:15:32201:40|{5E86D828-8101-4A39-A94A-3504D9053408}
610084722||20260702|15|32202|1|40|690702100943|690702100943:15:32202:40|{54301899-0B58-47B3-84B9-81C1FF0A3199}
610084722||20260702|15|32203|1|40|690702100943|690702100943:15:32203:40|{2E2ED532-F238-4224-B9C5-6F1C2F280D00}
610084722||20260702|15|32205|1|60|690702100943|690702100943:15:32205:60|{50C60517-E3C0-4645-9557-7D2A50149D48}
610084722||20260702|15|32309|1|40|690702100943|690702100943:15:32309:40|{1C9A1C53-7454-4D84-8044-68E53D1C472C}
610084722||20260702|15|32310|1|40|690702100943|690702100943:15:32310:40|{2CC580BE-2AC5-4145-9EA2-D32CE33D9C7B}
610084722||20260702|15|32311|1|40|690702100943|690702100943:15:32311:40|{193EF557-B680-48C3-8117-F4081AA35158}
610084722||20260702|15|32608|1|170|690702100943|690702100943:15:32608:170|{8873E5B9-5A5D-4D23-9F87-759EF170DDE4}
610084722||20260702|15|32610|1|150|690702100943|690702100943:15:32610:150|{19883B0C-599E-44A2-A9E5-0C47CEEA6FD0}
610084722||20260702|15|32612|1|170|690702100943|690702100943:15:32612:170|{A9B75CAD-AA1F-40BA-9120-3E4B4DAE9A63}
520065986||20260702|15|32004|1|200|690702111943|690702111943:15:32004:200|{FA440341-5F8F-49D3-9F51-694874F1FA8F}
520065986||20260702|15|32201|1|40|690702111943|690702111943:15:32201:40|{F39AC5CC-6FA1-4664-9B34-28D8A72095DE}
520065986||20260702|15|32202|1|40|690702111943|690702111943:15:32202:40|{8A810B78-1582-496C-B992-C9CC8E91054C}
520065986||20260702|15|32203|1|40|690702111943|690702111943:15:32203:40|{F679EDD8-1B20-4751-AD9D-475F3DA3E7E3}
520065986||20260702|15|32205|1|60|690702111943|690702111943:15:32205:60|{8B6FBD43-E0B7-40F0-B41B-5E4CA007CD22}
520065986||20260702|15|32309|1|40|690702111943|690702111943:15:32309:40|{6B5C3A72-DD09-4B13-AD3F-326AD09E8110}
520065986||20260702|15|32310|1|40|690702111943|690702111943:15:32310:40|{3D567FED-AE4B-43F5-A0AA-274AFA80B957}
520065986||20260702|15|32311|1|40|690702111943|690702111943:15:32311:40|{AFAB6C86-77AA-4802-93A8-538E9CCDF355}
660093017||20260702|15|32004|1|200|690702112214|690702112214:15:32004:200|{ED1400E5-06B0-4118-9C77-F51295D1839E}
660093017||20260702|15|32201|1|40|690702112214|690702112214:15:32201:40|{02744250-5210-4FB3-87B2-16466F4EB207}
660093017||20260702|15|32202|1|40|690702112214|690702112214:15:32202:40|{59009C1E-3BBF-4E62-A9A7-2B11F74557A4}
660093017||20260702|15|32203|1|40|690702112214|690702112214:15:32203:40|{25AAA8BE-967D-449D-9DBE-E29DA0FE75FB}
660093017||20260702|15|32205|1|60|690702112214|690702112214:15:32205:60|{BD8DBB72-BF99-4952-993D-F31457A40242}
660093017||20260702|15|32309|1|40|690702112214|690702112214:15:32309:40|{5BB81202-2130-48E6-AE93-0413198A77EC}
660093017||20260702|15|32310|1|40|690702112214|690702112214:15:32310:40|{1EDE22F6-A5BD-448B-A75B-7D4FC531E2E3}
660093017||20260702|15|32311|1|40|690702112214|690702112214:15:32311:40|{EF12D872-D3CE-4821-9CFA-22151FEC4C5C}
500000650||20260702|17|55020|1|50|690702131302|690702131302:17:55020:50|{A607ACE6-F83E-4E6C-BC71-E97D07F64842}
500000650||20260702|18|52441|1|0|690702131302|690702131302:18:52441:0|{D53B7465-D06C-4144-B59A-ADB91124075E}
500006380||20260702|17|55020|1|50|690702131857|690702131857:17:55020:50|{70535493-4B03-4EBA-A491-4268C998013F}
500006380||20260702|17|55822|3|20|690702131857|690702131857:17:55822:20|{FBB74935-EC0A-46BB-8DFA-C510662820AC}
500006380||20260702|18|52441|1|0|690702131857|690702131857:18:52441:0|{BD5140E9-E5C3-4DE2-9B26-99A766C934D4}
500062194||20260702|17|55020|1|50|690702133348|690702133348:17:55020:50|{6B1F0C17-01F4-45BF-9234-E6B018CF910C}
500062194||20260702|17|55822|2|20|690702133348|690702133348:17:55822:20|{52F58E6A-FD87-4099-959F-816D32383040}
500062194||20260702|18|52441|1|0|690702133348|690702133348:18:52441:0|{8A9468D5-6C4D-453B-8290-65EB8987FBBC}
500031718||20260702|17|55020|1|50|690702140326|690702140326:17:55020:50|{803E6C40-85C5-44E1-A61D-1D202327AC0A}
630087648||20260702|15|30101|1|90|690702150523|690702150523:15:30101:90|{E926F512-1B86-4698-9D90-9BD6D941A04A}
630087648||20260702|15|30304|1|100|690702150523|690702150523:15:30304:100|{227E3E76-D4E4-412D-B8D5-841A188DADEB}
630087648||20260702|15|30305|1|80|690702150523|690702150523:15:30305:80|{BFC5A039-6369-4FAB-A969-16B7D2560323}
630087648||20260702|15|30306|1|310|690702150523|690702150523:15:30306:310|{C26353C0-28FF-46AF-8086-4AE75BA59EEF}
630087648||20260702|15|30307|1|250|690702150523|690702150523:15:30307:250|{64259972-3EF2-49E5-ACAC-217109C326BB}
630087648||20260702|15|32001|1|100|690702150523|690702150523:15:32001:100|{BEADA189-C6E8-4766-A2B5-FA3251589D91}
630087648||20260702|15|32106|1|50|690702150523|690702150523:15:32106:50|{C3CE4DCA-D80A-4A7E-9C11-12A5938B750C}
630087648||20260702|15|32107|1|50|690702150523|690702150523:15:32107:50|{38EB3FF0-CBC7-49CA-BBE6-2455E6E631EE}
630087648||20260702|15|32109|1|50|690702150523|690702150523:15:32109:50|{F92E39D5-9BEB-4F42-8E1C-68EAF527A4B0}
630087648||20260702|15|32201|2|40|690702150523|690702150523:15:32201:40|{D2A1B56F-9095-4CEC-895D-9B30775EAC46}
630087648||20260702|15|32202|1|40|690702150523|690702150523:15:32202:40|{40E4853C-D1C0-465D-8E5E-3EA0F985FA6B}
630087648||20260702|15|32205|1|60|690702150523|690702150523:15:32205:60|{528A1F2F-E632-41FA-AC92-71CC2E48D203}
630087648||20260702|15|32401|1|150|690702150523|690702150523:15:32401:150|{A1E51B05-8461-4624-B085-9377EE61BFD3}
630087648||20260702|15|32403|1|30|690702150523|690702150523:15:32403:30|{DF228AB7-E6F9-4F91-B9FB-09C7357AA32D}
630087648||20260702|15|32613|1|210|690702150523|690702150523:15:32613:210|{B143EA57-8233-44BC-BF12-CFD2549B47EF}
630087648||20260702|15|36317|1|150|690702150523|690702150523:15:36317:150|{5DADE798-BFDB-4319-BDC9-2E3769D3C0D3}
630087648||20260702|15|36318|1|130|690702150523|690702150523:15:36318:130|{1B0CDD0B-52B8-4A2D-AF57-CF839305A79A}
630087648||20260702|15|36331|1|300|690702150523|690702150523:15:36331:300|{FF07224C-C6A5-4DB2-8712-6142AF1C8D5F}
640090169||20260702|17|55020|1|50|690702153817|690702153817:17:55020:50|{B680B84B-5F4C-40C4-93C2-FBD4F8DE3CD6}
640090169||20260702|18|52441|1|0|690702153817|690702153817:18:52441:0|{6AE0035C-DCC2-45B4-844F-BC7A60244217}
500015123||20260702|17|55020|1|50|690702161947|690702161947:17:55020:50|{776D1E6C-0513-42AE-9BCF-E6527E820DD2}
500015442||20260702|17|55811|1|140|690702164822|690702164822:17:55811:140|{02C782B8-587A-4210-8D5B-D5287767ED0D}
500056764||20260702|17|55020|1|50|690702164854|690702164854:17:55020:50|{B714A95D-801E-4A0E-BD57-AB519DC3DB69}
500056764||20260702|20|XXX14|1|500|690702164854|690702164854:20:XXX14:500|{4595F458-7ED4-4DFA-BB8D-D4FB6B47DB28}
500056764||20260702|20|XXX14|4|60|690702164854|690702164854:20:XXX14:60|{CFF5DB5E-149B-4309-93B2-E97908FF76E2}
500044040||20260702|13|58201|1|150|690702174103|690702174103:13:58201:150|{5CE7C1D8-8F33-4B01-B55D-984CA4D5013F}
500044040||20260702|17|55021|1|50|690702174103|690702174103:17:55021:50|{D13B48E0-06F6-4F11-A19C-F00710573A60}
500032378||20260702|17|55021|1|50|690702175739|690702175739:17:55021:50|{E4CB563A-6775-442C-BFC4-E8392B7176DF}
500032378||20260702|17|55811|1|140|690702175739|690702175739:17:55811:140|{418B99D1-B45D-499D-A8E3-8AEDD316E53E}
640089131||20260702|17|55021|1|50|690702180019|690702180019:17:55021:50|{0F5BC792-2997-4123-A1F7-E8AED044A4E4}
500032826||20260702|17|55021|1|50|690702182144|690702182144:17:55021:50|{BF677A26-3775-4C38-BCEA-8BE876ACA2D1}
500048660||20260702|15|30101|1|90|690702182920|690702182920:15:30101:90|{90C28551-4769-40D0-88DA-6A30F3CEDE22}
500048660||20260702|15|32001|1|100|690702182920|690702182920:15:32001:100|{279A95C1-18A8-4C11-B51E-FED03AF7D524}
500048660||20260702|15|32201|1|40|690702182920|690702182920:15:32201:40|{EAEF9F89-4487-4A96-A8AC-FD5D8EDD7471}
500048660||20260702|15|32202|1|40|690702182920|690702182920:15:32202:40|{E375C195-30CE-4A4B-B2A8-4072DD3AED7C}
500048660||20260702|16|41003|2|250|690702182920|690702182920:16:41003:250|{F86E8C79-86D1-4852-AB6F-E13042D08D8F}
500048660||20260702|17|55021|1|50|690702182920|690702182920:17:55021:50|{8EE991A2-CBE8-4E44-891E-C8AA0CAA817F}
500048660||20260702|17|55811|1|140|690702182920|690702182920:17:55811:140|{3274C894-3282-4D2E-B1D1-451AE9548F81}
500048660||20260702|17|55820|1|100|690702182920|690702182920:17:55820:100|{58940094-7730-4832-BB3E-2931157CF4FB}
500048660||20260702|17|55822|1|20|690702182920|690702182920:17:55822:20|{9796F67D-CC57-4F55-94E9-9FB22D64AA90}
500048660||20260702|17|55823|1|20|690702182920|690702182920:17:55823:20|{B43975B9-46D4-439B-AE5F-3F5090CECC0C}
500048660||20260702|3|S1801|1|500|690702182920|690702182920:3:S1801:500|{4EDA86AE-5271-489A-9ECE-E343E1155E0E}
500048660||20260702|3|S1802|67|4|690702182920|690702182920:3:S1802:4|{CB12AAB4-ABD3-44D4-8454-196AFD397029}
680096482||20260702|17|55021|1|50|690702202743|690702202743:17:55021:50|{D8231997-D20F-4B98-8739-673C3E19C8D0}
680096482||20260702|19|71725|1|300|690702202743|690702202743:19:71725:300|{67836846-9A8F-4E67-AA63-40987A2F561C}
680096482||20260702|2|8602|1|150|690702202743|690702202743:2:8602:150|{3FA89606-9B04-4106-986E-73C6F13FD478}
500003592||20260702|17|55021|1|50|690702215817|690702215817:17:55021:50|{4813FA57-95D3-4EBB-B0D0-881212849BE0}
500005015||20260703|15|32203|1|40|690703000002|690703000002:15:32203:40|{5B876ACF-16D5-4E8F-AE45-9217CFA917EB}
500005015||20260703|17|55021|1|50|690703000002|690703000002:17:55021:50|{A613D8B6-697B-4C1C-AFE7-0D15F76A8E2B}
500005015||20260703|18|52441|1|0|690703000002|690703000002:18:52441:0|{90ED0136-89AD-42F4-9B0C-5F020841C078}
500005015||20260703|19|71220|1|50|690703000002|690703000002:19:71220:50|{6F0B4313-05C3-4B29-835B-0893F7366B22}
500003083||20260703|15|32201|1|40|690703000007|690703000007:15:32201:40|{3464E125-FDE5-4F68-8326-6FD10C9B81C1}
500003083||20260703|15|32202|1|40|690703000007|690703000007:15:32202:40|{DAE40989-5DE1-4E12-8A90-F47A96C6B870}
500003083||20260703|17|55021|1|50|690703000007|690703000007:17:55021:50|{9F548F39-DBC1-4B62-A140-96387E604AAD}
500003083||20260703|18|52441|1|0|690703000007|690703000007:18:52441:0|{B3B059C0-6D44-48BE-AE39-B69DB52E93A3}
500011596||20260703|15|32203|1|40|690703000008|690703000008:15:32203:40|{F82DEB20-6E7C-442F-B660-4022063D3BDD}
500011596||20260703|17|55021|1|50|690703000008|690703000008:17:55021:50|{38B22C9B-ADBC-4409-AC93-AE3D93D75AEE}
500011596||20260703|18|52441|1|0|690703000008|690703000008:18:52441:0|{40666F8E-2874-45DC-807F-D5D6249823D4}
500011596||20260703|19|71220|1|50|690703000008|690703000008:19:71220:50|{936FED15-FA81-45C0-814B-0561F0708933}
500048896||20260703|13|58130|1|250|690703000011|690703000011:13:58130:250|{CE1B6411-8BDE-4F27-B154-8AC174946EC7}
500048896||20260703|15|32203|1|40|690703000011|690703000011:15:32203:40|{A8695B32-2E9B-402B-88E6-6F98EC6F08A1}
500048896||20260703|17|55021|1|50|690703000011|690703000011:17:55021:50|{BB6D3CD7-E3E2-4AEF-A114-349092C916EF}
500048896||20260703|18|52441|1|0|690703000011|690703000011:18:52441:0|{1CD030F1-A933-4837-B41F-9D38AE2A2579}
500048896||20260703|19|71220|1|50|690703000011|690703000011:19:71220:50|{8DEB15A1-88E1-43FD-A019-996423ECC86E}
500006073||20260703|15|32201|1|40|690703000018|690703000018:15:32201:40|{E934373B-FA4A-492F-A8A8-2A75CDE4E27E}
500006073||20260703|15|32202|1|40|690703000018|690703000018:15:32202:40|{2A8C8930-7B62-46BD-B6EE-866E568F4F32}
500006073||20260703|15|32203|1|40|690703000018|690703000018:15:32203:40|{9E4E0D24-1A17-44A3-92B6-3A54E1782D3D}
500006073||20260703|17|55021|1|50|690703000018|690703000018:17:55021:50|{357327C3-23A1-4CC8-8FC7-C1B5882F2E1B}
500006073||20260703|18|52441|1|0|690703000018|690703000018:18:52441:0|{EA5DE43B-1DB0-465F-9D4E-2C4B2587D75C}
500006073||20260703|19|71220|1|50|690703000018|690703000018:19:71220:50|{EAA8AD1E-13D8-4397-B593-E6831A7BB8D9}
500060450||20260703|11||2|0|690703000026|690703000026:11::0|{7130D22C-CA30-4426-87FB-FBD5D267A7D9}
500060450||20260703|15|32203|1|40|690703000026|690703000026:15:32203:40|{6D510BCF-8E36-4F71-8EAA-0488C0736A22}
500060450||20260703|15|32401|1|150|690703000026|690703000026:15:32401:150|{19646BE5-4B37-4A64-A46B-2F9AA5F38748}
500060450||20260703|17|55021|1|50|690703000026|690703000026:17:55021:50|{6DD02B9B-1F92-4CA5-8C05-A4812936C65D}
500060450||20260703|18|52441|1|0|690703000026|690703000026:18:52441:0|{41CFF26F-4EE8-4A8E-9EE0-501BB0BB891A}
500060450||20260703|19|71220|1|50|690703000026|690703000026:19:71220:50|{760A3041-88C4-4B8D-8F9A-CB02D3958172}
500054416||20260703|11||2|0|690703000027|690703000027:11::0|{7F3A2D62-63E4-4670-94F2-67A0C7816A4F}
500054416||20260703|17|55021|1|50|690703000027|690703000027:17:55021:50|{DD1A0FD9-1E00-4C6E-9AC0-3D702BDF8D5C}
500054416||20260703|18|52441|1|0|690703000027|690703000027:18:52441:0|{B8D616AD-B51C-4F2E-9BDD-65029C107488}
500054416||20260703|19|71220|1|50|690703000027|690703000027:19:71220:50|{CE796B1F-5929-4B2C-B973-4B360FA7D327}
500062229||20260703|15|32203|1|40|690703000036|690703000036:15:32203:40|{DA53962E-C065-49AD-976B-BE997D3F4B02}
500062229||20260703|17|55021|1|50|690703000036|690703000036:17:55021:50|{75CED1D6-760C-45C4-9BDB-9393C05F17A9}
500062229||20260703|18|52441|1|0|690703000036|690703000036:18:52441:0|{852066A5-1DDB-40BE-AE64-696B5052FD6D}
500062229||20260703|19|71220|1|50|690703000036|690703000036:19:71220:50|{CC53E5CB-6D20-4BB8-AF39-4097965EB1FD}
500027529||20260703|17|55811|1|140|690703000038|690703000038:17:55811:140|{D07714C8-AA17-4F64-A23D-34F0CA862B73}
500009424||20260703|17|55810|1|70|690703000059|690703000059:17:55810:70|{173FBFE6-4EE7-4841-AD29-C632831027EF}
620087206||20260703|12|62101|2|200|690703000071|690703000071:12:62101:200|{090D5214-CD8F-4CC2-B53C-BBACCB79381A}
620087206||20260703|12|XXX13|2|0|690703000071|690703000071:12:XXX13:0|{D90603AC-F0D6-4062-8DAC-F7B0B7CEF62E}
620087206||20260703|17|55021|1|50|690703000071|690703000071:17:55021:50|{0ED57F8B-AE92-45E4-AACE-B06620100FC4}
580078808||20260703|12|67211|1|500|690703000072|690703000072:12:67211:500|{BAAD129A-D0A8-45BF-B515-87970EBCEA83}
580078808||20260703|17|55021|1|50|690703000072|690703000072:17:55021:50|{BABBCBCF-E0B6-45C9-9495-FE88C2AD9570}
500000650||20260703|12|67210|4|400|690703000082|690703000082:12:67210:400|{728B6E9D-2FF3-4908-AB26-8DADC38D0FDF}
500000650||20260703|12|XXX13|2|0|690703000082|690703000082:12:XXX13:0|{4FEB13DC-F1C9-400A-A524-B68D497DF01A}
500000650||20260703|17|55020|1|50|690703000082|690703000082:17:55020:50|{9E93592E-B692-40F3-ACE6-E06EED6DB33E}
500008072||20260703|12|64101|1|280|690703000083|690703000083:12:64101:280|{1527F730-B525-4659-82D2-15FAFE063CFA}
500008072||20260703|12|64102|7|400|690703000083|690703000083:12:64102:400|{6D2CF909-7EF2-480C-B939-E9B8DE5659B5}
500008072||20260703|12|XXX13|2|0|690703000083|690703000083:12:XXX13:0|{AEB6F7A5-DF3D-4ACC-997F-7C82B855FF0B}
500008072||20260703|17|55020|1|50|690703000083|690703000083:17:55020:50|{ADB327A1-AAD8-461E-8644-8F5E24750E59}
500010746||20260703|17|55020|1|50|690703000088|690703000088:17:55020:50|{2A0A9EE0-7E3A-4095-A692-B89429C624B1}
500010746||20260703|20|XXX14|1|100|690703000088|690703000088:20:XXX14:100|{7EA3612D-23D9-4A3D-BAF3-AA23640FB818}
500010746||20260703|20|XXX14|3|500|690703000088|690703000088:20:XXX14:500|{7267BBC2-56B2-4BA3-9615-446739BE85FF}
500010746||20260703|20|XXX14|2|70|690703000088|690703000088:20:XXX14:70|{D55B0A47-D36A-4392-A4C7-3A20D1070A5A}
500010746||20260703|20|XXX14|1|80|690703000088|690703000088:20:XXX14:80|{EFD8C9D4-3792-4020-82F6-0D54554F3F57}
690097819||20260703|17|55020|1|50|690703000097|690703000097:17:55020:50|{AE16E845-5198-4459-8280-72E8F1140D5D}
690097819||20260703|17|55823|1|20|690703000097|690703000097:17:55823:20|{1EB74762-6F63-4928-9795-64D3CE482B98}
690097816||20260703|17|55020|1|50|690703000100|690703000100:17:55020:50|{248FB260-17E5-408C-9EB1-0F77EB97917E}
690097816||20260703|17|55823|1|20|690703000100|690703000100:17:55823:20|{4DDA82EA-116A-4E3A-8B22-E3623FB32703}
600082781||20260703|17|55020|1|50|690703000104|690703000104:17:55020:50|{A76B3AA4-E0AE-4FAC-BC04-2E95A821CCF9}
600082781||20260703|17|55823|1|20|690703000104|690703000104:17:55823:20|{F390C688-8A7E-49B5-8DAC-0D82996590EE}
500056764||20260703|17|55020|1|50|690703000106|690703000106:17:55020:50|{847C25CD-EE51-493F-892B-DBB598F454DB}
500056764||20260703|17|55823|1|20|690703000106|690703000106:17:55823:20|{BD4E8492-D28B-4918-B42F-13787DDAAB2D}
500037316||20260703|17|55020|1|50|690703000107|690703000107:17:55020:50|{D19A7BC9-2D47-4A0F-8C19-49DEDD846955}
500037316||20260703|17|55823|1|20|690703000107|690703000107:17:55823:20|{7F22C908-ED58-4276-9275-FEB6358E2BDE}
500001195||20260703|13|58130|1|250|690703000112|690703000112:13:58130:250|{65CA1CDC-BCB3-45F6-BB6E-D82B8F9AFDF4}
500001195||20260703|17|55020|1|50|690703000112|690703000112:17:55020:50|{D3D520D1-96C5-48E7-BA4F-0E15219C6FA8}
500001195||20260703|2|8307|1|1000|690703000112|690703000112:2:8307:1000|{57C31EBF-1529-4290-B7C3-E8C1573A6C87}
500001195||20260703|20|XXX14|1|100|690703000112|690703000112:20:XXX14:100|{B9222D57-5535-4AEC-AE98-D2A55C6B2ED6}
500001195||20260703|20|XXX14|3|500|690703000112|690703000112:20:XXX14:500|{3B0A42F3-99FB-4755-8D2C-E6A3E8747256}
500001195||20260703|20|XXX14|1|80|690703000112|690703000112:20:XXX14:80|{6D308641-4F7B-47DA-944A-8158CFA92AEA}
500013477||20260703|17|55020|1|50|690703000113|690703000113:17:55020:50|{78517C85-88E9-451D-B21B-D460D4BA7A1C}
500002546||20260703|17|55020|1|50|690703000115|690703000115:17:55020:50|{B5FC9D2E-F4BA-48E4-8D6A-6E4B46E27DE3}
500002546||20260703|20|XXX14|1|100|690703000115|690703000115:20:XXX14:100|{DA85337B-5382-4016-B718-3AE0D8614AB5}
500002546||20260703|20|XXX14|3|500|690703000115|690703000115:20:XXX14:500|{913FBF75-29AF-4204-80F7-25D5C8C65837}
500002546||20260703|20|XXX14|1|70|690703000115|690703000115:20:XXX14:70|{4421D67F-687E-4E80-A9ED-956F94AFCFA1}
500002546||20260703|20|XXX14|1|80|690703000115|690703000115:20:XXX14:80|{BE81F11D-E59E-4656-81A2-2AAC935908EA}
660093017||20260703|13|58130|1|250|690703000119|690703000119:13:58130:250|{C213E3E3-7286-4B19-9697-F388A2E8625E}
660093017||20260703|17|55020|1|50|690703000119|690703000119:17:55020:50|{FE61CBB2-BD63-4A19-928B-F3EE3512EBD1}
500006235||20260703|17|55020|1|50|690703000134|690703000134:17:55020:50|{272DC580-9118-474C-975E-2B2D830B36C6}
500006235||20260703|17|55823|1|20|690703000134|690703000134:17:55823:20|{63EC9249-2E15-4E06-95D6-2F1F8AC436FE}
500003970||20260703|17|55020|1|50|690703000136|690703000136:17:55020:50|{E0685D8A-52AF-4D70-84E2-71B506ADAE12}
500047097||20260703|13|58130|1|250|690703000148|690703000148:13:58130:250|{13919C4D-14C5-48B7-AD59-74216F21C096}
500047097||20260703|17|55020|1|50|690703000148|690703000148:17:55020:50|{C1015E46-CB8C-4D72-AFCE-D092DF4AF7B4}
500004899||20260703|13|58001|1|150|690703000149|690703000149:13:58001:150|{C87AC210-61F3-4137-AD06-ECF0118F6A49}
500004166||20260703|13|58001|1|150|690703000160|690703000160:13:58001:150|{AD975178-647E-4697-BB3B-74694D7D6740}
500037693||20260703|13|58001|1|150|690703000163|690703000163:13:58001:150|{44A48A69-7AFD-421E-A17A-B15175EBC295}
500003054||20260703|17|55020|1|50|690703000165|690703000165:17:55020:50|{960C90FB-EA40-4D5E-AC80-849354E7452F}
500003054||20260703|17|55810|1|70|690703000165|690703000165:17:55810:70|{F196E61F-5C14-4232-B8CF-86232971E0D7}
500005631||20260703|17|55021|1|50|690703000168|690703000168:17:55021:50|{2922D1E5-4115-4F2E-B242-601A9A287F32}
500005631||20260703|20|XXX14|3|500|690703000168|690703000168:20:XXX14:500|{278EF14B-CB3B-45D8-83C5-3AD09924A3B0}
500005631||20260703|20|XXX14|2|70|690703000168|690703000168:20:XXX14:70|{8FFB09F1-ED8D-48C1-8DDD-F3F64D49E4BA}
500021241||20260703|12|64101|1|280|690703000170|690703000170:12:64101:280|{755F25F6-4B5E-4DF0-BBE1-D708ED438979}
500021241||20260703|12|64102|4|400|690703000170|690703000170:12:64102:400|{AD1B8622-B442-44FC-AB5D-FD858B7BDC91}
500021241||20260703|12|XXX13|2|0|690703000170|690703000170:12:XXX13:0|{D3208C0E-BD92-4BB8-BD28-34F4E06E1440}
500021241||20260703|16|41202|1|80|690703000170|690703000170:16:41202:80|{A482DC4A-6ECA-4D2E-A41C-F447E3DA32AD}
500021241||20260703|17|55021|1|50|690703000170|690703000170:17:55021:50|{0BAAE391-F236-4EE9-AD99-823653930A96}
500012314||20260703|17|55021|1|50|690703000171|690703000171:17:55021:50|{A9E9F94C-37F7-4898-A531-3AE46B1D5F24}
500012314||20260703|20|XXX14|3|500|690703000171|690703000171:20:XXX14:500|{12BF0F29-D1DD-4968-B789-9043D054C9E0}
500012314||20260703|20|XXX14|2|70|690703000171|690703000171:20:XXX14:70|{8461B528-A728-40B2-A630-6A34992A41D3}
500039195||20260703|13|58130|1|250|690703000178|690703000178:13:58130:250|{8E76FE38-C8DB-4ACF-9A93-E1A6A809AADF}
500039195||20260703|17|55021|1|50|690703000178|690703000178:17:55021:50|{58784339-C2F3-4A8B-B2C3-52D5C1810EDD}
500020153||20260703|11||0|3|690703073820|690703073820:11::3|{39912EE1-B7D5-420F-9C34-EF5ABFE35181}
500020153||20260703|15|32203|1|40|690703073820|690703073820:15:32203:40|{ECB29502-4712-4DA5-905A-A69D5BD376AA}
500020153||20260703|17|55021|1|50|690703073820|690703073820:17:55021:50|{CFF76D70-961D-4B24-B0D5-45A20B524BE4}
500020153||20260703|18|52441|1|0|690703073820|690703073820:18:52441:0|{0F1C3B6B-7AB1-476B-A5F9-6647FBFCE596}
500000184||20260703|15|30201|2|75|690703074406|690703074406:15:30201:75|{D2D3EBF3-9292-45DF-A512-94AC3B62721F}
500000184||20260703|17|55021|1|50|690703074406|690703074406:17:55021:50|{9E8BBD56-9B88-4698-9863-E419B0C3B2DF}
590081132||20260703|15|30104|1|30|690703074415|690703074415:15:30104:30|{CDB39CF9-1032-470B-A008-1F1FC04F2F63}
590081132||20260703|15|30105|1|50|690703074415|690703074415:15:30105:50|{3D8D001C-FEE8-4E11-B8F8-C2FB3BC01A37}
590081132||20260703|15|32310|1|40|690703074415|690703074415:15:32310:40|{1AA94C0D-D4FE-4E7C-BC60-1EEA95E5B5C6}
590081132||20260703|15|32311|1|40|690703074415|690703074415:15:32311:40|{D28B7970-D36B-4260-9EC5-36E659973C09}
590081132||20260703|17|55021|1|50|690703074415|690703074415:17:55021:50|{6255FF97-7AA6-4A5A-8820-D4E02B6B29AC}
590081132||20260703|18|52441|1|0|690703074415|690703074415:18:52441:0|{AC4C6DA5-2E1C-44A8-AAB5-41BB811D987E}
520065187||20260703|15|32004|1|200|690703075331|690703075331:15:32004:200|{CDC7E713-7AAA-4E8E-BF42-6EE54F47808C}
520065187||20260703|15|32203|1|40|690703075331|690703075331:15:32203:40|{35F8EA49-0ABC-4847-816F-B4F222DD56BC}
520065187||20260703|17|55021|1|50|690703075331|690703075331:17:55021:50|{7BEA3900-B0DA-402A-94A4-BF137D2F4AF5}
520065187||20260703|18|52441|1|0|690703075331|690703075331:18:52441:0|{58447969-DDFE-4C01-B013-F814C4FC42DC}
620086834||20260703|16|41003|2|250|690703075709|690703075709:16:41003:250|{B40ACEB5-E11A-46B0-AB09-7117604E60C6}
620086834||20260703|17|55021|1|50|690703075709|690703075709:17:55021:50|{ABF1A48F-9723-45AE-A3CC-C72DF899C09B}
620086834||20260703|18|52441|1|0|690703075709|690703075709:18:52441:0|{33D9C704-26BC-4F45-9F96-A1F41E7655FA}
500003839||20260703|15|32201|1|40|690703080858|690703080858:15:32201:40|{58F28B7C-0265-4EA9-A9FE-2E0E88C0B62D}
500003839||20260703|15|32202|1|40|690703080858|690703080858:15:32202:40|{055C4C2B-D466-4A48-BE8E-D516105F6602}
500003839||20260703|16|44005|2|1000|690703080858|690703080858:16:44005:1000|{514071C2-EDF4-4896-B7CF-F829B809D1C7}
500003839||20260703|16|44301|1|6000|690703080858|690703080858:16:44301:6000|{84C1FE43-BAC3-4DFC-A36A-1E5ACE554864}
500003839||20260703|16|44503|1|10000|690703080858|690703080858:16:44503:10000|{B1C12742-A264-4AE9-90E5-5FBDA1975CFF}
500003839||20260703|16|44901|2|1100|690703080858|690703080858:16:44901:1100|{857A5467-3E08-40D1-90D0-B41A8FC9D601}
500003839||20260703|17|55020|1|50|690703080858|690703080858:17:55020:50|{3AC836F6-A74D-4545-AFA9-C71CC231B6D2}
500003839||20260703|17|55820|1|100|690703080858|690703080858:17:55820:100|{9EC4EEF6-18D7-4A9C-AC3A-8628C3B50AEB}
530069181||20260703|17|55020|1|50|690703093625|690703093625:17:55020:50|{FCD3CA35-F072-4521-B57E-42814FC47294}
530069181||20260703|18|52441|1|0|690703093625|690703093625:18:52441:0|{190A8A28-58FA-4A8C-B3A3-AA66D0148A13}
690097823||20260703|17|55020|1|50|690703093820|690703093820:17:55020:50|{297B5471-01E4-4E86-B0C3-BF841A44A643}
500004398||20260703|15|32001|1|100|690703095503|690703095503:15:32001:100|{05E53CD6-1223-47B1-AF14-0F7B093A3C61}
500004398||20260703|15|32201|1|40|690703095503|690703095503:15:32201:40|{392AB142-C4CC-4BA0-B43A-DD0E87C1C090}
500004398||20260703|15|32202|1|40|690703095503|690703095503:15:32202:40|{45A455F9-D828-42BA-854B-8CFD6BF5E42F}
500004398||20260703|16|41003|1|250|690703095503|690703095503:16:41003:250|{F392129A-C5F5-4801-825E-345D42063CE5}
500004398||20260703|17|55020|1|50|690703095503|690703095503:17:55020:50|{4FAA8CC5-3D32-4B59-9455-93BC7BE21926}
500016409||20260703|17|55020|1|50|690703102643|690703102643:17:55020:50|{1A0DD9F8-FED3-42A2-9F3D-17C132098181}
500013535||20260703|16|41003|1|250|690703104108|690703104108:16:41003:250|{FD737C85-8B7B-4A44-B61F-4348E851584A}
500013535||20260703|17|55020|1|50|690703104108|690703104108:17:55020:50|{550020E0-62BA-43E3-A1B2-BBED3C086979}
500022192||20260703|17|55020|1|50|690703104315|690703104315:17:55020:50|{EB1E1625-2276-4F33-95C5-04847C73F011}
500022192||20260703|2|8307|1|1000|690703104315|690703104315:2:8307:1000|{85495BAD-23EF-49A4-A993-EEA50EEEB81B}
500022192||20260703|20|XXX14|1|100|690703104315|690703104315:20:XXX14:100|{8032381E-4C22-489B-8769-B7E8E3CB45ED}
500022192||20260703|20|XXX14|3|500|690703104315|690703104315:20:XXX14:500|{38AAA384-A3DB-404F-8CE3-2AED15CA1148}
500022192||20260703|20|XXX14|1|80|690703104315|690703104315:20:XXX14:80|{C0FC501D-3116-4546-B1DA-7D72ED3A09A3}
500035826||20260703|17|55020|1|50|690703105314|690703105314:17:55020:50|{094214A5-CB4C-442B-BD19-D476CACACC0A}
500002508||20260703|17|55020|1|50|690703105350|690703105350:17:55020:50|{63B5E012-37C8-42E5-BFD1-B9D8B5BD7275}
540071968||20260703|17|55020|1|50|690703110625|690703110625:17:55020:50|{B1E67ED2-A919-48C0-A8A1-50C0E3D83464}
500015196||20260703|17|55020|1|50|690703110712|690703110712:17:55020:50|{6216178B-DED5-4378-A19B-4F0B0BD76A42}
690097667||20260703|15|32004|1|200|690703110801|690703110801:15:32004:200|{B7FB1699-2D49-48F6-837F-A7254B7922A5}
690097667||20260703|15|32203|1|40|690703110801|690703110801:15:32203:40|{8FA31694-232B-43D2-8A6E-F8D1AA337C47}
690097667||20260703|17|55020|1|50|690703110801|690703110801:17:55020:50|{2723CE0E-3B44-4573-A951-4E28CFD3E8E5}
670094682||20260703|15|30101|1|90|690703112927|690703112927:15:30101:90|{D1F61471-E854-4127-B9F1-0A686A819C01}
670094682||20260703|15|32001|1|100|690703112927|690703112927:15:32001:100|{DC937A35-13A6-4734-BC15-AAD2E842F604}
670094682||20260703|15|32201|1|40|690703112927|690703112927:15:32201:40|{8BF10793-E149-4644-AFC7-DD0E1556A677}
670094682||20260703|15|32202|1|40|690703112927|690703112927:15:32202:40|{B2FC5351-59F1-4CAF-8F50-3B008725E6DD}
670094682||20260703|17|55020|1|50|690703112927|690703112927:17:55020:50|{584DB16E-E0E7-4D10-824B-9F557F4F3686}
670094682||20260703|17|55820|1|100|690703112927|690703112927:17:55820:100|{B5FEA19A-E92E-4387-925E-5D3B0ADE4965}
670094682||20260703|17|55822|1|20|690703112927|690703112927:17:55822:20|{8D0006C3-C06C-47C5-B180-3A6775A30787}
500017400||20260703|17|55020|1|50|690703113257|690703113257:17:55020:50|{95B0EDAF-F3A1-4810-8EA6-4FA9E18BD171}
500017400||20260703|17|55822|2|20|690703113257|690703113257:17:55822:20|{D8A43F91-AEF9-442F-84B3-D6230FF914B4}
500006302||20260703|17|55020|1|50|690703113738|690703113738:17:55020:50|{BC3CD70E-EE36-46B2-BFBD-76113B5F3BA1}
500006302||20260703|17|55824|1|20|690703113738|690703113738:17:55824:20|{79106628-BB59-43B5-AED9-20D014B72A73}
600083306||20260703|17|55020|1|50|690703135918|690703135918:17:55020:50|{9AA5638A-AD09-450E-862D-8D1605E48E4F}
500036823||20260703|17|55020|1|50|690703143148|690703143148:17:55020:50|{2FD74321-6085-4CD3-9BC5-95AE312E727E}
500036823||20260703|18|52441|1|0|690703143148|690703143148:18:52441:0|{DB1F1B73-03EC-4156-AA7C-DF459ABE851D}
500015442||20260703|17|55811|1|140|690703171125|690703171125:17:55811:140|{14F4038D-B888-4C1A-8A01-DFDC079B9D94}
500032378||20260703|17|55020|1|50|690703175138|690703175138:17:55020:50|{9972A315-0D29-4764-925B-3FDDAD4AD1D6}
500032378||20260703|17|55811|1|140|690703175138|690703175138:17:55811:140|{C211982D-B639-48D9-A754-68A9F777E54B}
500055810||20260704|17|55811|1|140|690704000004|690704000004:17:55811:140|{EE495F7F-9884-4083-91A9-DD359FB87D6B}
500027529||20260704|17|55811|1|140|690704000008|690704000008:17:55811:140|{A0BD6432-7EBD-45B8-A548-C6C21886F1B1}
500009424||20260704|17|55810|1|70|690704000012|690704000012:17:55810:70|{DE5ADF0E-568F-446E-9F46-ADDD6FA5FFB9}
500036961||20260704|17|55020|1|50|690704000016|690704000016:17:55020:50|{E17DF941-79E8-4A94-8BC5-DC434610260D}
500036961||20260704|20|XXX14|1|100|690704000016|690704000016:20:XXX14:100|{CB695AF4-0861-47A3-854A-CF4D638E9827}
500036961||20260704|20|XXX14|2|500|690704000016|690704000016:20:XXX14:500|{7F9DC4E0-5E65-4503-AF80-15157D042E05}
500036961||20260704|20|XXX14|1|80|690704000016|690704000016:20:XXX14:80|{B06CB41D-3DF3-4B55-9056-DF18D7503567}
500055842||20260704|17|55020|1|50|690704000017|690704000017:17:55020:50|{E78016FF-E9B4-455F-8F94-1271A511F17B}
500055842||20260704|17|55824|2|20|690704000017|690704000017:17:55824:20|{8E31747F-A9B2-4DCB-A3CE-2C6CEF8303E4}
690097576||20260704|11||2|0|690704000018|690704000018:11::0|{D8101E00-4941-4C6E-A73B-12BF26259336}
690097576||20260704|17|55020|1|50|690704000018|690704000018:17:55020:50|{93E257FA-38C5-494F-A852-D9C0F26F436C}
690097576||20260704|20|XXX14|1|100|690704000018|690704000018:20:XXX14:100|{16D9200A-324E-4546-B257-E76A3F2D896B}
690097576||20260704|20|XXX14|1|80|690704000018|690704000018:20:XXX14:80|{A048E095-300E-4472-A6BC-038891CB9932}
690097583||20260704|11||2|0|690704000019|690704000019:11::0|{2061E7AC-2860-4A9B-9E74-8D0D708FCF3C}
690097583||20260704|17|55020|1|50|690704000019|690704000019:17:55020:50|{8538671F-D766-478A-9A92-D91815C1FFDC}
690097583||20260704|20|XXX14|1|100|690704000019|690704000019:20:XXX14:100|{E12ADF5D-88CD-4FC2-8736-14B2A1E40BCD}
690097583||20260704|20|XXX14|1|80|690704000019|690704000019:20:XXX14:80|{C22D530A-75A3-4763-B398-A3DDE118C6F5}
690097570||20260704|11||2|0|690704000020|690704000020:11::0|{5F640721-8E92-42E3-9180-E722F2C29FF0}
690097570||20260704|17|55020|1|50|690704000020|690704000020:17:55020:50|{1A5F639B-A30F-4251-864E-04C290E28D23}
690097570||20260704|20|XXX14|1|100|690704000020|690704000020:20:XXX14:100|{E2EF6575-1F0D-4ADF-A0B0-B0269938C559}
690097570||20260704|20|XXX14|2|500|690704000020|690704000020:20:XXX14:500|{53BB402D-7FC5-40B7-A156-E5AD594C4CE4}
690097570||20260704|20|XXX14|1|80|690704000020|690704000020:20:XXX14:80|{226B5BB0-06BC-4965-8431-F3E69FCDED91}
690097588||20260704|11||2|0|690704000021|690704000021:11::0|{87918883-22AC-4AE7-A47B-2F4DCF8AFD8D}
690097588||20260704|17|55020|1|50|690704000021|690704000021:17:55020:50|{46B00F98-8AE9-4FA2-811B-55BE1BE1A17E}
690097588||20260704|20|XXX14|1|100|690704000021|690704000021:20:XXX14:100|{61B18E7A-260F-458B-AC64-4B98346CB668}
690097588||20260704|20|XXX14|1|80|690704000021|690704000021:20:XXX14:80|{F9D4AB40-5ADD-4034-8E58-CF2D34DC0C32}
690097586||20260704|17|55020|1|50|690704000022|690704000022:17:55020:50|{D920835A-2571-46A5-8868-89A83503CF0E}
690097586||20260704|20|XXX14|1|100|690704000022|690704000022:20:XXX14:100|{8EAE0103-B53F-4AFC-B00D-7977CAC472EF}
690097586||20260704|20|XXX14|1|80|690704000022|690704000022:20:XXX14:80|{127C7FA3-7BF1-4A8F-A736-3F8DD910E3D0}
690097584||20260704|11||2|0|690704000024|690704000024:11::0|{45DB08CD-E72E-404E-9E59-3542CA62D3A6}
690097584||20260704|17|55020|1|50|690704000024|690704000024:17:55020:50|{8C910560-577E-4C1B-9742-1BBF4A9DD39F}
690097584||20260704|20|XXX14|1|100|690704000024|690704000024:20:XXX14:100|{27CABEB4-4A8C-44D8-99B9-3E18D676FA45}
690097584||20260704|20|XXX14|1|80|690704000024|690704000024:20:XXX14:80|{C00DFF7E-C587-4EAE-B184-F42BCBB3E98C}
500004114||20260704|11||2|0|690704000026|690704000026:11::0|{A3FA398B-B8FF-420F-8346-55A752F839AD}
500004114||20260704|17|55020|1|50|690704000026|690704000026:17:55020:50|{A93973DA-8375-4466-9450-20FA3757EB0C}
500004114||20260704|20|XXX14|1|100|690704000026|690704000026:20:XXX14:100|{0CEFFDC5-B5D3-4426-8DD4-B68F20B309DD}
500004114||20260704|20|XXX14|2|500|690704000026|690704000026:20:XXX14:500|{A0B2942A-1F6D-40AE-9C3D-31A9A3526167}
500004114||20260704|20|XXX14|1|80|690704000026|690704000026:20:XXX14:80|{B836CFA2-43AE-411A-9E75-142B16DD4981}
500001801||20260704|11||2|0|690704000027|690704000027:11::0|{6FE714E5-021D-4E9F-9E3D-AB22CBA28067}
500001801||20260704|17|55020|1|50|690704000027|690704000027:17:55020:50|{F3E42060-A447-4345-B8C2-27F789C618B1}
500001801||20260704|20|XXX14|1|100|690704000027|690704000027:20:XXX14:100|{F2B9BB88-6CAA-4853-853C-6D758D0E6E25}
500001801||20260704|20|XXX14|2|500|690704000027|690704000027:20:XXX14:500|{D063C120-497F-48B0-B1AE-5492C14230C6}
500001801||20260704|20|XXX14|1|80|690704000027|690704000027:20:XXX14:80|{E4125516-500B-496B-B73C-0B99FF885C8F}
500014883||20260704|17|55020|1|50|690704000028|690704000028:17:55020:50|{7556EDE0-75BB-4E75-A7D1-D0895465B57E}
500014883||20260704|20|XXX14|1|100|690704000028|690704000028:20:XXX14:100|{E8DA351E-F533-459F-AD91-314487FB0CE6}
500014883||20260704|20|XXX14|1|80|690704000028|690704000028:20:XXX14:80|{02CD61FE-FC20-4123-96B9-DB1443DB1F64}
670094839||20260704|11||2|0|690704000029|690704000029:11::0|{DEA0899C-7911-4A71-93A2-44A38428E150}
670094839||20260704|17|55020|1|50|690704000029|690704000029:17:55020:50|{C4A9ACF1-1A68-42DC-99F3-CB557F081111}
670094839||20260704|20|XXX14|1|100|690704000029|690704000029:20:XXX14:100|{79146D64-5EB4-41D7-8031-016CB82D3C51}
670094839||20260704|20|XXX14|2|500|690704000029|690704000029:20:XXX14:500|{843BAF88-6FFF-44EC-907C-BECDCCBB5397}
670094839||20260704|20|XXX14|1|80|690704000029|690704000029:20:XXX14:80|{77572DF5-9A1C-466C-9473-872996A9C96A}
500018265||20260704|17|55020|1|50|690704000030|690704000030:17:55020:50|{F8CE29C2-BB16-4F8A-9A8A-F2E51C1E08FA}
500018265||20260704|20|XXX14|1|100|690704000030|690704000030:20:XXX14:100|{ADF83D04-AB44-4EFC-8D9A-B0A1B0BF46CF}
500018265||20260704|20|XXX14|1|80|690704000030|690704000030:20:XXX14:80|{8F65ABD4-D264-4614-B712-5537A54CCB88}
500051777||20260704|17|55020|1|50|690704000031|690704000031:17:55020:50|{A9794D97-ED96-4E0D-B2D3-8FC45EEBAE36}
500051777||20260704|20|XXX14|1|100|690704000031|690704000031:20:XXX14:100|{FFC7BFDA-2142-487E-89FA-0BFBC4C01D5F}
500051777||20260704|20|XXX14|1|80|690704000031|690704000031:20:XXX14:80|{5D1D1A90-1EA7-4543-803D-AE2BE40040E4}
690097664||20260704|17|55020|1|50|690704000032|690704000032:17:55020:50|{1CF15885-C0A9-47BF-AA04-511E8DDB2A92}
690097664||20260704|20|XXX14|1|100|690704000032|690704000032:20:XXX14:100|{3C6DD4CB-E65D-4C8C-A433-05402F44F699}
690097664||20260704|20|XXX14|1|80|690704000032|690704000032:20:XXX14:80|{4DC86486-A6EC-48E2-B9F3-B4C8B23CD74A}
690097634||20260704|17|55020|1|50|690704000033|690704000033:17:55020:50|{9817A3AA-B930-47E8-8CA1-EC78B16B6A69}
690097634||20260704|20|XXX14|1|100|690704000033|690704000033:20:XXX14:100|{0ADB049A-752C-4455-9166-AEA548B59696}
690097634||20260704|20|XXX14|2|500|690704000033|690704000033:20:XXX14:500|{DAD08F26-53A6-46AD-9A9B-1D44F2C7F471}
690097634||20260704|20|XXX14|1|80|690704000033|690704000033:20:XXX14:80|{1066E22D-B606-4BF9-A6D2-45C480C50158}
690097663||20260704|17|55020|1|50|690704000034|690704000034:17:55020:50|{6764F685-B416-4AA4-A193-B31358A0B479}
690097663||20260704|20|XXX14|1|100|690704000034|690704000034:20:XXX14:100|{B2CEDCD9-2F9F-40EF-AAD6-1C3924268CDD}
690097663||20260704|20|XXX14|2|500|690704000034|690704000034:20:XXX14:500|{D5F66748-F23E-4E45-9C2E-94D9556388E2}
690097663||20260704|20|XXX14|1|80|690704000034|690704000034:20:XXX14:80|{B3A5F119-2D4A-49E3-BA66-5D97FBC31C35}
690097647||20260704|17|55020|1|50|690704000035|690704000035:17:55020:50|{418B5833-D552-4296-8FCF-1FC62095E47A}
690097647||20260704|20|XXX14|1|100|690704000035|690704000035:20:XXX14:100|{6D8C746A-34D4-4406-9B19-CBC8471437F7}
690097647||20260704|20|XXX14|1|80|690704000035|690704000035:20:XXX14:80|{63D397A9-A61E-4748-98E6-D0D007F3D504}
670094807||20260704|17|55020|1|50|690704000036|690704000036:17:55020:50|{F1B5EAA2-03B6-4E50-9B68-D6E40EF0FB78}
670094807||20260704|20|XXX14|1|100|690704000036|690704000036:20:XXX14:100|{FE48D69B-81C7-4A43-9578-B7DD29A8713E}
670094807||20260704|20|XXX14|2|500|690704000036|690704000036:20:XXX14:500|{2DDC1150-E67E-47BD-888B-E328564ACBE1}
670094807||20260704|20|XXX14|1|80|690704000036|690704000036:20:XXX14:80|{61C392BD-8DA2-4AE0-B463-669C66A1020A}
690097632||20260704|17|55020|1|50|690704000037|690704000037:17:55020:50|{E06B28EF-A8BF-4A16-8E66-7F1B23ACAB53}
690097632||20260704|20|XXX14|1|100|690704000037|690704000037:20:XXX14:100|{CCB14D73-AF42-4A36-9CC9-74D219B8D914}
690097632||20260704|20|XXX14|2|500|690704000037|690704000037:20:XXX14:500|{2078BC2C-54AD-41FC-828B-670A88419245}
690097632||20260704|20|XXX14|1|80|690704000037|690704000037:20:XXX14:80|{58258A21-84D7-491A-BA1E-F2F64BDA6530}
690097633||20260704|11||2|0|690704000038|690704000038:11::0|{8EAFAD65-CF18-4C51-ADA3-F720194FC22E}
690097633||20260704|17|55020|1|50|690704000038|690704000038:17:55020:50|{1473D822-A323-4CE9-A790-426848F41D75}
690097633||20260704|20|XXX14|1|100|690704000038|690704000038:20:XXX14:100|{D60C9632-E3D0-4565-A21D-9AC70CBAA942}
690097633||20260704|20|XXX14|2|500|690704000038|690704000038:20:XXX14:500|{F20453E9-4631-4124-BFC5-0FD0354C1749}
690097633||20260704|20|XXX14|1|80|690704000038|690704000038:20:XXX14:80|{55B40940-6E95-4942-A396-FCA12C900F1E}
500038135||20260704|17|55020|1|50|690704000039|690704000039:17:55020:50|{C4E4E210-474A-4039-940D-D9F23D2C7943}
500038135||20260704|20|XXX14|1|100|690704000039|690704000039:20:XXX14:100|{2AB93CB1-0A43-43A3-A3FA-7F6BCC9E461E}
500038135||20260704|20|XXX14|2|500|690704000039|690704000039:20:XXX14:500|{49979870-46E9-4E2F-A1C5-4767CBD75568}
500038135||20260704|20|XXX14|1|80|690704000039|690704000039:20:XXX14:80|{D574B7A1-ABE7-45EF-9830-FCA089273298}
500018670||20260704|17|55020|1|50|690704000040|690704000040:17:55020:50|{EBC646A2-AA06-4A4E-81C5-CECD0AB9983C}
500018670||20260704|20|XXX14|1|100|690704000040|690704000040:20:XXX14:100|{525B8211-232E-44A8-A0C9-FC53D1BA8584}
500018670||20260704|20|XXX14|2|500|690704000040|690704000040:20:XXX14:500|{6473D580-C6D0-4D0A-99D7-31891AA105CE}
500018670||20260704|20|XXX14|1|80|690704000040|690704000040:20:XXX14:80|{0BA5B3FB-5128-47CD-A3F3-12D9611D231C}
500033389||20260704|17|55020|1|50|690704000042|690704000042:17:55020:50|{1094ED17-A0FA-4B90-900E-62FA5AE133FF}
500033389||20260704|20|XXX14|1|100|690704000042|690704000042:20:XXX14:100|{8F7F5CF7-B35C-471F-B4BF-383D628A0C18}
500033389||20260704|20|XXX14|2|500|690704000042|690704000042:20:XXX14:500|{455BF772-8C66-4584-B086-C87CF0B21858}
500033389||20260704|20|XXX14|1|80|690704000042|690704000042:20:XXX14:80|{7C4FE26A-BC38-47CE-A445-9DE4B77F05C8}
500013352||20260704|17|55020|1|50|690704000043|690704000043:17:55020:50|{FB8238EA-AA9E-489D-B6B4-BE066B7C3F24}
500013352||20260704|20|XXX14|1|100|690704000043|690704000043:20:XXX14:100|{50614F57-96B2-4D54-A057-28DD4B66BAB8}
500013352||20260704|20|XXX14|2|500|690704000043|690704000043:20:XXX14:500|{C002E83C-6917-4E7A-B33A-DBF9C928E1C9}
500013352||20260704|20|XXX14|1|80|690704000043|690704000043:20:XXX14:80|{50DC8522-D857-4928-AFC3-A7DE20D01DBB}
500044268||20260704|17|55020|1|50|690704000044|690704000044:17:55020:50|{DEFACB5F-DC8B-4351-8B4A-424325025F40}
500044268||20260704|20|XXX14|1|100|690704000044|690704000044:20:XXX14:100|{E0B2946E-56BE-4E0F-B5B5-B8499B643994}
500044268||20260704|20|XXX14|2|500|690704000044|690704000044:20:XXX14:500|{1C3F8F9C-74FA-47AC-A16D-A3ADD60D74BD}
500044268||20260704|20|XXX14|1|80|690704000044|690704000044:20:XXX14:80|{15A69101-27F2-4604-9752-500E1E60EE4D}
690097593||20260704|11||2|0|690704000049|690704000049:11::0|{DB98DDDF-CD70-4649-A42F-794786840E01}
690097593||20260704|17|55020|1|50|690704000049|690704000049:17:55020:50|{B4E17176-93D1-481E-9526-12CA3974E61E}
690097593||20260704|20|XXX14|1|100|690704000049|690704000049:20:XXX14:100|{4031B3DA-7B65-4047-900F-B30EB8219919}
690097593||20260704|20|XXX14|1|80|690704000049|690704000049:20:XXX14:80|{A35359D0-23D9-4D9B-A8F0-BCAE45E179A1}
540071691||20260704|17|55020|1|50|690704000052|690704000052:17:55020:50|{1004E207-03D0-4389-8FE1-A83F1F43B37B}
540071691||20260704|20|XXX14|1|100|690704000052|690704000052:20:XXX14:100|{24F7FE0E-2A57-448A-98CD-E9ECF4B3173E}
540071691||20260704|20|XXX14|1|80|690704000052|690704000052:20:XXX14:80|{93DBEDDA-2209-4B2A-92B0-D071256E5BF7}
540072297||20260704|11||2|0|690704000053|690704000053:11::0|{F9C64D6D-F850-4EEA-AB11-87250858757E}
540072297||20260704|17|55020|1|50|690704000053|690704000053:17:55020:50|{4CD516CD-9AF3-40BD-AFCF-CBB82B82EAF8}
540072297||20260704|20|XXX14|1|100|690704000053|690704000053:20:XXX14:100|{DBBF775B-27A9-43D6-8891-1ED94F4571E5}
540072297||20260704|20|XXX14|1|80|690704000053|690704000053:20:XXX14:80|{FDC73F5D-33E2-4D33-918A-B9E986B12603}
540071137||20260704|11||2|0|690704000054|690704000054:11::0|{E340B5E2-2A9A-4E72-99AD-8784DAD5EBA6}
540071137||20260704|17|55020|1|50|690704000054|690704000054:17:55020:50|{DD0D8C8A-457B-4236-9FC2-7A823C12FC2D}
540071137||20260704|20|XXX14|1|100|690704000054|690704000054:20:XXX14:100|{FA5DF798-62A5-4A7C-90D6-275449BF203F}
540071137||20260704|20|XXX14|1|80|690704000054|690704000054:20:XXX14:80|{733111F4-7C58-403A-9344-3AF307069859}
520065653||20260704|17|55020|1|50|690704000055|690704000055:17:55020:50|{9FE36CEB-0058-4273-ADB2-B5C1BE3D124F}
520065653||20260704|20|XXX14|1|100|690704000055|690704000055:20:XXX14:100|{441B2738-5DF9-4671-9D43-01743FB3740E}
520065653||20260704|20|XXX14|1|80|690704000055|690704000055:20:XXX14:80|{FEE0E7F8-3B8C-4AEF-A9FD-70260D1F1605}
500051868||20260704|11||2|0|690704000056|690704000056:11::0|{B4232870-3431-4503-B71D-D5F63016D7E5}
500051868||20260704|17|55020|1|50|690704000056|690704000056:17:55020:50|{2BA759B4-0282-4345-9F48-2809FFDAE8EE}
500051868||20260704|20|XXX14|1|100|690704000056|690704000056:20:XXX14:100|{E5127DAB-ACC8-4CA0-A421-BF03730AE3B7}
500051868||20260704|20|XXX14|1|80|690704000056|690704000056:20:XXX14:80|{6CFD8672-BE7E-4AC4-A8EA-5469DE5766F7}
500047345||20260704|17|55020|1|50|690704000057|690704000057:17:55020:50|{2E41804B-83DC-4948-94E5-035BFB966A4D}
500047345||20260704|20|XXX14|1|100|690704000057|690704000057:20:XXX14:100|{6E64CCFD-8216-402F-A473-F7E62BDEA35C}
500047345||20260704|20|XXX14|1|80|690704000057|690704000057:20:XXX14:80|{CC4D50DB-4773-4C8F-8EF1-CB28332544D4}
500019546||20260704|17|55020|1|50|690704000060|690704000060:17:55020:50|{9D83AAB5-D8E0-4F81-AC97-7022C4265B63}
500019546||20260704|20|XXX14|1|100|690704000060|690704000060:20:XXX14:100|{0CB54A5A-E245-4B47-BB07-FFCF6930CA07}
500019546||20260704|20|XXX14|2|500|690704000060|690704000060:20:XXX14:500|{FF9139BC-2B20-410A-87A9-4431329F353A}
500019546||20260704|20|XXX14|1|80|690704000060|690704000060:20:XXX14:80|{2532FB28-DCEE-4826-BF06-AB49FDCDD4FE}
500034484||20260704|17|55020|1|50|690704000061|690704000061:17:55020:50|{3F728DAE-9435-4216-BF0C-D7D4B6EB5B05}
500034484||20260704|20|XXX14|1|100|690704000061|690704000061:20:XXX14:100|{BCB75CAB-891D-4D46-B5B5-3EF7AA0157B1}
500034484||20260704|20|XXX14|2|500|690704000061|690704000061:20:XXX14:500|{3D6657BA-A226-41EB-8F4E-9DA1A6310192}
500034484||20260704|20|XXX14|1|80|690704000061|690704000061:20:XXX14:80|{616EA0A4-5626-4156-80B9-CD4764725C06}
500013043||20260704|17|55020|1|50|690704000062|690704000062:17:55020:50|{9B7DBA13-EAD3-4D1F-9F4A-400D528B25E5}
500013043||20260704|20|XXX14|1|100|690704000062|690704000062:20:XXX14:100|{B4FA7C2F-917C-41F1-AFDB-4F9F62777F0B}
500013043||20260704|20|XXX14|2|500|690704000062|690704000062:20:XXX14:500|{6AA98E4E-1827-4C95-8FE6-6DAC714663C9}
500013043||20260704|20|XXX14|1|80|690704000062|690704000062:20:XXX14:80|{3E177D4E-4CBA-44EB-88D1-E53026BB8307}
500031193||20260704|17|55020|1|50|690704000063|690704000063:17:55020:50|{F65EFA41-1009-43F9-BA19-047D75178379}
500031193||20260704|20|XXX14|1|100|690704000063|690704000063:20:XXX14:100|{8D23618F-8A72-40A0-A683-E35D3651BD95}
500031193||20260704|20|XXX14|2|500|690704000063|690704000063:20:XXX14:500|{71D75760-D3A5-4267-9DF6-E8EFFD931381}
500031193||20260704|20|XXX14|1|80|690704000063|690704000063:20:XXX14:80|{8EF95A9A-7E54-4B1B-B1E4-180F9234D81E}
690097574||20260704|17|55020|1|50|690704000064|690704000064:17:55020:50|{C5A83F35-36F0-4B6D-A9E3-B8916F336347}
690097574||20260704|20|XXX14|1|100|690704000064|690704000064:20:XXX14:100|{18330950-3E18-48D4-8522-3288398FF96D}
690097574||20260704|20|XXX14|2|500|690704000064|690704000064:20:XXX14:500|{58F57501-6297-4CA2-AAD9-E8249717F932}
690097574||20260704|20|XXX14|1|80|690704000064|690704000064:20:XXX14:80|{52850D1E-5155-44D5-92F7-D4058653FCD3}
690097631||20260704|11||2|0|690704000065|690704000065:11::0|{E00858EB-F48C-43E6-B447-56F6A3F4D4BF}
690097631||20260704|17|55020|1|50|690704000065|690704000065:17:55020:50|{C52654AD-AC91-46A9-9B85-301CE6642348}
690097631||20260704|20|XXX14|1|100|690704000065|690704000065:20:XXX14:100|{C5691E5B-9C1A-4476-82C8-3186504C99C6}
690097631||20260704|20|XXX14|2|500|690704000065|690704000065:20:XXX14:500|{49C86873-5693-4640-92C4-E9043EDFBAD3}
690097631||20260704|20|XXX14|1|80|690704000065|690704000065:20:XXX14:80|{81E35FBF-4DB3-4478-B14A-D454950BF0DA}
690097630||20260704|11||2|0|690704000066|690704000066:11::0|{A114C4DA-2307-411F-B2B6-301D05B86A4E}
690097630||20260704|17|55020|1|50|690704000066|690704000066:17:55020:50|{44BB4292-E361-4603-903B-D3D6C890D1FB}
690097630||20260704|20|XXX14|1|100|690704000066|690704000066:20:XXX14:100|{44F3CC99-DF7D-4C02-AC48-F857C811270D}
690097630||20260704|20|XXX14|2|500|690704000066|690704000066:20:XXX14:500|{9BFAC8CA-F2A3-452C-AA5D-5436438DFFB2}
690097630||20260704|20|XXX14|1|80|690704000066|690704000066:20:XXX14:80|{A5967108-934F-47E1-81E9-20A04C46B9F9}
690097575||20260704|17|55020|1|50|690704000067|690704000067:17:55020:50|{0C925D26-76EF-4F72-B952-92489D86983F}
690097575||20260704|20|XXX14|1|100|690704000067|690704000067:20:XXX14:100|{F70FDC92-4F13-467F-8ECE-4986E0764242}
690097575||20260704|20|XXX14|2|500|690704000067|690704000067:20:XXX14:500|{06E828AE-B566-47F2-B6B1-E9B3AAD545EE}
690097575||20260704|20|XXX14|1|80|690704000067|690704000067:20:XXX14:80|{70D05C54-3F8C-42C8-ADCB-86300AB8FCE2}
690097573||20260704|11||2|0|690704000068|690704000068:11::0|{E0F5DFEC-2497-4D8E-B385-272D7CB6C444}
690097573||20260704|17|55020|1|50|690704000068|690704000068:17:55020:50|{439220A2-1FF3-445F-9BBA-BB76C79A31DE}
690097573||20260704|20|XXX14|1|100|690704000068|690704000068:20:XXX14:100|{1B41C743-6684-4186-9A9D-A70B09544DF9}
690097573||20260704|20|XXX14|2|500|690704000068|690704000068:20:XXX14:500|{0E90B2C1-2BE9-4618-9431-93F8A34A5C58}
690097573||20260704|20|XXX14|1|80|690704000068|690704000068:20:XXX14:80|{F28A028E-CDFF-45B1-8B1E-AFBED0490EFA}
690097578||20260704|11||2|0|690704000069|690704000069:11::0|{F59C745C-F42C-4753-9ED9-6963190E3DFF}
690097578||20260704|17|55020|1|50|690704000069|690704000069:17:55020:50|{988C1953-A44C-443B-B899-B65B5D2FFF8A}
690097578||20260704|20|XXX14|1|100|690704000069|690704000069:20:XXX14:100|{1EC72D1E-3E8C-4FD9-A15B-32BFF77CBD7C}
690097578||20260704|20|XXX14|2|500|690704000069|690704000069:20:XXX14:500|{02121E41-6BEB-47A9-8CD9-86ED6DBEB03C}
690097578||20260704|20|XXX14|1|80|690704000069|690704000069:20:XXX14:80|{CBE59B7C-5619-41FE-8732-06CB7B1E2950}
690097579||20260704|11||2|0|690704000070|690704000070:11::0|{79E75491-5A60-423F-A00B-615284711C1A}
690097579||20260704|17|55020|1|50|690704000070|690704000070:17:55020:50|{70875F0F-F760-44B8-86BB-E9039DB72CA7}
690097579||20260704|20|XXX14|1|100|690704000070|690704000070:20:XXX14:100|{4A151B64-CFCE-4E7C-A99F-2DF64CCDC895}
690097579||20260704|20|XXX14|2|500|690704000070|690704000070:20:XXX14:500|{C941F974-3FB2-468E-A197-1E5F41DCA9E9}
690097579||20260704|20|XXX14|1|80|690704000070|690704000070:20:XXX14:80|{FDD1390A-1A99-474A-86AD-CB3C309E6798}
500002847||20260704|11||2|0|690704000073|690704000073:11::0|{D9A83C62-A277-4528-B41D-3B5CF45EF736}
500002847||20260704|20|XXX14|1|100|690704000073|690704000073:20:XXX14:100|{ADFF84DB-BA08-4305-9E58-491420AF1C5A}
500002847||20260704|20|XXX14|2|500|690704000073|690704000073:20:XXX14:500|{9E77AEFE-7C44-4CB1-AC35-271E84903F8F}
500002847||20260704|20|XXX14|1|80|690704000073|690704000073:20:XXX14:80|{13064B2D-6188-4484-BB19-F2A784AB8C65}
690097613||20260704|17|55020|1|50|690704000074|690704000074:17:55020:50|{F27BCA23-3553-4014-B155-81CF727B9F03}
690097613||20260704|20|XXX14|1|100|690704000074|690704000074:20:XXX14:100|{EA2E6986-D52F-48FA-A477-9AC134E791D7}
690097613||20260704|20|XXX14|2|500|690704000074|690704000074:20:XXX14:500|{073F0C49-9960-41F9-A7EF-5D711332669C}
690097613||20260704|20|XXX14|1|80|690704000074|690704000074:20:XXX14:80|{2186AC09-F4D5-4A7E-917B-5A6DD4B6B706}
690097612||20260704|17|55020|1|50|690704000075|690704000075:17:55020:50|{2546FD99-45CE-4E78-9E07-96663BE17F5C}
690097612||20260704|20|XXX14|1|100|690704000075|690704000075:20:XXX14:100|{1C521B4D-54AA-4615-9B7A-ECD49C3920B4}
690097612||20260704|20|XXX14|2|500|690704000075|690704000075:20:XXX14:500|{7AE1D359-0F3B-425D-B288-B4983143D38A}
690097612||20260704|20|XXX14|1|80|690704000075|690704000075:20:XXX14:80|{DD6E25D4-CBBF-45AA-9C1C-AB66905761D1}
690097616||20260704|17|55020|1|50|690704000076|690704000076:17:55020:50|{105E4621-D1B3-4CC3-A214-82E9A702E448}
690097616||20260704|20|XXX14|1|100|690704000076|690704000076:20:XXX14:100|{D0EF7AEF-D80D-4435-8002-B95337C3B7E7}
690097616||20260704|20|XXX14|2|500|690704000076|690704000076:20:XXX14:500|{EA02B275-63C2-4B98-AC36-4EC86F0F56A9}
690097616||20260704|20|XXX14|1|80|690704000076|690704000076:20:XXX14:80|{15E1EB99-5A61-4C35-963D-710E475B214A}
690097582||20260704|11||2|0|690704000077|690704000077:11::0|{DA0D5871-17CA-4ED4-8E66-0B3FEBE3CA4B}
690097582||20260704|17|55020|1|50|690704000077|690704000077:17:55020:50|{F9F5D3B5-8D05-4318-8A77-255F39584145}
690097582||20260704|20|XXX14|1|100|690704000077|690704000077:20:XXX14:100|{F11A1F6C-E0E5-4E0C-8C9F-0A7A6E3C617D}
690097582||20260704|20|XXX14|2|500|690704000077|690704000077:20:XXX14:500|{C8A435DB-2F5E-4B21-8A10-DBC813E91EE9}
690097582||20260704|20|XXX14|1|80|690704000077|690704000077:20:XXX14:80|{98D9C9B4-2848-401E-AB5A-2A7AAAA15CF3}
690097580||20260704|11||2|0|690704000078|690704000078:11::0|{CD8D661A-B1D2-4D29-BE3D-EB4E16E0FAE1}
690097580||20260704|17|55020|1|50|690704000078|690704000078:17:55020:50|{0BB09A8D-DDCD-469D-9F3E-42732C448553}
690097580||20260704|20|XXX14|1|100|690704000078|690704000078:20:XXX14:100|{B61C7753-1E1D-4C11-9B88-DB4EC3AFFB0B}
690097580||20260704|20|XXX14|2|500|690704000078|690704000078:20:XXX14:500|{07D96944-42DA-4B11-BA4A-08799134E1FB}
690097580||20260704|20|XXX14|1|80|690704000078|690704000078:20:XXX14:80|{B29EF8A0-139F-4DB7-9271-1B7A0A27324D}
690097620||20260704|17|55020|1|50|690704000079|690704000079:17:55020:50|{4F8FA4E2-B46B-4CF9-AC0F-891051385F3C}
690097620||20260704|20|XXX14|1|100|690704000079|690704000079:20:XXX14:100|{0B28BBEF-6FBD-4C94-A44C-C74AD48E8308}
690097620||20260704|20|XXX14|2|500|690704000079|690704000079:20:XXX14:500|{9B5A6D8D-F991-4F76-8760-10575C7A5F6D}
690097620||20260704|20|XXX14|1|80|690704000079|690704000079:20:XXX14:80|{D69C9980-EDA4-493C-A3AA-CF5542B8B585}
690097619||20260704|17|55020|1|50|690704000080|690704000080:17:55020:50|{F38D890B-7F11-4F01-B704-927C3B0BAA9D}
690097619||20260704|20|XXX14|1|100|690704000080|690704000080:20:XXX14:100|{46FCF7A8-F0AD-48A6-98F5-2430E26D9EAB}
690097619||20260704|20|XXX14|2|500|690704000080|690704000080:20:XXX14:500|{8AF732E2-8433-4A67-AE09-EE58B3940CB8}
690097619||20260704|20|XXX14|1|80|690704000080|690704000080:20:XXX14:80|{C2962543-4844-4D40-8212-CBC1B1459AB7}
690097624||20260704|17|55020|1|50|690704000081|690704000081:17:55020:50|{717EB32D-F323-48D5-B6F7-BB643396005A}
690097624||20260704|20|XXX14|1|100|690704000081|690704000081:20:XXX14:100|{A0CC157E-B6AE-4E99-A6BA-2588C969B222}
690097624||20260704|20|XXX14|1|80|690704000081|690704000081:20:XXX14:80|{CADE2C0C-AB2B-41FD-826A-FD5459C96934}
690097623||20260704|17|55020|1|50|690704000082|690704000082:17:55020:50|{BEC1A2E1-7CBD-434D-A9D6-CDEBBB28D231}
690097623||20260704|20|XXX14|1|100|690704000082|690704000082:20:XXX14:100|{6D973840-6670-4C76-A939-002E7A5FC4A2}
690097623||20260704|20|XXX14|2|500|690704000082|690704000082:20:XXX14:500|{6B239729-94A4-42BE-A574-93537C9A1DC9}
690097623||20260704|20|XXX14|1|80|690704000082|690704000082:20:XXX14:80|{CD4FB43E-97AC-486A-BADA-C8F7202D3A93}
690097625||20260704|17|55020|1|50|690704000083|690704000083:17:55020:50|{068E3815-9237-42F2-99CF-B9DF66973697}
690097625||20260704|20|XXX14|1|100|690704000083|690704000083:20:XXX14:100|{5F0C1C00-111C-4304-916C-C63354CB01DA}
690097625||20260704|20|XXX14|1|80|690704000083|690704000083:20:XXX14:80|{CEAD486D-656B-4563-9796-08DA15380C02}
690097622||20260704|17|55020|1|50|690704000084|690704000084:17:55020:50|{A6F7C40B-FE85-4879-895B-B945CE8CB382}
690097622||20260704|20|XXX14|1|100|690704000084|690704000084:20:XXX14:100|{EF955216-1016-4BD6-A5B6-033F46DAD813}
690097622||20260704|20|XXX14|1|80|690704000084|690704000084:20:XXX14:80|{65BB6AC0-5739-49F5-8CF8-BF0CD3F9C8CC}
650073804||20260704|17|55020|1|50|690704000085|690704000085:17:55020:50|{B955C81A-0D98-4AE1-8FE5-10097BC3E5F4}
650073804||20260704|20|XXX14|1|100|690704000085|690704000085:20:XXX14:100|{9554F1AD-95CE-4EC1-A9A0-7EF5CFCF83C6}
650073804||20260704|20|XXX14|2|500|690704000085|690704000085:20:XXX14:500|{5BAB368D-C0E6-45FF-9688-3B65CD63CD92}
650073804||20260704|20|XXX14|1|80|690704000085|690704000085:20:XXX14:80|{B2BE1082-103E-4B87-AE6B-91F886B907A3}
640091339||20260704|11||2|0|690704000088|690704000088:11::0|{F890C884-30B4-4605-A334-3C772547AE31}
640091339||20260704|17|55020|1|50|690704000088|690704000088:17:55020:50|{EAAC1560-17A0-4588-9043-D98BB13FA359}
640091339||20260704|20|XXX14|1|100|690704000088|690704000088:20:XXX14:100|{4E3F1565-9BE4-4995-BB01-705F975BB850}
640091339||20260704|20|XXX14|1|80|690704000088|690704000088:20:XXX14:80|{C956798D-D8D8-47D0-8704-0CB9D9DAF8A3}
500042990||20260704|11||2|0|690704000089|690704000089:11::0|{D862079E-4EB6-4ECC-9629-37F65D591563}
500042990||20260704|17|55020|1|50|690704000089|690704000089:17:55020:50|{2E62A945-31D3-4DCB-81B7-2D197B5BD3A6}
500042990||20260704|20|XXX14|1|100|690704000089|690704000089:20:XXX14:100|{EE5933B5-8B86-4E41-B64D-2F072F30A602}
500042990||20260704|20|XXX14|1|80|690704000089|690704000089:20:XXX14:80|{EA1749E5-8F22-48A9-96CA-55056FCB5596}
500029371||20260704|17|55020|1|50|690704000090|690704000090:17:55020:50|{8BAC909E-6747-413B-82A8-9A91CAB0A7A6}
500029371||20260704|20|XXX14|1|100|690704000090|690704000090:20:XXX14:100|{C3A3E0C8-4552-4317-B2B7-7A34BE9CDC2A}
500029371||20260704|20|XXX14|1|80|690704000090|690704000090:20:XXX14:80|{02186348-14B2-4A55-B4B8-26F845400FCE}
500008964||20260704|11||2|0|690704000091|690704000091:11::0|{A4775841-3236-4644-9A0D-EE51283AABC6}
500008964||20260704|17|55020|1|50|690704000091|690704000091:17:55020:50|{3F4083F1-AF46-435B-9B49-649186E17B1E}
500008964||20260704|20|XXX14|1|100|690704000091|690704000091:20:XXX14:100|{0E3A19A5-770B-44DC-AECB-61C5E489E22F}
500008964||20260704|20|XXX14|1|80|690704000091|690704000091:20:XXX14:80|{1F0E6AD7-D949-44D4-81DA-BA8459EA6B94}
680095753||20260704|17|55020|1|50|690704000092|690704000092:17:55020:50|{A9F1DA4E-6775-4AC7-B33A-9790839E41E7}
680095753||20260704|20|XXX14|1|100|690704000092|690704000092:20:XXX14:100|{99CAD144-A1D3-4F56-817F-9342D66B197E}
680095753||20260704|20|XXX14|1|80|690704000092|690704000092:20:XXX14:80|{6350B676-A9E1-4292-9EFB-0E792B1A3BF2}
500006386||20260704|17|55020|1|50|690704000093|690704000093:17:55020:50|{0E6AF62D-6FF8-4E36-AC45-9EF1F69D7A5A}
500006386||20260704|20|XXX14|1|100|690704000093|690704000093:20:XXX14:100|{CE0AB295-0A33-4B6A-BEDC-11710452C98D}
500006386||20260704|20|XXX14|1|80|690704000093|690704000093:20:XXX14:80|{502CDCCA-D1D2-48DA-B5D2-C7BBD496AD7E}
680096003||20260704|17|55020|1|50|690704000097|690704000097:17:55020:50|{0AB0AFBE-EBF1-4FEB-B7B6-D60286ED7F47}
680096003||20260704|20|XXX14|1|100|690704000097|690704000097:20:XXX14:100|{D06DED0E-59EF-4E4C-90DA-25C4D928B7E1}
680096003||20260704|20|XXX14|1|80|690704000097|690704000097:20:XXX14:80|{7534BF05-AD5B-4669-B930-660FC55EACD1}
690097748||20260704|11||2|0|690704000098|690704000098:11::0|{817AB55D-A95B-438E-BEEF-E0FBC683ABEC}
690097748||20260704|17|55020|1|50|690704000098|690704000098:17:55020:50|{FE11FB02-E4E6-4F13-9972-F4F0575D286C}
690097748||20260704|20|XXX14|1|100|690704000098|690704000098:20:XXX14:100|{9639C84F-9A96-4B6A-A655-8A69DEC4A405}
690097748||20260704|20|XXX14|1|80|690704000098|690704000098:20:XXX14:80|{FA58E067-1948-47B5-A338-A531B70D9F73}
690097747||20260704|17|55020|1|50|690704000099|690704000099:17:55020:50|{3DAD320E-ECB0-4783-B323-8F9E765CF196}
690097747||20260704|20|XXX14|1|100|690704000099|690704000099:20:XXX14:100|{CE980F4D-4447-401E-ACBA-298A3CA20C69}
690097747||20260704|20|XXX14|1|80|690704000099|690704000099:20:XXX14:80|{C02AA0EF-4004-4254-9B02-DA141AB681F5}
500018798||20260704|17|55020|1|50|690704000101|690704000101:17:55020:50|{AC870A9D-67F4-41D3-8C51-0A818AA57817}
500018798||20260704|20|XXX14|1|100|690704000101|690704000101:20:XXX14:100|{B8C046C1-C6AB-4C79-B57E-7A4A88E6EC14}
500018798||20260704|20|XXX14|1|80|690704000101|690704000101:20:XXX14:80|{49501918-B46C-42EA-ACE8-DD56568FE392}
690097585||20260704|17|55020|1|50|690704000102|690704000102:17:55020:50|{6BF7FD10-93EC-4810-A215-B96B88CF208E}
690097585||20260704|20|XXX14|1|100|690704000102|690704000102:20:XXX14:100|{B782F007-2DDB-410B-B78E-4A5CAB3F019B}
690097585||20260704|20|XXX14|1|80|690704000102|690704000102:20:XXX14:80|{4336081B-EB69-491C-B44F-ED801F74223C}
690097597||20260704|17|55020|1|50|690704000103|690704000103:17:55020:50|{8996858A-8E38-4931-B804-4128866956D3}
690097597||20260704|20|XXX14|1|100|690704000103|690704000103:20:XXX14:100|{AC91CF42-AE6C-4482-B19C-3719AB61CE36}
690097597||20260704|20|XXX14|1|80|690704000103|690704000103:20:XXX14:80|{86DAA3EF-C9EB-4B15-BB48-EE60F4A9060B}
690097605||20260704|11||2|0|690704000104|690704000104:11::0|{3DE061AD-F516-4932-B8DA-960D75D61B02}
690097605||20260704|17|55020|1|50|690704000104|690704000104:17:55020:50|{138BA82B-DEE1-4FAC-811B-A5A7182DA3F4}
690097605||20260704|20|XXX14|1|100|690704000104|690704000104:20:XXX14:100|{38E10613-994B-479E-B492-C3261E99C3D4}
690097605||20260704|20|XXX14|1|80|690704000104|690704000104:20:XXX14:80|{96043EE3-430E-4992-B85E-EB58FA57DEBF}
690097606||20260704|17|55020|1|50|690704000105|690704000105:17:55020:50|{AE22C735-2144-42EB-94A7-25BC77BBFFB4}
690097606||20260704|20|XXX14|1|100|690704000105|690704000105:20:XXX14:100|{5611CD85-8B47-4839-B158-D1BAF0EE1465}
690097606||20260704|20|XXX14|1|80|690704000105|690704000105:20:XXX14:80|{ADBF4654-EEDE-4FA5-8A1D-CBA140AA0D01}
500002386||20260704|17|55020|1|50|690704000106|690704000106:17:55020:50|{57E62F16-153C-4624-A023-185AD6587A56}
500002386||20260704|20|XXX14|1|100|690704000106|690704000106:20:XXX14:100|{2FFE99D8-A507-483E-B5AB-4A8672B51FB3}
500002386||20260704|20|XXX14|1|80|690704000106|690704000106:20:XXX14:80|{E573B43D-1689-47B6-9C5C-3D32BF19F9AF}
500015116||20260704|17|55020|1|50|690704000107|690704000107:17:55020:50|{77F2631D-9C32-42C2-B9BF-812AFFCBEA8C}
500015116||20260704|20|XXX14|1|100|690704000107|690704000107:20:XXX14:100|{0362938C-C104-41E3-82A7-0027B3EE823A}
500015116||20260704|20|XXX14|1|80|690704000107|690704000107:20:XXX14:80|{A6053E77-29AC-495E-854D-6AD40B20FF59}
500011602||20260704|17|55020|1|50|690704000108|690704000108:17:55020:50|{3234DFAF-4FFE-4AC7-9D9F-585EF8A94E27}
500011602||20260704|20|XXX14|1|100|690704000108|690704000108:20:XXX14:100|{3819664F-7691-4D85-B5A8-FF9DD5A51BF2}
500011602||20260704|20|XXX14|1|80|690704000108|690704000108:20:XXX14:80|{B1872468-1BAC-4D2E-89DD-1010839D1403}
500015154||20260704|17|55020|1|50|690704000109|690704000109:17:55020:50|{13C1E182-70B2-4390-83E2-40433575930B}
500015154||20260704|20|XXX14|1|100|690704000109|690704000109:20:XXX14:100|{5EC32AA2-4A6F-4FF8-8DC4-74CBD5215193}
500015154||20260704|20|XXX14|1|80|690704000109|690704000109:20:XXX14:80|{5C476BAD-EAED-49E6-87CB-F16CB2C954DE}
670095143||20260704|17|55020|1|50|690704000112|690704000112:17:55020:50|{5B2D4F29-2E01-4870-BE36-A62C6C2F2B2B}
670095143||20260704|20|XXX14|1|100|690704000112|690704000112:20:XXX14:100|{0CD93D24-75DF-40C7-B350-19118EF5E38A}
670095143||20260704|20|XXX14|1|80|690704000112|690704000112:20:XXX14:80|{447EE878-B8BD-4C15-84CC-B61044236BD6}
500005422||20260704|17|55020|1|50|690704000115|690704000115:17:55020:50|{8530E63A-747C-4C3B-AC90-4C761C61B5AA}
500005422||20260704|20|XXX14|1|100|690704000115|690704000115:20:XXX14:100|{C66857E2-371D-4F4B-8142-2B540C7807C2}
500005422||20260704|20|XXX14|1|80|690704000115|690704000115:20:XXX14:80|{6BD96427-4B8F-43F9-884D-DA4508C7F649}
640090464||20260704|17|55020|1|50|690704000116|690704000116:17:55020:50|{7422ED35-0761-4E83-9A83-E9F9AB66753E}
640090464||20260704|20|XXX14|1|100|690704000116|690704000116:20:XXX14:100|{D2EE5839-77F1-4FAF-A15A-C02B836A3E81}
640090464||20260704|20|XXX14|1|80|690704000116|690704000116:20:XXX14:80|{3DCF1860-003C-4D05-A0E1-D6CFA7EC610B}
690097607||20260704|17|55020|1|50|690704000117|690704000117:17:55020:50|{04146908-9F97-47FE-83B2-F18BB5B425B6}
690097607||20260704|20|XXX14|1|100|690704000117|690704000117:20:XXX14:100|{7E006528-9921-42A3-AC22-DEAB9398D3DA}
690097607||20260704|20|XXX14|1|80|690704000117|690704000117:20:XXX14:80|{6D235CD0-3F58-4643-8D7C-5D04D45C81C7}
500055227||20260704|17|55020|1|50|690704000124|690704000124:17:55020:50|{9302BE21-3F32-4AB9-BC07-E3483278954F}
500055227||20260704|20|XXX14|1|100|690704000124|690704000124:20:XXX14:100|{372A9E4C-114A-40BF-8CEE-44702A07ACC7}
500055227||20260704|20|XXX14|1|80|690704000124|690704000124:20:XXX14:80|{FBE42617-D79B-49D8-876B-4D6784C46411}
600082781||20260704|17|55020|1|50|690704000129|690704000129:17:55020:50|{4C070DFA-BE28-496E-A75C-15442F5308D7}
600082781||20260704|20|XXX14|1|100|690704000129|690704000129:20:XXX14:100|{C61174B3-F399-428E-8DAB-BC2ACD81E74C}
600082781||20260704|20|XXX14|1|80|690704000129|690704000129:20:XXX14:80|{A7B84A32-28F2-4249-800A-EAE2A9A501C8}
690097561||20260704|17|55020|1|50|690704000131|690704000131:17:55020:50|{3D85AB57-16E9-4038-941D-63E933A585E9}
690097561||20260704|20|XXX14|1|100|690704000131|690704000131:20:XXX14:100|{8C9411F1-B4BD-44F0-A193-1DC1802DEFD4}
690097561||20260704|20|XXX14|1|80|690704000131|690704000131:20:XXX14:80|{98E99962-AA84-4BE2-92A7-59203D16A1CE}
690097562||20260704|17|55020|1|50|690704000133|690704000133:17:55020:50|{EDC6DA9B-3ABB-4E93-BE76-1ADEB30E059D}
690097562||20260704|20|XXX14|1|100|690704000133|690704000133:20:XXX14:100|{C95E9679-8D0A-4CFA-9504-0C043BC594F3}
690097562||20260704|20|XXX14|1|80|690704000133|690704000133:20:XXX14:80|{51474791-F82A-4D75-BBE4-B9028CE6E632}
560075412||20260704|17|55020|1|50|690704000135|690704000135:17:55020:50|{C9A1A1DB-E3D5-4ACD-B970-FEDD7E0F7F05}
560075412||20260704|20|XXX14|1|100|690704000135|690704000135:20:XXX14:100|{C33E7F0C-6059-418B-A6C6-7FB25D8ED887}
560075412||20260704|20|XXX14|1|80|690704000135|690704000135:20:XXX14:80|{9351B565-1A96-4A97-8AEA-1619A2309083}
500048151||20260704|17|55020|1|50|690704000136|690704000136:17:55020:50|{02623D5F-9E18-4F3A-8570-28EE00A82BED}
500048151||20260704|20|XXX14|1|100|690704000136|690704000136:20:XXX14:100|{25BDEE7A-8688-4B8F-884A-E4CF595F1E22}
500048151||20260704|20|XXX14|1|80|690704000136|690704000136:20:XXX14:80|{7EBDEBF9-C50A-4EED-8406-8CF9A73AFBC6}
680096088||20260704|17|55020|1|50|690704000138|690704000138:17:55020:50|{E08E4EC2-B200-4002-9DA4-5A14B777DD9B}
680096088||20260704|20|XXX14|1|100|690704000138|690704000138:20:XXX14:100|{FA3C824A-BE84-42FF-8FC0-DCA894AD8363}
680096088||20260704|20|XXX14|1|80|690704000138|690704000138:20:XXX14:80|{2413A67B-C692-414F-8D00-DD22C284CA63}
500034076||20260704|17|55020|1|50|690704000140|690704000140:17:55020:50|{29906418-11FC-4DA5-A827-10ADC2A172E4}
500034076||20260704|20|XXX14|1|100|690704000140|690704000140:20:XXX14:100|{ADD0DA74-DED1-41FE-B93F-37A41448EFE5}
500034076||20260704|20|XXX14|1|80|690704000140|690704000140:20:XXX14:80|{105C8E95-3F1A-47FE-91F1-4675A1AB4D88}
690097603||20260704|17|55020|1|50|690704000142|690704000142:17:55020:50|{E704F70F-5F77-4C48-9727-6F318529504D}
690097603||20260704|20|XXX14|1|100|690704000142|690704000142:20:XXX14:100|{9D72E702-FC52-4A87-92CB-0173B7C8C05E}
690097603||20260704|20|XXX14|1|80|690704000142|690704000142:20:XXX14:80|{F1CC44F0-4B78-4F9A-9181-10AB14C58D2A}
690097600||20260704|17|55020|1|50|690704000143|690704000143:17:55020:50|{23C03CB3-AFFD-4AD8-9992-5BABA1CD16E0}
690097600||20260704|20|XXX14|1|100|690704000143|690704000143:20:XXX14:100|{1B9C7942-86FB-4211-A26A-16893AF092D9}
690097600||20260704|20|XXX14|1|80|690704000143|690704000143:20:XXX14:80|{038F8D2D-1A4C-4C5D-9350-51987DD301AB}
670094069||20260704|17|55020|1|50|690704000147|690704000147:17:55020:50|{045EC09E-C684-4922-89CD-42C15132178F}
670094069||20260704|17|55320|1|50|690704000147|690704000147:17:55320:50|{B213D299-AB7F-4026-9278-0F49B4BA9CE3}
670094069||20260704|18|52441|1|0|690704000147|690704000147:18:52441:0|{A31E8238-B9F8-470E-989E-7707117F28CE}
640089931||20260704|17|55020|1|50|690704000148|690704000148:17:55020:50|{1DAD5994-750D-4169-8EE8-F96D7EF69AAD}
640089931||20260704|20|XXX14|1|100|690704000148|690704000148:20:XXX14:100|{7685B5BF-C4CF-4517-AFBE-1CA9450383A9}
640089931||20260704|20|XXX14|1|80|690704000148|690704000148:20:XXX14:80|{2C9F1F49-084D-413E-803E-99866481B322}
650084356||20260704|17|55020|1|50|690704000149|690704000149:17:55020:50|{2FF2C174-3A37-4AA1-B2DE-FE78CB8D9DD1}
650084356||20260704|20|XXX14|1|100|690704000149|690704000149:20:XXX14:100|{D524664A-E233-4F84-901D-C87C36E2A138}
650084356||20260704|20|XXX14|1|80|690704000149|690704000149:20:XXX14:80|{95717308-F34E-40AE-AEFA-87FA6F2C9128}
500003054||20260704|17|55020|1|50|690704000151|690704000151:17:55020:50|{B3BBF16A-3226-432D-ADE0-9098F081E9B1}
500003054||20260704|17|55810|1|70|690704000151|690704000151:17:55810:70|{5BDD7865-AB30-4878-8E94-4400132BF865}
500021435||20260704|17|55020|1|50|690704000153|690704000153:17:55020:50|{BCF71ABE-BDA2-490E-BAD2-7DEDD6F4C15B}
500021435||20260704|20|XXX14|1|100|690704000153|690704000153:20:XXX14:100|{F30C4964-B781-4DC4-A2C2-4A4CDF30B83A}
500021435||20260704|20|XXX14|1|80|690704000153|690704000153:20:XXX14:80|{69AEE366-17E8-4C95-A1CE-731869A178FD}
500032378||20260704|17|55811|1|140|690704000167|690704000167:17:55811:140|{785AD9B1-6BF6-4EF1-B0D6-557AFEC16598}
500018622||20260704|17|55021|1|50|690704045944|690704045944:17:55021:50|{D82AD7BC-2159-48E6-A403-CD9950CF64CB}
500018622||20260704|17|55320|1|50|690704045944|690704045944:17:55320:50|{70F6B749-E929-431E-A524-EB315E7459DC}
500018622||20260704|18|52441|1|0|690704045944|690704045944:18:52441:0|{9E9FB519-BD65-4001-991C-4CE0960143D5}
500053931||20260704|17|55021|1|50|690704071915|690704071915:17:55021:50|{23BA4387-1BF9-4AE5-913B-8D4A48F6D0C5}
500005366||20260704|17|55020|1|50|690704083527|690704083527:17:55020:50|{3FC03A08-67A9-455D-B974-D7743CAE7D50}
500005366||20260704|20|XXX14|1|100|690704083527|690704083527:20:XXX14:100|{024ECEB5-CC69-4CEE-A0E1-BFA10CD09A5D}
500005366||20260704|20|XXX14|2|500|690704083527|690704083527:20:XXX14:500|{3388A2B2-69CD-42FA-957F-0C4061B354EC}
500005366||20260704|20|XXX14|1|80|690704083527|690704083527:20:XXX14:80|{6E8519D8-0E0A-47A3-B041-7B02F7D1771D}
500003216||20260704|17|55020|1|50|690704084458|690704084458:17:55020:50|{60EB82DD-8CCC-48FB-8852-557426BAF3BE}
500003216||20260704|20|XXX14|1|100|690704084458|690704084458:20:XXX14:100|{70D260A9-58BD-4667-849C-3C211FF10487}
500003216||20260704|20|XXX14|2|500|690704084458|690704084458:20:XXX14:500|{43404521-520F-44B6-BB0D-3B2C8C040C99}
500003216||20260704|20|XXX14|1|80|690704084458|690704084458:20:XXX14:80|{E9CBFFFA-76A7-4A03-8D2C-563B2506EF9A}
680096470||20260704|11||2|0|690704093130|690704093130:11::0|{DBA32A26-A9B0-4F98-85B4-F44174B3D25E}
680096470||20260704|17|55020|1|50|690704093130|690704093130:17:55020:50|{986BBAE7-9B10-4671-80CA-B31E6AF4D23D}
680096470||20260704|20|XXX14|1|100|690704093130|690704093130:20:XXX14:100|{93EE2638-C2A2-466D-97FA-40D15FBFEC49}
680096470||20260704|20|XXX14|2|500|690704093130|690704093130:20:XXX14:500|{394217DE-2E42-405C-88F4-B0079A7287E6}
680096470||20260704|20|XXX14|1|80|690704093130|690704093130:20:XXX14:80|{965F5856-B3E4-41A6-9E4E-8627DC16E470}
500040682||20260704|17|55020|1|50|690704110911|690704110911:17:55020:50|{489B4C10-A30A-4D34-BA41-5F44D76CC82D}
500040682||20260704|20|XXX14|1|100|690704110911|690704110911:20:XXX14:100|{3CFAD114-16EF-4DEE-B24C-414CF7322989}
500040682||20260704|20|XXX14|1|80|690704110911|690704110911:20:XXX14:80|{63C36815-2C48-459A-85D3-7CEF9A237437}
630088422||20260704|17|55020|1|50|690704111038|690704111038:17:55020:50|{22A14FBE-B94A-42AD-8444-F895D73EB578}
630088422||20260704|20|XXX14|1|100|690704111038|690704111038:20:XXX14:100|{D9D4FBCE-9FD2-42B3-8903-56FB5F2EFDAC}
630088422||20260704|20|XXX14|1|80|690704111038|690704111038:20:XXX14:80|{A8C6786B-5691-47F2-9CF6-21513A2D47DA}
670095143||20260704|17|55020|1|50|690704112327|690704112327:17:55020:50|{EA86ED35-AF59-48EF-8F48-CFF3C7AFD632}
500056014||20260704|16|41003|4|250|690704113013|690704113013:16:41003:250|{DDBC16B4-640B-4ADE-8D52-1E45D5ECE699}
500056014||20260704|17|55020|1|50|690704113013|690704113013:17:55020:50|{A91827CB-6E03-4B7E-82B3-ECB9E8DA7B36}
500056014||20260704|17|55811|1|140|690704113013|690704113013:17:55811:140|{1DEAF883-51E9-44EA-BBBF-C00B470A8334}
500056014||20260704|18|52441|1|0|690704113013|690704113013:18:52441:0|{AD69B0D8-BCC2-41D6-A2B6-80952C47E4DE}
500052046||20260704|17|55020|1|50|690704133501|690704133501:17:55020:50|{EA8AB4B3-B1AE-499B-8259-3E876DDCB2BC}
500052046||20260704|20|XXX14|1|100|690704133501|690704133501:20:XXX14:100|{D4AC8360-30C8-47FE-B910-FD837F78593C}
500033697||20260704|17|55020|1|50|690704133630|690704133630:17:55020:50|{DBE7030B-0C1F-4634-9818-3A3E5747621C}
500015442||20260704|17|55811|1|140|690704164730|690704164730:17:55811:140|{B9E2DD65-8E30-47D5-89A1-1EF03FCD2D6F}
500033697||20260704|17|55822|1|20|690704170351|690704170351:17:55822:20|{8C6AF7EC-3063-441A-BE24-1CBF27C7EE78}
500011295||20260704|17|55020|1|50|690704185613|690704185613:17:55020:50|{4B569D51-80B5-4EAE-9336-E484F37CDBE7}
500011295||20260704|17|55822|2|20|690704185613|690704185613:17:55822:20|{C6B7D944-7803-4FE0-8B71-6EDD0743084C}
500011295||20260704|18|52441|1|0|690704185613|690704185613:18:52441:0|{6D559054-50C0-4A68-9FD3-0D53D20FD2FB}
500011295||20260704|19|71725|1|300|690704185613|690704185613:19:71725:300|{5FB826BD-DA63-431C-81EE-1188771BC0C4}
500001297||20260704|15|32001|1|100|690704201248|690704201248:15:32001:100|{2FDFDAF3-0C23-46CF-9C22-CBDFFE503C5A}
500001297||20260704|17|55020|1|50|690704201248|690704201248:17:55020:50|{A9F380FB-8008-4956-8B17-8F7BB9D83EB4}
500001297||20260704|17|55820|1|100|690704201248|690704201248:17:55820:100|{9E571A8F-B345-4816-8B10-F18C7D23A2FD}
500001297||20260704|17|55822|3|20|690704201248|690704201248:17:55822:20|{D3BCB65A-0AFF-4666-B56C-83E2533A859F}
500001297||20260704|9|51410|1|200|690704201248|690704201248:9:51410:200|{E6F2F05E-E74A-4C2D-A447-893573FF0063}
670094069||20260705|17|55021|1|50|690705000004|690705000004:17:55021:50|{852E3FC0-0B69-472B-8E82-C9CEBB7B5F73}
670094069||20260705|17|55320|1|50|690705000004|690705000004:17:55320:50|{55CF51F2-C8B7-488C-BD00-A27C61DFBE9C}
500027529||20260705|17|55811|1|140|690705000008|690705000008:17:55811:140|{1BE7BD53-D449-404C-90F5-C2B11A75EE94}
500055810||20260705|17|55811|1|140|690705000009|690705000009:17:55811:140|{D723ABC1-52DA-45A7-BE03-AA54E9970CA6}
500009424||20260705|17|55810|1|70|690705000024|690705000024:17:55810:70|{4E938F4A-E878-4EF3-AFA5-FC25FE46C9D0}
600082781||20260705|13|58130|1|250|690705000031|690705000031:13:58130:250|{1C4AF444-77CD-4AD9-8CE4-3EE0EDFF6F2B}
600082781||20260705|17|55020|1|50|690705000031|690705000031:17:55020:50|{2D797C58-6E5E-4DDF-92C9-D05E2060B378}
620085890||20260705|15|30101|1|90|690705000033|690705000033:15:30101:90|{7985DC3A-C9F4-4E01-8709-945CCD8ED8B3}
620085890||20260705|15|31001|1|60|690705000033|690705000033:15:31001:60|{8AFE7672-30B6-496F-BB52-0F41D471620F}
620085890||20260705|15|32001|1|100|690705000033|690705000033:15:32001:100|{BF0FF3B5-CB76-45F8-BA77-069FECB2A7DD}
620085890||20260705|15|32201|1|40|690705000033|690705000033:15:32201:40|{31EFDADE-56FC-4B3D-95DA-BBDBEDAA597E}
620085890||20260705|15|32202|1|40|690705000033|690705000033:15:32202:40|{E4770165-38E2-4683-A59E-9196D2C09293}
620085890||20260705|17|55020|1|50|690705000033|690705000033:17:55020:50|{C548BF68-CFFC-43B3-98D3-1CAD70A7C98E}
500015963||20260705|13|58130|1|250|690705000038|690705000038:13:58130:250|{7BCFE405-02B6-4A85-88E0-332D8A7E922E}
500015963||20260705|17|55020|1|50|690705000038|690705000038:17:55020:50|{77BF99A1-C1C1-4DE0-84FF-09D0589F777C}
650087390||20260705|17|55020|1|50|690705000044|690705000044:17:55020:50|{F6CC5AC1-2F92-46FF-A0BD-66AC80469766}
650087390||20260705|17|55823|1|20|690705000044|690705000044:17:55823:20|{A2BF5BE2-FF08-4FFE-953D-BBD05AFD93FC}
500003054||20260705|17|55810|1|70|690705000048|690705000048:17:55810:70|{8AE27022-97AF-4561-A8A5-503B3341C5A0}
500032378||20260705|17|55811|1|140|690705000052|690705000052:17:55811:140|{8CF05344-74CF-4B3B-B86D-EA03D2E952EC}
500005365||20260705|15|30101|1|90|690705071959|690705071959:15:30101:90|{CC4477CF-050D-4049-BFBA-88585137A8DE}
500005365||20260705|15|32003|1|290|690705071959|690705071959:15:32003:290|{BAB2DF57-EAE9-45C5-87D7-718B16839920}
500005365||20260705|15|32004|1|200|690705071959|690705071959:15:32004:200|{4AE0CD63-390E-426C-A8DC-6A037100BC9C}
500005365||20260705|15|32201|1|40|690705071959|690705071959:15:32201:40|{23D84C77-C8B1-4BB7-95E5-4B4627B980EE}
500005365||20260705|15|32202|1|40|690705071959|690705071959:15:32202:40|{F748AE95-4C78-4471-994F-90CDD8A07E21}
500005365||20260705|15|32203|1|40|690705071959|690705071959:15:32203:40|{5E8A835A-FF4A-4049-91A9-8137F125EBB7}
500005365||20260705|17|55021|1|50|690705071959|690705071959:17:55021:50|{926D047A-AC54-4397-AD79-FE93C9ED31E4}
500055740||20260705|17|55021|1|50|690705134846|690705134846:17:55021:50|{2DE4324A-1E03-47C7-9A61-4C8F9944E5B6}
500055740||20260705|17|55824|2|20|690705134846|690705134846:17:55824:20|{ECCC20F1-3541-40B2-AE4D-697C85429F89}
500015442||20260705|17|55811|1|140|690705171819|690705171819:17:55811:140|{A5A30C12-DB62-4747-B497-CFFCD1CAEAD9}
670094069||20260705|17|55020|1|50|690705182036|690705182036:17:55020:50|{20219D4B-EAD5-472F-811D-5154739F5B03}
670094069||20260705|17|55320|1|50|690705182036|690705182036:17:55320:50|{3DA2E79B-FD39-43F3-9E9D-7F5B5835623C}
500026290||20260706|13|58130|1|250|690706000019|690706000019:13:58130:250|{6F35FB53-6E0F-4BC8-AD39-92271A5849E6}
500026290||20260706|15|32203|1|40|690706000019|690706000019:15:32203:40|{935BAE9D-1706-4726-9F96-1D7BCD990A3E}
500026290||20260706|17|55021|1|50|690706000019|690706000019:17:55021:50|{98AD231D-0671-404D-A17D-ED33B82736E7}
500026290||20260706|18|52441|1|0|690706000019|690706000019:18:52441:0|{5DC9232F-602F-4A37-83D0-79EF8863D12B}
500042211||20260706|15|32004|1|200|690706000026|690706000026:15:32004:200|{76F2B267-BBF9-49A5-87B6-BADEF29B9C43}
500042211||20260706|15|32203|1|40|690706000026|690706000026:15:32203:40|{CD03B490-101A-48AD-964E-AEA4126922B8}
500042211||20260706|15|32401|1|150|690706000026|690706000026:15:32401:150|{1A2FBB60-B7BD-4862-805F-CCF41564F654}
500042211||20260706|17|55021|1|50|690706000026|690706000026:17:55021:50|{89434BC4-E58B-4DA8-A649-A8907A1B4383}
500042211||20260706|9|51410|1|200|690706000026|690706000026:9:51410:200|{43C55C65-5800-4D76-BA18-FE3F496D0988}
500044191||20260706|15|32001|1|100|690706000040|690706000040:15:32001:100|{39306640-098E-43F9-B450-8C0497DA5833}
500044191||20260706|15|32106|1|50|690706000040|690706000040:15:32106:50|{96FD8D4E-EFB4-468C-BCA4-04E37DA6D01B}
500044191||20260706|15|32107|1|50|690706000040|690706000040:15:32107:50|{DE2DF52D-F409-4F5B-84B0-7DC42519AD92}
500044191||20260706|15|32109|1|50|690706000040|690706000040:15:32109:50|{B8675841-EEA6-4074-9627-D58F52C78B78}
500044191||20260706|15|32202|1|40|690706000040|690706000040:15:32202:40|{0368A14A-BD08-4C3B-8B70-8B3743C421A7}
500044191||20260706|15|32205|1|60|690706000040|690706000040:15:32205:60|{969E6384-D587-4A83-AE3B-F3A3F3D84D59}
500044191||20260706|17|55021|1|50|690706000040|690706000040:17:55021:50|{131D06AE-8BB5-4C61-87DC-C5C82904FDE1}
500044191||20260706|18|52441|1|0|690706000040|690706000040:18:52441:0|{8671CA14-4556-40B6-9AD0-5970B438CEC7}
500044191||20260706|19|71220|1|50|690706000040|690706000040:19:71220:50|{A1794F18-5B8F-4A48-8351-0C2A2CEA1CD6}
500027529||20260706|17|55021|1|50|690706000056|690706000056:17:55021:50|{B69349F9-BF7A-4A0C-A0DD-D04A74B9BA15}
500027529||20260706|17|55811|1|140|690706000056|690706000056:17:55811:140|{4080B225-0010-4074-96AE-8C800F3E5BBE}
500055810||20260706|17|55811|1|140|690706000062|690706000062:17:55811:140|{A41F8B74-53A4-4DF4-9DB9-EC3CEB6E3C40}
540072622||20260706|13|58130|1|250|690706000098|690706000098:13:58130:250|{699FB159-1CC1-48F3-8A28-626F94050489}
540072622||20260706|15|32203|1|40|690706000098|690706000098:15:32203:40|{01DC3805-9812-4F2C-8509-4BE88B24E477}
540072622||20260706|17|55021|1|50|690706000098|690706000098:17:55021:50|{5CF6C4D9-59ED-4EFE-9852-8DC868A9E8FD}
540072622||20260706|18|52441|1|0|690706000098|690706000098:18:52441:0|{0BB3FC8F-6084-4AAA-8741-D6B65209B3D2}
540072622||20260706|19|71220|1|50|690706000098|690706000098:19:71220:50|{95F74A34-DA64-4D49-9C46-1506C7F4D143}
670094069||20260706|17|55021|1|50|690706000100|690706000100:17:55021:50|{EB664535-CC00-4E62-A118-6AEDC905B960}
670094069||20260706|17|55320|1|50|690706000100|690706000100:17:55320:50|{C4C9DA0F-3C52-4ED0-833D-594C0DF93677}
500010683||20260706|17|55021|1|50|690706000103|690706000103:17:55021:50|{7EC4208A-03F8-45AB-957C-E6F4EC4E7451}
500010683||20260706|18|52441|1|0|690706000103|690706000103:18:52441:0|{844F8C5F-7957-4B56-A670-3AEAC3E67DC9}
620087206||20260706|12|62101|1|200|690706000110|690706000110:12:62101:200|{56D2AF45-A72F-43BC-9D9A-EEF800EA860B}
620087206||20260706|12|XXX13|2|0|690706000110|690706000110:12:XXX13:0|{D70380C4-C62F-4617-A5FF-CD5557907204}
620087206||20260706|16|41202|1|80|690706000110|690706000110:16:41202:80|{7811F71D-9FFC-4A32-BE28-937D7386C1DF}
620087206||20260706|17|55020|1|50|690706000110|690706000110:17:55020:50|{47914278-7957-476F-BD9B-DDD36655E851}
540072562||20260706|13|58130|1|250|690706000123|690706000123:13:58130:250|{15554722-5764-42F3-8B65-AA44455832A7}
540072562||20260706|17|55020|1|50|690706000123|690706000123:17:55020:50|{EE352C09-78B0-4A15-A4F6-9B68F2263E0E}
630087580||20260706|13|58130|1|250|690706000124|690706000124:13:58130:250|{5395D0EE-7285-4410-AE6B-16D2D290DA4C}
630087580||20260706|17|55020|1|50|690706000124|690706000124:17:55020:50|{F04CA33C-621D-4EA9-A9E6-E573CD33A895}
640090464||20260706|17|55020|1|50|690706000136|690706000136:17:55020:50|{9CA9FEEC-C398-4244-B05A-51653ABD9D53}
640090464||20260706|20|XXX14|1|100|690706000136|690706000136:20:XXX14:100|{C7C23EA9-3871-4815-99C2-3B3D70DA9745}
640090464||20260706|20|XXX14|3|500|690706000136|690706000136:20:XXX14:500|{7865FB88-BA65-41CB-862E-6AC402199978}
640090464||20260706|20|XXX14|2|70|690706000136|690706000136:20:XXX14:70|{DA8687AE-32E2-499C-BC51-C64AE203E4AF}
640090464||20260706|20|XXX14|1|80|690706000136|690706000136:20:XXX14:80|{858C29EC-262F-4782-A125-11602C5CE905}
500002053||20260706|17|55020|1|50|690706000147|690706000147:17:55020:50|{EBF4E416-99DC-44FA-9232-107ADB4683EC}
500002053||20260706|18|52441|1|0|690706000147|690706000147:18:52441:0|{0EB29759-0A55-4725-9D45-0EB9BB935C27}
500001195||20260706|13|58131|1|250|690706000158|690706000158:13:58131:250|{45E8EF0C-6FED-4B41-A1E4-52A46F8702F9}
500001195||20260706|17|55020|1|50|690706000158|690706000158:17:55020:50|{584B54FB-9732-4DE2-8F71-132340A052CA}
500003054||20260706|17|55020|1|50|690706000174|690706000174:17:55020:50|{5C90D3BF-A990-41EA-A512-FC4C373108E1}
500003054||20260706|17|55810|1|70|690706000174|690706000174:17:55810:70|{9CDFB15F-FE93-4A74-AEB9-2BC6245350C9}
500005177||20260706|13|58130|1|250|690706000175|690706000175:13:58130:250|{6125C77E-2F16-4B12-8D8E-E176405A380C}
500005177||20260706|17|55020|1|50|690706000175|690706000175:17:55020:50|{305EA722-8376-4FD8-BEA8-D58B7753731D}
550073124||20260706|17|55020|1|50|690706000187|690706000187:17:55020:50|{55521FC8-007F-49F7-951A-1EFE418C94A5}
550073124||20260706|20|XXX14|1|100|690706000187|690706000187:20:XXX14:100|{D6F4775C-4681-45C5-9F2E-6B2C00F04BC4}
550073124||20260706|20|XXX14|2|500|690706000187|690706000187:20:XXX14:500|{C48835AF-B757-43BC-9CD1-5C1BCA54A2DD}
550073124||20260706|20|XXX14|2|60|690706000187|690706000187:20:XXX14:60|{1A39A1BE-B320-4DB1-81F4-1B939E990FE3}
550073124||20260706|20|XXX14|2|70|690706000187|690706000187:20:XXX14:70|{10657B19-9514-41C3-9BEE-2BFB74433092}
550073124||20260706|20|XXX14|1|80|690706000187|690706000187:20:XXX14:80|{1D070F6E-E817-4A28-BCB5-2C0D21E62FDB}
500029334||20260706|17|55020|1|50|690706000188|690706000188:17:55020:50|{C3A71B2E-E3CD-47BF-B3E8-6DEADA4E77BD}
500029334||20260706|20|XXX14|3|500|690706000188|690706000188:20:XXX14:500|{D4CDFCD5-06F7-4B03-941F-47D48E7FC1D6}
500029334||20260706|20|XXX14|2|60|690706000188|690706000188:20:XXX14:60|{17275B2D-A731-4568-9189-9972D1633B9D}
500029334||20260706|20|XXX14|1|70|690706000188|690706000188:20:XXX14:70|{CA63C2D5-07B8-481E-9E4A-CA26FACF4C3A}
640089711||20260706|17|55020|1|50|690706000189|690706000189:17:55020:50|{71F1E973-E436-456A-BACA-8BA6F5D20FF6}
640089711||20260706|20|XXX14|3|500|690706000189|690706000189:20:XXX14:500|{0BF6C66B-13E9-4AFF-9D62-16A345D08C44}
640089711||20260706|20|XXX14|2|60|690706000189|690706000189:20:XXX14:60|{BA1A4C78-737F-4710-9307-D06EFCDBB58A}
640089711||20260706|20|XXX14|1|70|690706000189|690706000189:20:XXX14:70|{D2411DAF-515A-4333-83FA-06A94D5C3F15}
640089711||20260706|20|XXX14|1|80|690706000189|690706000189:20:XXX14:80|{A03677EB-7E2F-48A5-9A9B-7620B8475D10}
500006386||20260706|17|55020|1|50|690706000192|690706000192:17:55020:50|{B2C509F7-EE21-4EF4-AF6A-94A772B4FA24}
690097839||20260706|17|55020|1|50|690706000194|690706000194:17:55020:50|{1289A801-9903-49E6-B9A5-4D5540D553C1}
690097839||20260706|17|55823|1|20|690706000194|690706000194:17:55823:20|{9DBD1112-02E1-45C3-BD43-3C98BBB53D67}
500009326||20260706|17|55021|1|50|690706000199|690706000199:17:55021:50|{CF4AFEF1-E38D-4DE9-AA38-D526003202F8}
500009326||20260706|20|XXX14|3|500|690706000199|690706000199:20:XXX14:500|{45FB0DB1-E349-4506-8269-9BC817691E13}
500009326||20260706|20|XXX14|2|70|690706000199|690706000199:20:XXX14:70|{C5FAB7AA-6454-4F4E-BC2A-FE50818754FB}
500009424||20260706|17|55021|1|50|690706000205|690706000205:17:55021:50|{BD26DD40-2063-44B3-BB7C-FBE3506729B8}
500009424||20260706|17|55810|1|70|690706000205|690706000205:17:55810:70|{91096994-5874-4114-ACB1-F42590584C71}
500054442||20260706|17|55021|1|50|690706000210|690706000210:17:55021:50|{67478E1C-2690-4FDE-A0CC-B6998E3C00A6}
500054442||20260706|20|XXX14|3|500|690706000210|690706000210:20:XXX14:500|{19612049-37DE-43B5-9D6E-4BCEEAB03D5F}
500054442||20260706|20|XXX14|2|70|690706000210|690706000210:20:XXX14:70|{ED8D3235-1BC4-407C-AE69-B87B76584AAA}
500054442||20260706|20|XXX14|1|80|690706000210|690706000210:20:XXX14:80|{883B0A84-8A72-462D-8E8E-C55A7A438F61}
500023884||20260706|15|32004|1|200|690706071822|690706071822:15:32004:200|{55CDDB77-9159-4821-BAD7-F1714CC825AD}
500023884||20260706|17|55021|1|50|690706071822|690706071822:17:55021:50|{8FE57591-E62C-41BB-826F-9AAD021CC137}
500023884||20260706|18|52441|1|0|690706071822|690706071822:18:52441:0|{CB254666-E931-4390-B384-CC30BD87DB64}
500003592||20260706|15|35001|2|60|690706072659|690706072659:15:35001:60|{DE19A43A-18AE-4D99-AD51-DBB0403B3D22}
500003592||20260706|17|55021|1|50|690706072659|690706072659:17:55021:50|{5470D183-77BB-4378-B1B6-F75910CB9303}
500001201||20260706|15|30101|1|90|690706074050|690706074050:15:30101:90|{F13F8231-E3D2-49C8-8DCA-1C6E15C2BC63}
500001201||20260706|15|30304|1|100|690706074050|690706074050:15:30304:100|{719F6830-344B-48E6-8200-6091E4093601}
500001201||20260706|15|30305|1|80|690706074050|690706074050:15:30305:80|{5AF93034-4960-40A3-B86F-9A85E057CC8F}
500001201||20260706|15|30306|1|310|690706074050|690706074050:15:30306:310|{D612515F-15F3-4458-9993-27C9CCAFBDA0}
500001201||20260706|15|32001|1|100|690706074050|690706074050:15:32001:100|{128FDE71-E56E-4A43-A482-E3A409EFB802}
500001201||20260706|15|32106|1|50|690706074050|690706074050:15:32106:50|{C94A3F66-EACE-4600-BCD1-BA7AB1C035BF}
500001201||20260706|15|32107|1|50|690706074050|690706074050:15:32107:50|{A2781DD4-A3BD-453A-B22E-D2B5F380A122}
500001201||20260706|15|32109|1|50|690706074050|690706074050:15:32109:50|{B9B81215-DBD0-4380-9925-3BD7B47664A6}
500001201||20260706|15|32201|2|40|690706074050|690706074050:15:32201:40|{88C900E9-DE74-482C-8AFD-A8FD6D2FB74D}
500001201||20260706|15|32202|1|40|690706074050|690706074050:15:32202:40|{AF1A269A-FE91-4B2F-BF5C-CAAF271946BD}
500001201||20260706|15|32203|1|40|690706074050|690706074050:15:32203:40|{EF8C9B39-5DF6-43E7-88C2-324A92CC41A8}
500001201||20260706|15|32205|1|60|690706074050|690706074050:15:32205:60|{72B19F90-99D7-4D1D-B6AE-21BA08C0106E}
500001201||20260706|15|32403|1|30|690706074050|690706074050:15:32403:30|{168140FC-6EBA-4A61-8C27-84767740F6B8}
500001201||20260706|15|32613|1|210|690706074050|690706074050:15:32613:210|{87A5BF77-FBD1-4B16-96F0-E75AE247CA17}
500001201||20260706|15|36317|1|150|690706074050|690706074050:15:36317:150|{043B51DD-1B5A-4F63-A703-DF8789E803FC}
500001201||20260706|15|36318|1|130|690706074050|690706074050:15:36318:130|{BFFE52F9-81A0-47CB-BBE7-CB6CA837B96E}
500001201||20260706|15|36331|1|300|690706074050|690706074050:15:36331:300|{5FC9F768-3694-420E-90CD-3BD22D422453}
500015237||20260706|15|30101|1|90|690706074351|690706074351:15:30101:90|{763FB952-9C7B-457C-B7A1-F80C3AEFDC00}
500015237||20260706|15|30304|1|100|690706074351|690706074351:15:30304:100|{DC764105-6DBD-406A-A5AE-B9887FF2EE66}
500015237||20260706|15|30305|1|80|690706074351|690706074351:15:30305:80|{38D7A89A-EDCC-43D7-8362-7FF006D1DD10}
500015237||20260706|15|30306|1|310|690706074351|690706074351:15:30306:310|{D030B510-50B4-44BD-B221-CC29871FC44F}
500015237||20260706|15|32001|1|100|690706074351|690706074351:15:32001:100|{B7B54964-7930-4764-BEE4-E1AA876097AD}
500015237||20260706|15|32106|1|50|690706074351|690706074351:15:32106:50|{37EA81BD-7C95-4438-9B1C-27EF9F51B9AB}
500015237||20260706|15|32107|1|50|690706074351|690706074351:15:32107:50|{F928C084-9165-4383-B2F4-673C888FE9F7}
500015237||20260706|15|32109|1|50|690706074351|690706074351:15:32109:50|{1404660C-A6AB-4D67-AE7F-EF610B9E380A}
500015237||20260706|15|32201|2|40|690706074351|690706074351:15:32201:40|{85F9BF4E-78F1-459B-9DF3-8E5B1A0DD226}
500015237||20260706|15|32202|1|40|690706074351|690706074351:15:32202:40|{6BF86E47-1FFC-41B8-AB96-C580A7CC4BD0}
500015237||20260706|15|32203|1|40|690706074351|690706074351:15:32203:40|{5CC106BA-F1CA-416A-A0F4-F6EE85707F01}
500015237||20260706|15|32205|1|60|690706074351|690706074351:15:32205:60|{ECB68FB5-61C5-4B87-A2F9-7C673830BCA9}
500015237||20260706|15|32403|1|30|690706074351|690706074351:15:32403:30|{2BDA3A02-ABCE-4BBD-B10D-BCF94D36418C}
500015237||20260706|15|32613|1|210|690706074351|690706074351:15:32613:210|{F1AF97F9-3489-495D-8444-2B9AD6A60BEE}
500015237||20260706|15|36317|1|150|690706074351|690706074351:15:36317:150|{BBF7F7D6-56C0-4A77-88D2-17FA2A103E64}
500015237||20260706|15|36318|1|130|690706074351|690706074351:15:36318:130|{2D08E074-08E4-48FD-99CC-79BE1EF3DE05}
500015237||20260706|15|36331|1|300|690706074351|690706074351:15:36331:300|{CE58B1F7-FB2F-4F2C-B9A5-A52E524C0E59}
500003811||20260706|15|30101|1|90|690706080953|690706080953:15:30101:90|{4591F65A-5C4E-4DB1-BC21-F58298AF6003}
500003811||20260706|15|30304|1|100|690706080953|690706080953:15:30304:100|{ACAECA57-7915-427D-B93C-62EDCDBE3BD5}
500003811||20260706|15|30305|1|80|690706080953|690706080953:15:30305:80|{DFA149D9-606B-4401-AA6D-7C885C6D6AC4}
500003811||20260706|15|30306|1|310|690706080953|690706080953:15:30306:310|{64002CE2-7816-4FA9-A518-DF450DA6B889}
500003811||20260706|15|32001|1|100|690706080953|690706080953:15:32001:100|{9DF42DCA-2294-41DA-8BF5-69CA012028C9}
500003811||20260706|15|32106|1|50|690706080953|690706080953:15:32106:50|{A36C483A-863B-485B-AA9E-323F1352299D}
500003811||20260706|15|32107|1|50|690706080953|690706080953:15:32107:50|{3BFC639B-59A1-4D4D-B672-BF4589F8E307}
500003811||20260706|15|32109|1|50|690706080953|690706080953:15:32109:50|{212D3013-740D-4052-BFA7-73EF15273FD8}
500003811||20260706|15|32201|2|40|690706080953|690706080953:15:32201:40|{E3050F2A-52EF-418E-B2E5-CE37418B3B3B}
500003811||20260706|15|32202|1|40|690706080953|690706080953:15:32202:40|{FCE566DE-EB4C-4FB5-9F36-62ED5FB0AE10}
500003811||20260706|15|32203|2|40|690706080953|690706080953:15:32203:40|{D067DF26-2104-4AC2-9834-266D0B238CA0}
500003811||20260706|15|32205|1|60|690706080953|690706080953:15:32205:60|{FDBB059A-FB58-4147-A949-7DCC7CA93159}
500003811||20260706|15|32403|1|30|690706080953|690706080953:15:32403:30|{1E3A423C-7408-41AD-810F-619189E980D9}
500003811||20260706|15|32613|1|210|690706080953|690706080953:15:32613:210|{8D5D4FBF-2067-448E-98A1-13C02AAFCEB2}
500003811||20260706|15|36317|1|150|690706080953|690706080953:15:36317:150|{81EA12FC-5D10-4281-A2C3-2869B9BA9BD2}
500003811||20260706|15|36318|1|130|690706080953|690706080953:15:36318:130|{D9E51121-DC10-4B3D-AAEF-EF237DCB427B}
500003811||20260706|15|36331|1|300|690706080953|690706080953:15:36331:300|{3405AE0F-F40C-4D2F-BB82-1E9138598FE4}
650071745||20260706|15|32001|1|100|690706081419|690706081419:15:32001:100|{D2389EBD-A5AA-47C1-9148-BCFFFABD1AB1}
650071745||20260706|15|32201|1|40|690706081419|690706081419:15:32201:40|{2AC12D84-5F0B-4568-8D76-8FF2D125C776}
650071745||20260706|15|32202|1|40|690706081419|690706081419:15:32202:40|{B79E727F-3BF6-4355-BE04-F851B8C1413E}
650071745||20260706|17|55020|1|50|690706081419|690706081419:17:55020:50|{FC6BEB2D-AE52-4C34-9E64-7944331DF232}
650071745||20260706|17|55823|1|20|690706081419|690706081419:17:55823:20|{F581A005-F8E8-4F08-91DD-F81F69311730}
500023612||20260706|17|55020|1|50|690706083221|690706083221:17:55020:50|{A01E9994-C5F3-4D4B-9491-71B2E1403E85}
640089835||20260706|17|55020|1|50|690706085154|690706085154:17:55020:50|{A2AC9674-33EB-4D1B-9387-4E8796670734}
640089835||20260706|17|55823|1|20|690706085154|690706085154:17:55823:20|{8F21A1C2-C2EE-4497-9CDC-C13538BC53A1}
500015250||20260706|17|55020|1|50|690706085227|690706085227:17:55020:50|{C282DFC3-C818-4ED2-B23F-4E1660AF22D1}
500015250||20260706|17|55823|1|20|690706085227|690706085227:17:55823:20|{584000ED-A704-4719-AF40-7001D41BC26D}
650071708||20260706|17|55020|1|50|690706085246|690706085246:17:55020:50|{A493ABEB-CA51-4239-AE62-C2A1F2F5FA69}
650071708||20260706|17|55823|1|20|690706085246|690706085246:17:55823:20|{6705CC33-AAE7-44AA-B54D-0D0D26DB57B9}
680095750||20260706|17|55020|1|50|690706085800|690706085800:17:55020:50|{2F11B114-8825-4532-8BE0-FF0FB9046467}
500011295||20260706|17|55020|1|50|690706085908|690706085908:17:55020:50|{B19E9E75-422B-4182-8F9C-C0769D224F2B}
510064210||20260706|17|55020|1|50|690706095432|690706095432:17:55020:50|{B3D3DC27-E254-4443-A437-329A3377CAC7}
510064210||20260706|20|XXX14|1|100|690706095432|690706095432:20:XXX14:100|{DAE0BBC2-4F60-4867-92FD-3D8646F04D20}
510064210||20260706|20|XXX14|3|500|690706095432|690706095432:20:XXX14:500|{9142D467-8D34-4EA0-9681-D85B4F46702D}
510064210||20260706|20|XXX14|2|60|690706095432|690706095432:20:XXX14:60|{A1D17B7E-13F2-4FD2-AC6A-ECFE0A5FC640}
510064210||20260706|20|XXX14|2|70|690706095432|690706095432:20:XXX14:70|{2392E368-5159-4F03-ACDC-1F9B64D1B4FE}
510064210||20260706|20|XXX14|2|80|690706095432|690706095432:20:XXX14:80|{AD91CE39-662B-4F12-9867-6F86C2673E27}
690097836||20260706|16|41003|2|250|690706100831|690706100831:16:41003:250|{820C3B75-240C-43CF-8CC8-3371005812F0}
690097836||20260706|17|55020|1|50|690706100831|690706100831:17:55020:50|{BF42C7C7-98E7-4949-BC6E-86F93B7F2360}
690097836||20260706|2|8608|2|800|690706100831|690706100831:2:8608:800|{960457DB-B265-4B26-BDEB-CC6DD2452C35}
690097836||20260706|20|XXX14|3|500|690706100831|690706100831:20:XXX14:500|{28BEE62B-D2D5-48F3-BF45-7575180FDB0A}
690097836||20260706|20|XXX14|4|60|690706100831|690706100831:20:XXX14:60|{C6C1A47F-850F-452B-A408-AB233B2B8E6B}
690097836||20260706|20|XXX14|1|70|690706100831|690706100831:20:XXX14:70|{60675470-256C-4AF0-A955-1D8D20166324}
610084384||20260706|17|55020|1|50|690706101333|690706101333:17:55020:50|{1FC01DC0-90B9-4358-A717-6EEE72241E5C}
610084384||20260706|2|8608|2|800|690706101333|690706101333:2:8608:800|{99797ED8-1AA1-4880-BC0E-4E53A7959F3C}
610084384||20260706|20|XXX14|1|100|690706101333|690706101333:20:XXX14:100|{C7549287-AB0A-4BFA-9B25-3234BD74F497}
610084384||20260706|20|XXX14|3|500|690706101333|690706101333:20:XXX14:500|{91B52769-4F14-4278-B322-A981709336F3}
610084384||20260706|20|XXX14|1|70|690706101333|690706101333:20:XXX14:70|{25D7D461-6E25-4B2D-BF7D-D54E34F691D4}
610084384||20260706|20|XXX14|1|80|690706101333|690706101333:20:XXX14:80|{C19024F1-AB10-4633-B306-C3F8042C2853}
500035114||20260706|15|36506|1|350|690706102046|690706102046:15:36506:350|{C19A0B5B-CBDA-4B68-B198-0A2BAF616C7E}
500035114||20260706|17|55020|1|50|690706102046|690706102046:17:55020:50|{934A4CB0-EBF0-4CF1-BC8C-1FD370398F33}
500006278||20260706|15|30101|1|90|690706113649|690706113649:15:30101:90|{58C42694-41EF-4E99-9CF8-405C79AC645A}
500006278||20260706|15|30304|1|100|690706113649|690706113649:15:30304:100|{6A26D30E-AFEE-463D-B0FA-70BC199D1A54}
500006278||20260706|15|30305|1|80|690706113649|690706113649:15:30305:80|{EA807EF4-F26A-4DC6-8794-A19B21FAD774}
500006278||20260706|15|30306|1|310|690706113649|690706113649:15:30306:310|{262DEC4F-9692-4323-B2A3-FF6885C19A19}
500006278||20260706|15|32001|1|100|690706113649|690706113649:15:32001:100|{A3FEC481-9551-496B-A85C-A824CD6B771A}
500006278||20260706|15|32106|1|50|690706113649|690706113649:15:32106:50|{A796B3FC-322C-4FDE-9818-AFDC8BC12E92}
500006278||20260706|15|32107|1|50|690706113649|690706113649:15:32107:50|{46BF3252-6407-46C2-B4BF-1F7D50D90DF8}
500006278||20260706|15|32109|1|50|690706113649|690706113649:15:32109:50|{3D5EB816-DDF3-4039-A5BA-F831733616DB}
500006278||20260706|15|32201|2|40|690706113649|690706113649:15:32201:40|{6A94CFD3-4E84-476A-BF78-BBF94AAECA86}
500006278||20260706|15|32202|1|40|690706113649|690706113649:15:32202:40|{3471FA71-EF95-47D2-A39B-E2D19F63DD8C}
500006278||20260706|15|32205|1|60|690706113649|690706113649:15:32205:60|{7644FE6B-B3BA-4B09-8D47-A349CD730837}
500006278||20260706|15|32403|1|30|690706113649|690706113649:15:32403:30|{42C86061-EE22-4E13-8E08-852CB7B24E4C}
500006278||20260706|15|32613|1|210|690706113649|690706113649:15:32613:210|{457DE15A-3867-4CAE-8DC3-3B2346828827}
500006278||20260706|15|36317|1|150|690706113649|690706113649:15:36317:150|{1C7B11A2-4421-43DA-A0DD-701011AC095A}
500006278||20260706|15|36318|1|130|690706113649|690706113649:15:36318:130|{9EFD31EE-0717-4322-9068-B52751BC708B}
500006278||20260706|15|36331|1|300|690706113649|690706113649:15:36331:300|{B8320A6B-6475-44E2-A951-770FFF18B914}
650061471||20260706|17|55020|1|50|690706120152|690706120152:17:55020:50|{3212ABE7-56E8-4BB9-81E6-DFDD7689DF15}
500016092||20260706|17|55020|1|50|690706132018|690706132018:17:55020:50|{1042C568-7E9D-4475-AF8A-11863DD7B8BC}
500016092||20260706|17|55811|1|140|690706132018|690706132018:17:55811:140|{D5E56758-93C6-4310-B68D-3B38C70863C8}
500016092||20260706|17|55824|1|20|690706132018|690706132018:17:55824:20|{FB3682FC-4DFC-49E3-963D-EA4AE525508A}
500013555||20260706|15|30101|1|90|690706132434|690706132434:15:30101:90|{433C2967-8CD8-4A53-82DF-5D9AE84D8B3D}
500013555||20260706|15|32001|1|100|690706132434|690706132434:15:32001:100|{B7AB447D-FA61-42EE-83B4-5620A4542BFA}
500013555||20260706|15|32201|1|40|690706132434|690706132434:15:32201:40|{ADBAD6E4-1A6D-4E9A-8E49-460BCE05044F}
500013555||20260706|15|32202|1|40|690706132434|690706132434:15:32202:40|{B0C22B53-DBB0-4093-9588-5D4A4C7B75AD}
500013555||20260706|15|32307|1|260|690706132434|690706132434:15:32307:260|{C63C0AA0-C739-4D78-A012-3EEF363FDCA9}
500013555||20260706|16|41003|1|250|690706132434|690706132434:16:41003:250|{80784178-ABFF-45B9-A2F6-7FE679D0AA18}
500013555||20260706|17|55020|1|50|690706132434|690706132434:17:55020:50|{2D2A1F1D-4CA4-4722-8B0B-CF89E4E725D1}
500013555||20260706|18|52441|1|0|690706132434|690706132434:18:52441:0|{ACF9DBAE-831D-4EC9-993C-DD66687C49EB}
500013555||20260706|9|51410|1|200|690706132434|690706132434:9:51410:200|{38D0D247-91C8-4FB6-919D-A44C5C7F3FE0}
500006469||20260706|16|41003|2|250|690706140649|690706140649:16:41003:250|{BAFC0E64-D691-4677-B8CB-47128CDB28D9}
500006469||20260706|17|55020|1|50|690706140649|690706140649:17:55020:50|{1334F849-CA6F-4065-A68E-43D2C538FCDE}
500006469||20260706|18|52441|1|0|690706140649|690706140649:18:52441:0|{639A7039-7CAA-4F6A-826E-45B3256AC156}
510062712||20260706|17|55020|1|50|690706163852|690706163852:17:55020:50|{DE255465-84A3-4F5D-A123-1BDCD6D85000}
500023204||20260706|17|55020|1|50|690706174204|690706174204:17:55020:50|{A2285B08-0EEF-43E0-BFFC-DAE46CA894D1}
500023204||20260706|17|55210|1|70|690706174204|690706174204:17:55210:70|{915FBE43-1AF1-4070-BA6B-6B2503CF12C0}
500032378||20260706|17|55020|1|50|690706174312|690706174312:17:55020:50|{FDEE17D9-AC81-45F2-B26F-94C00987F3A7}
500032378||20260706|17|55811|1|140|690706174312|690706174312:17:55811:140|{42FD5CA4-3F42-4880-988D-EBE614FD805B}
500009726||20260706|17|55020|1|50|690706182511|690706182511:17:55020:50|{215804B9-154B-4F58-8AE5-D120F06453CE}
500009726||20260706|17|55823|1|20|690706182511|690706182511:17:55823:20|{64BCF411-0EA8-4C6B-B0F8-DEEA1C2CE345}
670094069||20260706|17|55020|1|50|690706195704|690706195704:17:55020:50|{0A260942-88E4-442E-8408-6CF7C11C19A0}
670094069||20260706|17|55320|1|50|690706195704|690706195704:17:55320:50|{1D6CEB24-53C6-4111-803A-C93D7F5658DC}
670094069||20260706|18|52441|1|0|690706195704|690706195704:18:52441:0|{C3522A52-4304-454C-983F-4FDF1EC26E12}
500041593||20260707|11||2|0|690707000008|690707000008:11::0|{BBEA623F-EAE3-4144-8BFA-D7BAFBBF559C}
500041593||20260707|15|32201|1|40|690707000008|690707000008:15:32201:40|{85765541-610F-404B-B12D-1659BD15B3F3}
500041593||20260707|15|32202|1|40|690707000008|690707000008:15:32202:40|{26303021-90AF-4354-A44B-C290C1167708}
500041593||20260707|17|55021|1|50|690707000008|690707000008:17:55021:50|{70E2AA23-DC48-4CA0-8CC5-54F6874D6C26}
500041593||20260707|18|52441|1|0|690707000008|690707000008:18:52441:0|{AD0E2D78-5F95-491E-ABE8-28816EA8116E}
500038304||20260707|15|30104|1|30|690707000018|690707000018:15:30104:30|{87A92F80-74BC-4961-A538-8B13427E7C28}
500038304||20260707|15|32203|1|40|690707000018|690707000018:15:32203:40|{09CD9889-E2B6-4F9E-82FF-6503F6890ACE}
500038304||20260707|15|32401|1|150|690707000018|690707000018:15:32401:150|{8E158566-6B5A-4AFB-BF90-36B8E326F286}
500038304||20260707|17|55021|1|50|690707000018|690707000018:17:55021:50|{E8B4086C-74D6-41C3-9E14-D09A341B8BDB}
500038304||20260707|18|52441|1|0|690707000018|690707000018:18:52441:0|{FEC68ED5-213C-43D6-B01B-3F7DA99C89BA}
500038304||20260707|19|71220|1|50|690707000018|690707000018:19:71220:50|{CEF67B16-EA1A-432B-9708-013DAEC92D1C}
500015442||20260707|17|55811|1|140|690707000023|690707000023:17:55811:140|{85E13C76-F210-46ED-B4C5-CC53D772E350}
500034752||20260707|15|32203|1|40|690707000054|690707000054:15:32203:40|{6D43B0A8-958E-4267-80E4-557E96F41B70}
500034752||20260707|17|55021|1|50|690707000054|690707000054:17:55021:50|{20A18CF9-F19D-4CCD-AC0D-2CC5F59C05A6}
500034752||20260707|18|52441|1|0|690707000054|690707000054:18:52441:0|{38051B06-3472-4937-8CF3-041DC4B97542}
500034752||20260707|19|71220|1|50|690707000054|690707000054:19:71220:50|{D38DAD70-34B5-4CC5-AAF5-A98CF53FAE2D}
500014717||20260707|15|30104|1|30|690707000056|690707000056:15:30104:30|{43D3EEC5-AD14-42AB-B90A-9FCCC595DEBC}
500014717||20260707|15|32103|1|40|690707000056|690707000056:15:32103:40|{08987171-F0D1-4A4E-A037-C536D7F0DF7C}
500014717||20260707|17|55021|1|50|690707000056|690707000056:17:55021:50|{B6469D8A-58BB-48C4-ACF2-3F1004828033}
500014717||20260707|18|52441|1|0|690707000056|690707000056:18:52441:0|{BEF60779-D52F-4377-838F-D825D3E540EE}
500023243||20260707|15|32103|1|40|690707000066|690707000066:15:32103:40|{5D5B048C-B80D-4FEC-BCAD-DA5B756BC524}
500023243||20260707|15|32202|1|40|690707000066|690707000066:15:32202:40|{D9C995CF-46EA-473F-9251-03FC2D9E3A53}
500023243||20260707|15|32203|1|40|690707000066|690707000066:15:32203:40|{977560EE-940C-4AFF-A2A5-73EB8CC91C8D}
500023243||20260707|15|32401|1|150|690707000066|690707000066:15:32401:150|{88BB58E2-5F6E-45CD-B128-3954D6108384}
500023243||20260707|17|55021|1|50|690707000066|690707000066:17:55021:50|{2690DA09-1AF1-4AC6-85D3-D31F47753C20}
500023243||20260707|18|52441|1|0|690707000066|690707000066:18:52441:0|{7D279E9C-B3E6-45FF-B44D-AEB17252EBA4}
500023243||20260707|19|71220|1|50|690707000066|690707000066:19:71220:50|{1503526A-CA84-4FC4-B388-6756B645DD6E}
500027529||20260707|17|55021|1|50|690707000070|690707000070:17:55021:50|{0AA02F6D-0C85-4623-9146-B083D0DE7FF0}
500027529||20260707|17|55811|1|140|690707000070|690707000070:17:55811:140|{88349C20-6F59-4FF7-8737-4E92D89660C0}
500006768||20260707|13|58201|1|150|690707000076|690707000076:13:58201:150|{A47972A2-3033-43ED-9B4F-E60CFAF819B2}
500006768||20260707|15|32004|1|200|690707000076|690707000076:15:32004:200|{8642710F-173F-4691-908E-0A96E1E1DD04}
500006768||20260707|15|32103|1|40|690707000076|690707000076:15:32103:40|{ECDC488D-27E1-4080-B97A-1B34A07820A2}
500006768||20260707|17|55021|1|50|690707000076|690707000076:17:55021:50|{F9275686-FC30-4787-B31D-F433E8CDA7A9}
500006768||20260707|18|52441|1|0|690707000076|690707000076:18:52441:0|{71B904B5-447E-47F5-80E8-A534CBA3E612}
500022621||20260707|11||2|0|690707000077|690707000077:11::0|{6C89E3CF-9AAB-40F9-AE79-8192F675DB7C}
500022621||20260707|11||20|3|690707000077|690707000077:11::3|{470F3C3C-5FB5-4931-B8D0-F93BC8BDDCDA}
500022621||20260707|15|32203|1|40|690707000077|690707000077:15:32203:40|{DD7D4A52-6EC8-4858-AAA8-DE0324615B84}
500022621||20260707|15|32401|1|150|690707000077|690707000077:15:32401:150|{103DB1E9-9C5D-4415-81EF-91D06F98B015}
500022621||20260707|17|55021|1|50|690707000077|690707000077:17:55021:50|{179D823A-35C1-438F-8103-73E4CD27011C}
500022621||20260707|18|52441|1|0|690707000077|690707000077:18:52441:0|{FC8F1383-A478-4371-9028-67363C92CD38}
500022621||20260707|19|71220|1|50|690707000077|690707000077:19:71220:50|{F7DA8577-1EB3-4D64-B6B2-AE3C7B145E78}
500055810||20260707|17|55021|1|50|690707000078|690707000078:17:55021:50|{16859A3B-A24C-408D-85F0-B42B06D481D2}
500055810||20260707|17|55811|1|140|690707000078|690707000078:17:55811:140|{B71D4628-EDDB-49BB-8A42-B4A7F44BA372}
500001067||20260707|11||2|0|690707000082|690707000082:11::0|{ABE4325B-858D-4323-BCD1-2EAB28B3E4EA}
500001067||20260707|11||20|3|690707000082|690707000082:11::3|{35F93AC8-9DF0-4704-95FD-C5FD77527CCE}
500001067||20260707|15|30101|1|90|690707000082|690707000082:15:30101:90|{553044A8-DD8C-4996-B195-AD3B181338E9}
500001067||20260707|15|32003|1|290|690707000082|690707000082:15:32003:290|{FE0EE927-3607-44FC-B0D0-C7C3A341D2E1}
500001067||20260707|15|32201|1|40|690707000082|690707000082:15:32201:40|{0EA34D3A-8FEB-4C3F-9A3F-9BB6308C07F2}
500001067||20260707|15|32202|1|40|690707000082|690707000082:15:32202:40|{236B4D21-7E1F-4B24-95DB-541B799B5FE2}
500001067||20260707|15|32203|1|40|690707000082|690707000082:15:32203:40|{219D5AAD-9ED2-40FD-9DA8-8AD2F948C517}
500001067||20260707|15|32401|1|150|690707000082|690707000082:15:32401:150|{7D1D9DFA-A891-43ED-96C0-D95C3D5DD3AC}
500001067||20260707|15|36318|1|130|690707000082|690707000082:15:36318:130|{DBC9D23F-EE69-4B36-9CE4-7D0537462385}
500001067||20260707|15|36320|1|1800|690707000082|690707000082:15:36320:1800|{1F776A86-A8F0-4BC5-A039-B9937423CCD4}
500001067||20260707|15|36350|1|220|690707000082|690707000082:15:36350:220|{16D5EEB9-E9F5-44F9-B520-364A550D5BFF}
500001067||20260707|15|37302|1|250|690707000082|690707000082:15:37302:250|{94169CAD-0B89-4BE9-A358-BE2BA3BDBCAE}
500001067||20260707|17|55021|1|50|690707000082|690707000082:17:55021:50|{13E4669F-DF61-47B8-8ADB-FFAA0BA3E88B}
500001067||20260707|18|52441|1|0|690707000082|690707000082:18:52441:0|{0F942FF7-9552-4C72-882F-29B68183C1E5}
500001067||20260707|19|71220|1|50|690707000082|690707000082:19:71220:50|{23901984-17DF-44FB-A60D-E2C7CF54F732}
530068030||20260707|15|32203|1|40|690707000097|690707000097:15:32203:40|{9EE7CE32-D9E0-4A71-8E82-6F8B5C4999C1}
530068030||20260707|15|32401|1|150|690707000097|690707000097:15:32401:150|{EF34FE6F-0A21-4F5E-93A4-DEFD5AFD91A0}
530068030||20260707|17|55021|1|50|690707000097|690707000097:17:55021:50|{9A1DAE20-FBA5-4023-A43E-7CFC71A343DC}
530068030||20260707|18|52441|1|0|690707000097|690707000097:18:52441:0|{0F44F06C-A188-4ED8-B1E6-C2BFE76EBB48}
530068030||20260707|19|71220|1|50|690707000097|690707000097:19:71220:50|{DCD83808-8B9F-4049-BA2F-946A919D7613}
500012952||20260707|17|55021|1|50|690707000100|690707000100:17:55021:50|{76B6770F-8445-4790-A1DC-CAF5339C1521}
500035815||20260707|15|32203|1|40|690707000115|690707000115:15:32203:40|{52E4F78A-7B3C-4B09-84AE-C9F9DB18A767}
500035815||20260707|15|32401|1|150|690707000115|690707000115:15:32401:150|{176B8DB5-32CF-4E7A-BCFC-E95AA25451E6}
500035815||20260707|17|55021|1|50|690707000115|690707000115:17:55021:50|{38E35916-5A30-4BB6-8C4A-9AE2974C707D}
500035815||20260707|18|52441|1|0|690707000115|690707000115:18:52441:0|{A72F44C8-1923-40EE-8D0A-32C99A49AB6A}
500035815||20260707|19|71220|1|50|690707000115|690707000115:19:71220:50|{CB0EE4B8-C091-4872-B5B5-269C290E13F0}
670094069||20260707|17|55020|1|50|690707000119|690707000119:17:55020:50|{9A4BB06D-8A84-4592-B3F0-D57EE22D1BC3}
670094069||20260707|17|55320|1|50|690707000119|690707000119:17:55320:50|{5ADE2D0C-0C08-4180-B434-6F5E810283A3}
670094069||20260707|18|52441|1|0|690707000119|690707000119:18:52441:0|{DAF44B25-2CE3-4B92-A558-D73150390B40}
500000557||20260707|12|62101|1|200|690707000137|690707000137:12:62101:200|{1DA161F3-3639-4972-B3CF-B5AC102AAF4D}
500000557||20260707|17|55020|1|50|690707000137|690707000137:17:55020:50|{597C7415-726D-4E45-B24B-1EBDBC785BA7}
500019042||20260707|17|55020|1|50|690707000149|690707000149:17:55020:50|{A0412FD9-3BE1-40C7-BEFE-E32EBC8FD0A7}
500019042||20260707|20|XXX14|1|100|690707000149|690707000149:20:XXX14:100|{6CE242E1-F838-4F37-A49E-5683F74CE5AF}
500019042||20260707|20|XXX14|3|500|690707000149|690707000149:20:XXX14:500|{70E2D918-74F3-4F75-8676-D08F64A32E64}
500019042||20260707|20|XXX14|2|70|690707000149|690707000149:20:XXX14:70|{E99C1B09-40DF-4AEA-BA5C-ED37155F3E55}
500019042||20260707|20|XXX14|1|80|690707000149|690707000149:20:XXX14:80|{EDAAE875-715A-490C-92EA-8703E60B23F0}
500009939||20260707|17|55020|1|50|690707000151|690707000151:17:55020:50|{42AEBF11-5A7F-4388-8EB2-A1F60580DB2F}
500009939||20260707|20|XXX14|1|100|690707000151|690707000151:20:XXX14:100|{A1BFD2BA-9D1C-4095-9186-28BD43B95DED}
500009939||20260707|20|XXX14|3|500|690707000151|690707000151:20:XXX14:500|{B2944EC7-8471-4E43-B15C-591D7527ECE6}
500009939||20260707|20|XXX14|2|70|690707000151|690707000151:20:XXX14:70|{624AF3D3-02D0-4360-A7A2-8F8391AC3BDA}
500009939||20260707|20|XXX14|1|80|690707000151|690707000151:20:XXX14:80|{91C8EBBF-B2F1-4836-8A8C-7C82F050F240}
500048660||20260707|17|55020|1|50|690707000159|690707000159:17:55020:50|{AB1A1F80-735F-424B-8EE5-5D818AAFF923}
500048660||20260707|17|55810|1|70|690707000159|690707000159:17:55810:70|{0D050B1B-8B7E-486E-956C-022B5ADAAC4B}
500011345||20260707|13|58130|1|250|690707000160|690707000160:13:58130:250|{409946B3-4AC4-4661-92E2-945F80790976}
500011345||20260707|17|55020|1|50|690707000160|690707000160:17:55020:50|{F6D7095F-2603-4872-94E7-861E79A66C74}
500052446||20260707|13|58130|1|250|690707000163|690707000163:13:58130:250|{A6A4D81C-D2A6-4EF9-8C5E-D44DF64BFBA1}
500052446||20260707|17|55020|1|50|690707000163|690707000163:17:55020:50|{CF894CD8-BF4B-4ECF-A9A2-271BE89A51E1}
670094446||20260707|17|55020|1|50|690707000171|690707000171:17:55020:50|{32A601D6-5BF8-410B-9700-9EF0500FC72E}
660093017||20260707|17|55020|1|50|690707000178|690707000178:17:55020:50|{CABE07AF-B157-489C-AD91-7B1BAA2C6DB6}
660093017||20260707|20|XXX14|1|100|690707000178|690707000178:20:XXX14:100|{97E02DF5-81E7-4DBF-83EC-BBDBC29A7EF0}
660093017||20260707|20|XXX14|3|500|690707000178|690707000178:20:XXX14:500|{4AD0EF7E-A211-4435-81B6-1B54FE9C75F7}
660093017||20260707|20|XXX14|1|70|690707000178|690707000178:20:XXX14:70|{7555F492-2308-4445-8EB9-37EA22A7CB35}
660093017||20260707|20|XXX14|1|80|690707000178|690707000178:20:XXX14:80|{2F118D41-A502-4C14-9C08-65A0A6EF44B9}
500029334||20260707|17|55020|1|50|690707000179|690707000179:17:55020:50|{B6A7DDAE-34BA-4670-9049-5C8706536E9F}
500029334||20260707|20|XXX14|3|500|690707000179|690707000179:20:XXX14:500|{69CE6847-B763-4250-BFD7-3AF8E7E02AC3}
500029334||20260707|20|XXX14|2|70|690707000179|690707000179:20:XXX14:70|{F7E86280-9669-4FD2-B819-E415F6B45C12}
500051855||20260707|17|55020|1|50|690707000181|690707000181:17:55020:50|{916E9721-559E-4859-A762-223400E36E98}
500051855||20260707|20|XXX14|3|500|690707000181|690707000181:20:XXX14:500|{22B063D0-05A4-4D7F-B949-CA4E3CADE3E3}
500051855||20260707|20|XXX14|2|60|690707000181|690707000181:20:XXX14:60|{C97020CD-4530-4217-99C2-9A242CF5862C}
500003054||20260707|17|55020|1|50|690707000196|690707000196:17:55020:50|{4073F764-9951-4644-83C6-10DF68DA2F46}
500003054||20260707|17|55810|1|70|690707000196|690707000196:17:55810:70|{053D54CA-BD46-4C66-810B-A5C1D4675F58}
500024097||20260707|12|61101|1|170|690707000200|690707000200:12:61101:170|{2D9CCD17-1791-4F74-87B7-3BABE119F9B0}
500024097||20260707|12|XXX13|2|0|690707000200|690707000200:12:XXX13:0|{10F9CC55-52D8-4DAC-88F6-D5EE409CBA81}
500024097||20260707|17|55020|1|50|690707000200|690707000200:17:55020:50|{4A0CE118-2E0D-4576-97A8-4D4CBFE100E2}
500000366||20260707|12|61101|1|170|690707000201|690707000201:12:61101:170|{B1936A1B-377F-4A4F-AFC1-765608FF6F33}
500000366||20260707|12|XXX13|2|0|690707000201|690707000201:12:XXX13:0|{DE2B0376-2F20-4EAF-B8CA-E0941302A7A5}
500000366||20260707|17|55020|1|50|690707000201|690707000201:17:55020:50|{86A15BBF-2DA5-4461-91D9-7134B33788F7}
500039195||20260707|17|55021|1|50|690707000215|690707000215:17:55021:50|{31FB506E-47C3-453C-AC78-5D69D5A25ABC}
500039195||20260707|20|XXX14|3|500|690707000215|690707000215:20:XXX14:500|{327CB3B7-E416-4C51-BEB6-8C347574320E}
500039195||20260707|20|XXX14|2|60|690707000215|690707000215:20:XXX14:60|{272E9B32-EF45-41C8-ABD1-E9DC3C55835E}
500039195||20260707|20|XXX14|2|70|690707000215|690707000215:20:XXX14:70|{BB738394-7592-4804-AB93-459CCC94BCDB}
500009424||20260707|17|55021|1|50|690707000225|690707000225:17:55021:50|{08505E27-9494-4323-B98E-A0C890BB87AD}
500009424||20260707|17|55810|1|70|690707000225|690707000225:17:55810:70|{43191981-A597-437F-9B71-3808BC5D857E}
650071524||20260707|17|55021|1|50|690707000228|690707000228:17:55021:50|{3E1AB65A-81DF-4B2E-A118-0AC6865176A4}
650071524||20260707|20|XXX14|3|500|690707000228|690707000228:20:XXX14:500|{BFFC497D-BB7E-4F8A-ACD7-B45CE0D3940C}
650071524||20260707|20|XXX14|2|70|690707000228|690707000228:20:XXX14:70|{CB066731-B5B3-409F-B912-C28CA12F8CAC}
500016092||20260707|17|55021|1|50|690707070130|690707070130:17:55021:50|{B1F11DDA-E5E9-4F42-BF2F-D43E4E6693FC}
500016092||20260707|17|55811|1|140|690707070130|690707070130:17:55811:140|{9E3C14EB-3F3A-4D13-8870-70FC70C6CC5D}
500008317||20260707|15|30101|1|90|690707072801|690707072801:15:30101:90|{1FEEA167-5917-4B44-8EEF-CD433AD4B1AF}
500008317||20260707|15|30304|1|100|690707072801|690707072801:15:30304:100|{59E47F36-653F-4B23-8B2A-9247212D285D}
500008317||20260707|15|30305|1|80|690707072801|690707072801:15:30305:80|{466D039C-9B35-407E-AF9F-74BD7CF29D1D}
500008317||20260707|15|30306|1|310|690707072801|690707072801:15:30306:310|{25011E3B-9B0F-4EE8-8A3D-BC5CB24AB6A7}
500008317||20260707|15|32001|1|100|690707072801|690707072801:15:32001:100|{C0DFAC5C-9C3B-4438-A559-2764425158D9}
500008317||20260707|15|32106|1|50|690707072801|690707072801:15:32106:50|{40D86196-0240-4F05-A216-CE20AF033A1C}
500008317||20260707|15|32107|1|50|690707072801|690707072801:15:32107:50|{60C5E056-4BAE-4251-9E3C-25B8E27B214B}
500008317||20260707|15|32109|1|50|690707072801|690707072801:15:32109:50|{70544E01-7EC3-47DF-878A-46F15DD24942}
500008317||20260707|15|32201|2|40|690707072801|690707072801:15:32201:40|{CC6F427C-92E8-4D9A-BD6A-D6C1A50D0E64}
500008317||20260707|15|32202|1|40|690707072801|690707072801:15:32202:40|{A17C5831-5189-4B02-838A-88AE7AAC85AC}
500008317||20260707|15|32203|1|40|690707072801|690707072801:15:32203:40|{95CE9083-CDAC-4010-BEE2-FB80675B9DCF}
500008317||20260707|15|32205|1|60|690707072801|690707072801:15:32205:60|{14CADF9B-BDB8-4B4B-A462-0E116D3F5D6C}
500008317||20260707|15|32403|1|30|690707072801|690707072801:15:32403:30|{2AA9974D-B3BB-4E31-8835-E3097E10E566}
500008317||20260707|15|32613|1|210|690707072801|690707072801:15:32613:210|{24B55393-9F49-4814-BCC6-905E48C84C35}
500008317||20260707|15|36317|1|150|690707072801|690707072801:15:36317:150|{0A997372-4172-456B-8E33-C7FCFFAD9831}
500008317||20260707|15|36318|1|130|690707072801|690707072801:15:36318:130|{D2227607-ADC8-471C-8E0C-5D98CF8132DC}
500008317||20260707|15|36331|1|300|690707072801|690707072801:15:36331:300|{7EF24CA2-7E86-48B7-B04B-CD18D03726C3}
500053931||20260707|15|30101|1|90|690707073731|690707073731:15:30101:90|{2F333DB5-1A07-4547-B56D-C98291E72144}
500053931||20260707|15|30304|1|100|690707073731|690707073731:15:30304:100|{1553F106-DD36-4D2A-8B7C-A774E43355E5}
500053931||20260707|15|30305|1|80|690707073731|690707073731:15:30305:80|{E428526D-4E46-4ECF-9BA9-3E369AC05AEF}
500053931||20260707|15|30306|1|310|690707073731|690707073731:15:30306:310|{9739EDDE-8D02-4477-B4EB-1875FF517864}
500053931||20260707|15|32001|1|100|690707073731|690707073731:15:32001:100|{24782085-C80E-4AFA-9E1C-8D1D9B0A3D8F}
500053931||20260707|15|32106|1|50|690707073731|690707073731:15:32106:50|{3453E427-D33E-4547-A349-E79B54B115FB}
500053931||20260707|15|32107|1|50|690707073731|690707073731:15:32107:50|{AA35BE6F-BC78-41BD-A074-330582D7C143}
500053931||20260707|15|32109|1|50|690707073731|690707073731:15:32109:50|{229AE3A4-8443-438C-9BB1-328C1F87FFD5}
500053931||20260707|15|32201|2|40|690707073731|690707073731:15:32201:40|{6173E596-1BCB-4B7D-AEDF-4EDAFF4CDB56}
500053931||20260707|15|32202|1|40|690707073731|690707073731:15:32202:40|{3B01294A-2CCB-420A-97D7-1835A6AB1F95}
500053931||20260707|15|32205|1|60|690707073731|690707073731:15:32205:60|{60FB8280-6621-4703-B12E-DFF6A573F8AE}
500053931||20260707|15|32403|1|30|690707073731|690707073731:15:32403:30|{291A9FE8-39CB-4299-81EF-B984047F5D8C}
500053931||20260707|15|32613|1|210|690707073731|690707073731:15:32613:210|{FE4A43E9-B2F4-4F9C-8BB5-1EE5F40F11DB}
500053931||20260707|15|36317|1|150|690707073731|690707073731:15:36317:150|{C010C064-4745-43F6-86CC-F46F3FBCDD6E}
500053931||20260707|15|36318|1|130|690707073731|690707073731:15:36318:130|{CA3E85E2-A4B8-4A13-A4BC-87D41AF38E92}
500053931||20260707|15|36331|1|300|690707073731|690707073731:15:36331:300|{B0142420-2E96-40DC-A67A-017F0EBE8A73}
500008717||20260707|15|32004|1|200|690707073755|690707073755:15:32004:200|{C35B6F83-7BF9-4B77-AE03-33CC4EEC8ED2}
500008717||20260707|17|55021|1|50|690707073755|690707073755:17:55021:50|{221A74D3-4B95-430F-9C02-B90A9FF13FAB}
500010883||20260707|17|55021|1|50|690707074448|690707074448:17:55021:50|{D6F7531F-7177-4B58-8BF0-BCE4AA992D4E}
500010883||20260707|17|55320|3|50|690707074448|690707074448:17:55320:50|{6CB531A7-6DDE-4639-BB07-B01AB19C45FA}
500010883||20260707|18|52441|1|0|690707074448|690707074448:18:52441:0|{752E73EE-A061-47C7-8A25-11D0E9F05988}
500023186||20260707|15|30101|1|90|690707075949|690707075949:15:30101:90|{A8CAC609-F2CF-4784-9DB6-061CFE5251A5}
500023186||20260707|15|32004|1|200|690707075949|690707075949:15:32004:200|{8BBFF978-95C2-431E-8AA9-88053EF90337}
500023186||20260707|17|55020|1|50|690707075949|690707075949:17:55020:50|{2B32A2B0-49A3-4431-99E8-07F3C06B63AF}
500012640||20260707|11||2|0|690707080224|690707080224:11::0|{B3B952D9-FB49-4497-9093-F53A4EC89106}
500012640||20260707|15|32103|1|40|690707080224|690707080224:15:32103:40|{E87871D5-4B69-4FF2-8937-1C090AE00875}
500012640||20260707|17|55020|1|50|690707080224|690707080224:17:55020:50|{F774BD99-F2EA-45D2-BF6A-22505F4A5730}
500012640||20260707|18|52441|1|0|690707080224|690707080224:18:52441:0|{C23603B6-9313-408C-9C60-7ECBAB5D085B}
670094682||20260707|17|55021|1|50|690707082419|690707082419:17:55021:50|{73BD82A5-B02C-4FAE-B59B-22C8F7D58322}
500044260||20260707|15|31001|1|60|690707083106|690707083106:15:31001:60|{BB8FCD4C-461C-4CCC-8FB5-3C8DD2DBAA77}
500044260||20260707|17|55021|1|50|690707083106|690707083106:17:55021:50|{BC48ADCB-D8CD-4F22-B4BF-D1A42BC582C3}
500046175||20260707|13|58130|1|250|690707090857|690707090857:13:58130:250|{C5DE1833-AC01-4FDC-B1F1-98055F6DF09D}
500046175||20260707|17|55020|1|50|690707090857|690707090857:17:55020:50|{92889BEF-81E2-4C44-A3F2-32ED5099B83F}
680095583||20260707|17|55020|1|50|690707091339|690707091339:17:55020:50|{C3E847D7-5082-4F16-A7E5-D964B43EE27E}
690097841||20260707|12|64101|1|280|690707104545|690707104545:12:64101:280|{3D336341-E44B-49D2-B7CE-389ACDEE41A9}
690097841||20260707|12|XXX13|2|0|690707104545|690707104545:12:XXX13:0|{A4A4502E-2FF8-4094-8E11-26CE4F2DA337}
690097841||20260707|17|55020|1|50|690707104545|690707104545:17:55020:50|{E20F7821-D1D2-4C60-90D0-56F5A7023496}
500014459||20260707|17|55020|1|50|690707114650|690707114650:17:55020:50|{A0BA026E-6671-49D5-BF7D-513E369ACBB6}
690097809||20260707|17|55020|1|50|690707134122|690707134122:17:55020:50|{2C9E29B8-9BFA-4EE6-A340-99C1176F58D3}
690097836||20260707|17|55020|1|50|690707135330|690707135330:17:55020:50|{B35CE7F2-A9D2-48F9-89A4-DC34FA3C70A2}
690097836||20260707|20|XXX14|3|500|690707135330|690707135330:20:XXX14:500|{50CDAA8B-A25E-4004-A088-80F3B549AEE1}
690097836||20260707|20|XXX14|2|70|690707135330|690707135330:20:XXX14:70|{2B20AADE-E90A-4145-AE5F-1548630E76B3}
500008755||20260707|13|58130|1|250|690707140506|690707140506:13:58130:250|{8347F6DC-A942-46FA-8828-C67FAAB04A50}
500008755||20260707|17|55020|1|50|690707140506|690707140506:17:55020:50|{4B9F7EF6-F3A6-4B25-BB55-FEAA8C253DB5}
500010883||20260707|17|55020|1|50|690707163319|690707163319:17:55020:50|{0B580CEC-7F50-4CF4-9872-B17FF7D58039}
500010883||20260707|17|55320|3|50|690707163319|690707163319:17:55320:50|{6D82816D-C973-409C-B21D-9D9A9752FF2C}
500010883||20260707|18|52441|1|0|690707163319|690707163319:18:52441:0|{2E7CBAEB-44EB-4542-AB81-8F5B33273717}
500057645||20260707|17|55021|1|50|690707171059|690707171059:17:55021:50|{C2BA7029-306B-4B30-973E-47E4C26CC3A3}
500057645||20260707|20|XXX14|1|100|690707171059|690707171059:20:XXX14:100|{BA373AFA-E7C6-4FA3-8D4B-A6BB224C47DC}
500057645||20260707|20|XXX14|2|500|690707171059|690707171059:20:XXX14:500|{4678E1AF-B982-4C5F-BE97-6CEAACFEB7F6}
500057645||20260707|20|XXX14|4|60|690707171059|690707171059:20:XXX14:60|{16D9668E-7E4E-45C7-82C0-AED1F080C1F1}
500057645||20260707|20|XXX14|1|80|690707171059|690707171059:20:XXX14:80|{AC17C4A3-2906-46BA-A3FE-0256D471B33E}
500032378||20260707|17|55811|1|140|690707180323|690707180323:17:55811:140|{02AD04FE-E62C-40D3-8C9D-19B3565CB696}
670094069||20260707|17|55021|1|50|690707183209|690707183209:17:55021:50|{D43F3DE9-8B7E-4BC7-8EFA-6931EA966DEE}
670094069||20260707|17|55320|1|50|690707183209|690707183209:17:55320:50|{A8560218-5385-4BF5-B0FE-E441B761D5FD}
500002350||20260707|17|55021|1|50|690707205335|690707205335:17:55021:50|{8D3886E4-DF80-4802-A1D3-026993C178A4}
500002350||20260707|17|55822|2|20|690707205335|690707205335:17:55822:20|{E2505EF0-86E4-4FFC-9DDB-F7A4FE818EE3}
500002350||20260707|18|52441|1|0|690707205335|690707205335:18:52441:0|{BBE228C4-78E0-44BB-B77A-A599FEF6197F}
500015442||20260708|17|55811|1|140|690708000014|690708000014:17:55811:140|{73E7A6C3-9180-47B0-9FAF-AD9C65DC5EEC}
500022025||20260708|15|32203|1|40|690708000029|690708000029:15:32203:40|{42454140-38D4-485E-AE47-62B546929A64}
500022025||20260708|17|55021|1|50|690708000029|690708000029:17:55021:50|{4FB78B9F-7F27-4A75-ABC5-91A5E0D515B9}
500022025||20260708|18|52441|1|0|690708000029|690708000029:18:52441:0|{92D640C6-3C94-4E25-88B8-6E9009031F33}
500022025||20260708|19|71220|1|50|690708000029|690708000029:19:71220:50|{79C56497-A00B-40C9-B093-568A3A3219EE}
500019248||20260708|11||2|0|690708000031|690708000031:11::0|{F3534406-9030-4680-9BC4-3B108A45508C}
500019248||20260708|15|32203|1|40|690708000031|690708000031:15:32203:40|{B706C46A-166D-43EE-9E83-44F27446B55D}
500019248||20260708|17|55021|1|50|690708000031|690708000031:17:55021:50|{1B892823-32B1-4454-BA07-7FC96F0DD076}
500019248||20260708|18|52441|1|0|690708000031|690708000031:18:52441:0|{9562400B-F4A5-4A5A-B992-F340A57822D6}
500019248||20260708|19|71220|1|50|690708000031|690708000031:19:71220:50|{58BB97D3-A185-4E7E-B0C7-29B2FD950929}
500000102||20260708|15|32203|1|40|690708000038|690708000038:15:32203:40|{5C1772FB-742B-4133-B927-D46F95B51DF3}
500000102||20260708|15|32401|1|150|690708000038|690708000038:15:32401:150|{BF10D392-98FC-4EAC-9A5C-DCBE93122328}
500000102||20260708|17|55021|1|50|690708000038|690708000038:17:55021:50|{7C7C24AC-1E06-4CCB-BFC7-FEE23D95C160}
500000102||20260708|18|52441|1|0|690708000038|690708000038:18:52441:0|{78976904-D685-43AC-BE66-498CFB55D8AD}
500000102||20260708|19|71220|1|50|690708000038|690708000038:19:71220:50|{A36B8339-4787-48BD-8433-75D4E3E8BE40}
500004010||20260708|15|30104|1|30|690708000040|690708000040:15:30104:30|{68935F0D-0926-4848-A7C8-9D25BDC522D3}
500004010||20260708|15|32004|1|200|690708000040|690708000040:15:32004:200|{BD1F2177-DF5C-4FB2-B562-C827974E3B40}
500004010||20260708|15|32203|1|40|690708000040|690708000040:15:32203:40|{1BF9010B-E85F-4BD8-95DB-C78B3FE3F607}
500004010||20260708|15|32205|1|60|690708000040|690708000040:15:32205:60|{5E40144B-6C68-4E7C-92E6-13897B1F4BD7}
500004010||20260708|17|55021|1|50|690708000040|690708000040:17:55021:50|{A5632955-A7A8-4455-8FA5-2CF27B7320AB}
500004010||20260708|18|52441|1|0|690708000040|690708000040:18:52441:0|{4B54D32C-449A-44E4-80A1-045A95AD7154}
500044106||20260708|15|32004|1|200|690708000042|690708000042:15:32004:200|{FDECCD5E-D488-44D8-BABD-A959C5013FCD}
500044106||20260708|15|32203|1|40|690708000042|690708000042:15:32203:40|{ACEED05D-7A2A-4E02-8995-9371C2484868}
500044106||20260708|17|55021|1|50|690708000042|690708000042:17:55021:50|{05D1417E-1948-4518-8EE8-192C63F1731C}
500044106||20260708|18|52441|1|0|690708000042|690708000042:18:52441:0|{76332CCF-CA9B-4F92-B7D5-93D2BA2D06DE}
500020345||20260708|11||2|0|690708000051|690708000051:11::0|{969DC0CE-6846-4C87-A5A2-AC8458F987A5}
500020345||20260708|15|32203|1|40|690708000051|690708000051:15:32203:40|{E683270B-D14C-41B5-B9BD-D9AAB4D8A8AD}
500020345||20260708|17|55021|1|50|690708000051|690708000051:17:55021:50|{1CCEFD6D-6431-4965-844D-6D025394F670}
500020345||20260708|18|52441|1|0|690708000051|690708000051:18:52441:0|{D3CDCF11-C84D-402F-9FC4-E7D19AA09655}
500020345||20260708|19|71220|1|50|690708000051|690708000051:19:71220:50|{86BCCA06-0270-4D54-8A60-D34DC942139D}
500027529||20260708|17|55021|1|50|690708000061|690708000061:17:55021:50|{0E59B3D0-29A0-46AF-94AA-6A910AB2D34B}
500027529||20260708|17|55811|1|140|690708000061|690708000061:17:55811:140|{A860CECF-2E37-4834-AD14-CA79745C57BE}
500059649||20260708|11||2|0|690708000062|690708000062:11::0|{B5AE40CB-C235-41BE-819C-702A70A61A68}
500059649||20260708|15|32103|1|40|690708000062|690708000062:15:32103:40|{30770076-53D3-4B40-B21E-08B725CC4F02}
500059649||20260708|15|32202|1|40|690708000062|690708000062:15:32202:40|{198162C8-20DC-439D-A51E-442ED6AE8A1A}
500059649||20260708|17|55021|1|50|690708000062|690708000062:17:55021:50|{F34743EE-D956-4A55-AA32-5D689573973A}
500059649||20260708|18|52441|1|0|690708000062|690708000062:18:52441:0|{819A3503-5A0F-451B-853A-16E705F1CAE7}
500015385||20260708|15|32202|1|40|690708000063|690708000063:15:32202:40|{704041AD-AABD-4067-B107-42AB60A0E9C6}
500015385||20260708|15|32203|1|40|690708000063|690708000063:15:32203:40|{23D9937E-A4AD-49F1-BCF7-21F97690967D}
500015385||20260708|15|32401|1|150|690708000063|690708000063:15:32401:150|{4E92FBEC-7E88-456E-9643-DE979AFB11C3}
500015385||20260708|17|55021|1|50|690708000063|690708000063:17:55021:50|{E05772E4-89BC-41C3-9270-74EAD48A9033}
500013806||20260708|15|32203|1|40|690708000064|690708000064:15:32203:40|{486D9459-E32A-4FE9-A877-D32D8B3FB467}
500013806||20260708|17|55021|1|50|690708000064|690708000064:17:55021:50|{23D7FD79-D4D5-45C4-B3F9-83D752898E1F}
500013806||20260708|18|52441|1|0|690708000064|690708000064:18:52441:0|{357F2D44-CD39-4440-870F-4F4D07B11FCD}
500013806||20260708|19|71220|1|50|690708000064|690708000064:19:71220:50|{A548A4FC-B082-43DF-A80D-C96357A8B6CF}
500055810||20260708|17|55021|1|50|690708000092|690708000092:17:55021:50|{105A3531-F0E1-4FA7-8407-A0E7708307BF}
500055810||20260708|17|55811|1|140|690708000092|690708000092:17:55811:140|{0F03B2F1-5DF7-443B-8CAA-3DAFBF940370}
500010883||20260708|17|55021|1|50|690708000112|690708000112:17:55021:50|{9D7F5BD0-58A3-43C5-B722-0367583DD98D}
500010883||20260708|17|55320|1|50|690708000112|690708000112:17:55320:50|{76CAEC01-C9CD-49AF-8C41-67483CA366F4}
660093077||20260708|17|55021|1|50|690708000126|690708000126:17:55021:50|{323991EA-988C-45C2-B742-6E01C114E582}
660093077||20260708|18|52441|1|0|690708000126|690708000126:18:52441:0|{7F73ED3C-FE10-483B-BF8F-F8E9BD16DEB0}
500013043||20260708|15|32201|1|40|690708000127|690708000127:15:32201:40|{E18AAF17-11AF-4622-8728-37245EECFC37}
500013043||20260708|15|32202|1|40|690708000127|690708000127:15:32202:40|{7BB18D03-41B8-4CF9-8C89-4A14DBCAE8C8}
500013043||20260708|15|32203|1|40|690708000127|690708000127:15:32203:40|{CC2AFA9A-D2E9-43F5-A693-477A42A0F5D8}
500013043||20260708|17|55021|1|50|690708000127|690708000127:17:55021:50|{4BA9C10C-4DB6-4B53-88FA-9640763242E6}
500013043||20260708|18|52441|1|0|690708000127|690708000127:18:52441:0|{185059EF-4C5D-4585-8687-E924EF62C903}
500013043||20260708|19|71220|1|50|690708000127|690708000127:19:71220:50|{31E6F188-B383-4639-BA2F-C4B28DEA4A8B}
500010974||20260708|17|55020|1|50|690708000134|690708000134:17:55020:50|{DE233B8D-9043-4766-813B-FEFE9A232B31}
500010974||20260708|20|XXX14|1|500|690708000134|690708000134:20:XXX14:500|{9561C6B3-F5BA-426C-96A7-8DC3FDB51FAB}
500010974||20260708|20|XXX14|1|60|690708000134|690708000134:20:XXX14:60|{D32831A1-18B1-4319-8AB2-240507F9FB55}
500010974||20260708|20|XXX14|1|70|690708000134|690708000134:20:XXX14:70|{A42A510E-BA77-4D25-8504-E415664E38CA}
500010974||20260708|20|XXX14|1|80|690708000134|690708000134:20:XXX14:80|{63CF7ECC-FC8F-4E1C-B045-6B2A6AD09886}
500004166||20260708|12|61101|1|170|690708000182|690708000182:12:61101:170|{1FAEA841-77BC-48E5-8D88-011175F6E598}
500004166||20260708|12|XXX13|2|0|690708000182|690708000182:12:XXX13:0|{BCE7AD2D-F816-41B7-A76A-428116CFB94F}
500004166||20260708|17|55020|1|50|690708000182|690708000182:17:55020:50|{0B534D38-72C9-4876-8BC3-F07D2AA3682A}
500006996||20260708|12|61101|1|170|690708000189|690708000189:12:61101:170|{472812C1-7077-4B6E-9AD8-092E3CE1DE4C}
500006996||20260708|12|XXX13|3|0|690708000189|690708000189:12:XXX13:0|{F73FF84D-3D3D-4619-9784-390A7CEFFA6F}
500006996||20260708|17|55020|1|50|690708000189|690708000189:17:55020:50|{58B54A36-F230-4FA0-9010-A60DFE148DF1}
500002482||20260708|12|61101|1|170|690708000190|690708000190:12:61101:170|{6FD824AE-11D2-4726-8B7A-E1558DE104D5}
500002482||20260708|12|XXX13|2|0|690708000190|690708000190:12:XXX13:0|{9564604A-4535-451A-A12D-A3B9F0AC3B2A}
500002482||20260708|17|55020|1|50|690708000190|690708000190:17:55020:50|{BF22E86A-AD26-4042-8DC3-3294462C5511}
500009611||20260708|17|55020|1|50|690708000193|690708000193:17:55020:50|{CDA36CC0-D5DA-473E-BB68-EA4AAB92CBF5}
500009611||20260708|20|56004|1|75|690708000193|690708000193:20:56004:75|{116C8947-2BA0-4117-A845-B36E345B1F18}
500009611||20260708|20|XXX14|3|500|690708000193|690708000193:20:XXX14:500|{7A2F30CB-1577-4BE7-B752-668BE3B82A78}
500009611||20260708|20|XXX14|1|70|690708000193|690708000193:20:XXX14:70|{C88DAEAA-776D-4E75-BD01-D8C1B42D7AC6}
500052492||20260708|12|61101|1|170|690708000198|690708000198:12:61101:170|{AD357203-CC98-4746-B539-4D50E80F83E9}
500052492||20260708|12|XXX13|2|0|690708000198|690708000198:12:XXX13:0|{944E1E10-0EB6-432C-8EBF-D1CD8683F177}
500052492||20260708|17|55020|1|50|690708000198|690708000198:17:55020:50|{308AC9D8-866E-4944-BAE7-BB69697BEC52}
500015144||20260708|12|61101|1|170|690708000199|690708000199:12:61101:170|{1A2B7F14-B6F2-4CFE-A96A-A20E1F1D7ED7}
500015144||20260708|12|XXX13|2|0|690708000199|690708000199:12:XXX13:0|{CD11509E-C93D-469E-BC49-5C6742FFF239}
500015144||20260708|17|55020|1|50|690708000199|690708000199:17:55020:50|{C7129A7D-DEAB-45C4-B858-D87C4905E8DF}
500009325||20260708|12|61101|1|170|690708000209|690708000209:12:61101:170|{D3F5138C-10AA-416D-B14E-E55C7983BB58}
500009325||20260708|12|XXX13|2|0|690708000209|690708000209:12:XXX13:0|{CE625FE5-D250-43CA-AC85-C2325789A9FC}
500009325||20260708|17|55020|1|50|690708000209|690708000209:17:55020:50|{3CC7317F-4292-4A40-8D76-58C605599A7A}
500003974||20260708|12|61101|1|170|690708000210|690708000210:12:61101:170|{BCE20F23-F253-4E4B-BDE3-82BD0E2DB7FC}
500003974||20260708|12|XXX13|2|0|690708000210|690708000210:12:XXX13:0|{4750FA27-81B2-42F6-91EA-4A17742B6CEF}
500003974||20260708|17|55020|1|50|690708000210|690708000210:17:55020:50|{B674483E-7BF1-4A21-A953-A88C6844038B}
500000820||20260708|12|61101|1|170|690708000211|690708000211:12:61101:170|{AB9ADD2C-6C0B-4850-A91F-B5F3DA8E0806}
500000820||20260708|12|XXX13|2|0|690708000211|690708000211:12:XXX13:0|{EF371117-0495-4EA9-88F1-EAADF0278C54}
500000820||20260708|17|55020|1|50|690708000211|690708000211:17:55020:50|{4A34F5F9-176E-4EA5-9DD3-EAD70B4E21E6}
500023818||20260708|12|61101|1|170|690708000212|690708000212:12:61101:170|{51BD24A5-7B8A-4A79-9E83-0960F4B861B0}
500023818||20260708|12|XXX13|2|0|690708000212|690708000212:12:XXX13:0|{DD2AB170-7A8B-4F11-B6F5-81FA6E139F7D}
500023818||20260708|17|55020|1|50|690708000212|690708000212:17:55020:50|{28811775-2EA6-4AE7-AA6B-E54095AC51F2}
500015998||20260708|12|61101|1|170|690708000213|690708000213:12:61101:170|{C16A8BEB-8651-46B0-AE6B-5143E7E6EBFB}
500015998||20260708|12|XXX13|2|0|690708000213|690708000213:12:XXX13:0|{933EBB81-5B8C-4328-BDD0-0E3396F79C64}
500015998||20260708|17|55020|1|50|690708000213|690708000213:17:55020:50|{E2CE94C7-2ABE-4375-AB4C-55DB302B5159}
500009424||20260708|17|55020|1|50|690708000214|690708000214:17:55020:50|{CC9D42EA-4C6D-40DD-A1F0-C3F86308F3BD}
500009424||20260708|17|55810|1|70|690708000214|690708000214:17:55810:70|{855032A3-F1A9-4F46-8A77-89DC3D66406E}
500048660||20260708|17|55020|1|50|690708000217|690708000217:17:55020:50|{5F9AECD4-156F-429C-96CD-46F98234E2B2}
500048660||20260708|17|55810|1|70|690708000217|690708000217:17:55810:70|{8AECC148-CC9C-4CEE-8F67-A453C4161367}
500000194||20260708|17|55020|1|0|690708000234|690708000234:17:55020:0|{396F9EDE-65C3-4637-BB84-C245D2BDE8B1}
500000194||20260708|17|55811|1|140|690708000234|690708000234:17:55811:140|{BBB2989E-A1FB-412F-A800-F57B683FE5B0}
500009996||20260708|17|55020|1|0|690708000236|690708000236:17:55020:0|{38D847E1-708A-4257-9FA8-51D4CE88AE14}
500009996||20260708|17|55811|1|140|690708000236|690708000236:17:55811:140|{86A62998-D2E6-4EC3-A8CB-7CF3FC7EABB8}
500011740||20260708|17|55020|1|50|690708000241|690708000241:17:55020:50|{BA94CB68-36AE-4C8B-89DC-371BEB92BDC7}
500011740||20260708|20|XXX14|3|500|690708000241|690708000241:20:XXX14:500|{A7D6313D-6AA9-4E33-9829-3114C0AD1F32}
500011740||20260708|20|XXX14|2|70|690708000241|690708000241:20:XXX14:70|{C4C83180-36C7-4DB7-869E-87BD13DCEC7D}
500011740||20260708|20|XXX14|1|80|690708000241|690708000241:20:XXX14:80|{FD719079-502A-44C8-8772-05B14CE94707}
600082781||20260708|13|58130|1|250|690708000242|690708000242:13:58130:250|{1221BF42-B321-4231-8C19-080FA3554D7E}
600082781||20260708|17|55020|1|50|690708000242|690708000242:17:55020:50|{57B80E10-3F74-430D-B4D6-DF0A16D8B13C}
650047756||20260708|13|58130|1|250|690708000243|690708000243:13:58130:250|{E3DFE142-8921-42F9-94E8-5626A0BC828B}
650047756||20260708|17|55020|1|50|690708000243|690708000243:17:55020:50|{78DB6B78-C8E9-43E0-AE5F-76C68A72D3F0}
500005177||20260708|13|58130|1|250|690708000245|690708000245:13:58130:250|{30EDB6C5-DC0E-4CB6-9219-AA32283784E8}
500005177||20260708|17|55020|1|50|690708000245|690708000245:17:55020:50|{89029EA3-D5A5-4E34-BA81-406173395F13}
610084384||20260708|17|55020|1|50|690708000248|690708000248:17:55020:50|{766FCAD1-CA0C-4C1F-95E0-BD405EDA319C}
610084384||20260708|20|XXX14|3|500|690708000248|690708000248:20:XXX14:500|{74E9DD37-2F59-4595-B420-ADD8F282FDBE}
610084384||20260708|20|XXX14|2|60|690708000248|690708000248:20:XXX14:60|{E1BC395B-9E32-491A-BF77-04C795AEBE4D}
610084384||20260708|20|XXX14|1|70|690708000248|690708000248:20:XXX14:70|{F8D6B8D8-6848-458F-BEE1-41C107D0A461}
610084384||20260708|20|XXX14|1|80|690708000248|690708000248:20:XXX14:80|{230E9EFA-866A-40E8-9EF1-44C0FAE0F9AA}
690097836||20260708|17|55020|1|50|690708000250|690708000250:17:55020:50|{BE9A4A51-0738-49B3-854A-D22DF41A1762}
690097836||20260708|20|XXX14|3|500|690708000250|690708000250:20:XXX14:500|{3AFAB82D-0282-42B8-AA6C-D262D6B2BFB0}
690097836||20260708|20|XXX14|2|60|690708000250|690708000250:20:XXX14:60|{DF336A69-2754-451C-87D4-CA2CBC5B7FFC}
690097836||20260708|20|XXX14|1|70|690708000250|690708000250:20:XXX14:70|{410DDD53-483B-403C-B8F7-C67D55B9F7C3}
690097836||20260708|20|XXX14|1|80|690708000250|690708000250:20:XXX14:80|{0B8C2C3D-7926-4ACA-81B6-8EDD11F243FE}
670094335||20260708|17|55020|1|50|690708000254|690708000254:17:55020:50|{01E044A5-458C-4D73-A4A6-CF462FB10BB6}
670094335||20260708|17|55823|1|20|690708000254|690708000254:17:55823:20|{AD96FC36-373B-4658-9028-94C5C4DB790A}
500012693||20260708|12|61101|1|170|690708000262|690708000262:12:61101:170|{CA07B9BE-DFE0-4520-8FE9-56E2140CB9C1}
500012693||20260708|12|XXX13|2|0|690708000262|690708000262:12:XXX13:0|{6113931A-BEB1-4763-8BED-5B734DE3A440}
500012693||20260708|17|55020|1|50|690708000262|690708000262:17:55020:50|{449FE662-6D99-4544-8E39-349F31E12BD9}
500033739||20260708|12|61101|1|170|690708000263|690708000263:12:61101:170|{A66A4751-6393-45A6-978A-30CB665A6AF3}
500033739||20260708|12|XXX13|2|0|690708000263|690708000263:12:XXX13:0|{C4CFE60E-5DC0-4354-8772-FCF6F4D55B67}
500033739||20260708|17|55020|1|50|690708000263|690708000263:17:55020:50|{B07F20EF-E074-419B-87CF-94700FB671BC}
500026688||20260708|17|55020|1|50|690708000268|690708000268:17:55020:50|{937B104A-62DA-48E6-8CA6-F74B8EC117FC}
500026688||20260708|20|XXX14|1|100|690708000268|690708000268:20:XXX14:100|{64458DFA-1F4F-4D48-958A-CE110763D844}
500026688||20260708|20|XXX14|2|500|690708000268|690708000268:20:XXX14:500|{A3135CC1-477B-4333-8816-4F961F287468}
500026688||20260708|20|XXX14|2|60|690708000268|690708000268:20:XXX14:60|{CCF86427-F832-41EF-90B9-52CE8C63A153}
500026688||20260708|20|XXX14|1|80|690708000268|690708000268:20:XXX14:80|{D72FDD2B-1F9C-4BCA-B702-5F93D7CAA871}
500031534||20260708|17|55021|1|50|690708000289|690708000289:17:55021:50|{038FB53B-0F0B-4D36-AC92-38F86BD67BFD}
500031534||20260708|20|XXX14|3|500|690708000289|690708000289:20:XXX14:500|{2C3BE40C-6B2A-46E2-A601-9F2C3D9370D0}
500031534||20260708|20|XXX14|2|60|690708000289|690708000289:20:XXX14:60|{7D3E6C14-9175-4B6F-85D7-6F5A65B5EC1E}
500031534||20260708|20|XXX14|1|70|690708000289|690708000289:20:XXX14:70|{EFC01A6B-7FE9-4F84-A8D5-C7D5E5025A53}
500031534||20260708|20|XXX14|1|80|690708000289|690708000289:20:XXX14:80|{ED43E8EB-0461-4007-A3F8-47E025701FB7}
500032378||20260708|17|55021|1|50|690708000292|690708000292:17:55021:50|{659A55FD-993E-4E48-B997-50DE1B4D372C}
500032378||20260708|17|55811|1|140|690708000292|690708000292:17:55811:140|{DBA3530B-03A6-4009-AA0A-F42FF4EC25EE}
500009989||20260708|17|55021|1|50|690708010546|690708010546:17:55021:50|{B04B25AB-763E-4B2E-ACDC-02A6B914FDDA}
500009989||20260708|18|52441|1|0|690708010546|690708010546:18:52441:0|{22F11A63-4D6F-4A14-A9F0-A9611AEA4E39}
650075439||20260708|12|63101|1|700|690708091635|690708091635:12:63101:700|{390B45F8-75C9-4221-8755-01DE374FEF2F}
650075439||20260708|12|63105|1|970|690708091635|690708091635:12:63105:970|{37272CB9-1506-4E10-AAE1-F3107B742520}
650075439||20260708|12|67212|1|600|690708091635|690708091635:12:67212:600|{1D01B0DE-4B87-430D-9FE4-570EBF5646FF}
650075439||20260708|17|55020|1|50|690708091635|690708091635:17:55020:50|{1BC949F4-7E12-41D3-9453-DFB4303279A4}
500032873||20260708|17|55020|1|50|690708093401|690708093401:17:55020:50|{88B4C40D-BC5C-44A1-A023-AFA97203CE0A}
500032873||20260708|17|55820|1|100|690708093401|690708093401:17:55820:100|{C80665A6-54A4-4224-993B-94A016E47B19}
670094069||20260708|17|55020|1|50|690708095844|690708095844:17:55020:50|{1001FA82-AD38-48E1-AA83-FEB0CD025061}
670094069||20260708|18|52441|1|0|690708095844|690708095844:18:52441:0|{A672852E-E376-47AA-B367-F35D400C3F54}
500006324||20260708|17|55020|1|50|690708100513|690708100513:17:55020:50|{D05CEE5D-FB63-4281-ADCF-DCE152BA0A54}
680096115||20260708|17|55020|1|50|690708100948|690708100948:17:55020:50|{414AC8E3-0091-4A21-B3B8-93CDD24853D7}
680096115||20260708|17|55823|1|20|690708100948|690708100948:17:55823:20|{04F38C3B-644A-4527-866E-023B86812A51}
530067233||20260708|17|55020|1|50|690708110457|690708110457:17:55020:50|{C3877F7F-12CB-482B-8804-38CF9B88959D}
500062046||20260708|17|55020|1|50|690708111735|690708111735:17:55020:50|{0E74BCE0-4299-4482-AA06-1B541316142E}
500031458||20260708|16|41003|1|250|690708131105|690708131105:16:41003:250|{47772D09-5229-4EF6-A057-31DDF4DA5709}
500031458||20260708|17|55020|1|50|690708131105|690708131105:17:55020:50|{A2DB8770-9172-4EDA-A6F2-F436D7C81D53}
500031458||20260708|18|52441|1|0|690708131105|690708131105:18:52441:0|{C9AF599B-897B-44A6-9D68-017751AF4FEC}
500028707||20260708|17|55020|1|50|690708132839|690708132839:17:55020:50|{D39F7E93-283C-486E-941F-874DB6210ADF}
500013790||20260708|17|55020|1|50|690708133404|690708133404:17:55020:50|{3A64A7EA-D169-46FC-8082-4B65739A549C}
500013790||20260708|20|XXX14|3|500|690708133404|690708133404:20:XXX14:500|{92613C73-4428-43BA-A279-7A79897A5CF8}
500013790||20260708|20|XXX14|2|70|690708133404|690708133404:20:XXX14:70|{52402122-3506-4AAF-963A-1BBD50A9A3AA}
500013790||20260708|20|XXX14|1|80|690708133404|690708133404:20:XXX14:80|{73213ABF-E233-4082-B574-2CA41B06B338}
680096323||20260708|15|36506|1|350|690708133719|690708133719:15:36506:350|{C5CB2931-9178-4AE1-A29B-CF077AF2B668}
680096323||20260708|17|55020|1|50|690708133719|690708133719:17:55020:50|{197EBB1D-C2B8-4FA4-B358-1721C82CD44F}
500019957||20260708|17|55020|1|50|690708150428|690708150428:17:55020:50|{BBF10158-4E32-4B55-83E1-5964E835EE25}
500019957||20260708|2|8901|1|6600|690708150428|690708150428:2:8901:6600|{4F187E6E-A7F7-4142-B394-5E30E7BA57EE}
500019957||20260708|20|XXX14|1|100|690708150428|690708150428:20:XXX14:100|{A81A0DF1-A76E-4861-8EF0-ACDAD673B1B3}
500019957||20260708|20|XXX14|1|150|690708150428|690708150428:20:XXX14:150|{C6B1E1A1-7484-4E77-A5EF-8B3F1BAB95F8}
500019957||20260708|20|XXX14|4|80|690708150428|690708150428:20:XXX14:80|{D3829F96-8E84-46EE-A53C-750218289150}
540071840||20260708|17|55020|1|50|690708152742|690708152742:17:55020:50|{543F8E37-FB4E-4205-B73E-7BB5EC97D825}
540071840||20260708|17|55822|1|20|690708152742|690708152742:17:55822:20|{99F61A84-5724-4507-9BEF-3D586241012B}
500008061||20260708|17|55021|1|50|690708164332|690708164332:17:55021:50|{3588E18B-D512-4D19-9678-C08A02F73659}
500008061||20260708|20|XXX14|1|100|690708164332|690708164332:20:XXX14:100|{52C22939-4CA3-46FA-A336-F0E5AC35213E}
500008061||20260708|20|XXX14|3|500|690708164332|690708164332:20:XXX14:500|{9B07E30F-BE48-4F0A-8934-737A8200F28F}
500008061||20260708|20|XXX14|2|80|690708164332|690708164332:20:XXX14:80|{8D02AE91-3E7B-4780-9208-73D314A2427D}
500009989||20260708|12|62506|1|340|690708165351|690708165351:12:62506:340|{FAB3B35D-1A3F-48FC-BD2A-D5F9B372E637}
500009989||20260708|12|62508|2|1000|690708165351|690708165351:12:62508:1000|{31FCC006-5F60-4D0A-A88D-04F7A0229BB4}
500001201||20260708|17|55021|1|50|690708180625|690708180625:17:55021:50|{6AFC6523-5ECB-479F-BAF4-A4F40F24D4D2}
500001201||20260708|17|55822|2|20|690708180625|690708180625:17:55822:20|{5DA7ACF8-2FCC-4A83-B54B-8C5A278D7C74}
500010883||20260708|17|55320|1|50|690708182230|690708182230:17:55320:50|{96F10FAD-DA26-4A98-BBF4-144F6B204BC5}
500008027||20260708|17|55021|1|50|690708193001|690708193001:17:55021:50|{8EC9F301-1142-4DB0-9FBE-433E8AEB4CA2}
500008027||20260708|19|71230|1|100|690708193001|690708193001:19:71230:100|{300F26B8-2DE1-48D7-B10F-5057129BE079}
500015442||20260709|17|55811|1|140|690709000002|690709000002:17:55811:140|{627A8CD9-791B-4F20-8E76-43387144070D}
500003963||20260709|16|43002|1|1200|690709000006|690709000006:16:43002:1200|{6EE79A1F-96DA-4AD4-8E14-972450A20156}
500003963||20260709|17|55021|1|50|690709000006|690709000006:17:55021:50|{BC3FA9B3-04AF-4052-8DA9-8FBCE619F57C}
500057349||20260709|16|43002|1|1200|690709000018|690709000018:16:43002:1200|{51511E70-E5BC-4C18-9F3A-B833BBD3E20D}
500057349||20260709|17|55021|1|50|690709000018|690709000018:17:55021:50|{D2945920-BAE2-4BED-A460-4ACD2833677D}
500055810||20260709|17|55811|1|140|690709000032|690709000032:17:55811:140|{5F4F2087-5889-42FF-BEF3-998CEEE274CE}
500027529||20260709|17|55811|1|140|690709000037|690709000037:17:55811:140|{6878CD53-25BE-429B-85CB-EE17E300E749}
500024022||20260709|16|43002|1|1200|690709000057|690709000057:16:43002:1200|{7066BB3C-3DE6-48AD-9C5E-D02BD02FF880}
500024022||20260709|17|55021|1|50|690709000057|690709000057:17:55021:50|{9DE2EF23-590E-4217-BC5F-1E833BAF4B23}
500031324||20260709|11||0|3|690709000058|690709000058:11::3|{005EDCE9-FE66-4477-91FD-A473AE022A25}
500031324||20260709|15|30101|1|90|690709000058|690709000058:15:30101:90|{CB4AF840-D9D7-4B52-A8FF-AC1B0E898870}
500031324||20260709|15|32001|1|100|690709000058|690709000058:15:32001:100|{F0291B43-2D06-4039-B4A0-9F50032D1BDE}
500031324||20260709|15|32201|1|40|690709000058|690709000058:15:32201:40|{B36113FF-1212-452F-9D47-15341B301E3A}
500031324||20260709|15|32202|1|40|690709000058|690709000058:15:32202:40|{66431196-A391-4BEB-9935-E4ED734BDD6B}
500031324||20260709|15|32203|1|40|690709000058|690709000058:15:32203:40|{2EB64513-121F-4AE5-B20E-668C74BEF816}
500031324||20260709|17|55021|1|50|690709000058|690709000058:17:55021:50|{2A006FB6-6F01-44EB-979C-B55A6C260F6A}
500001067||20260709|16|43002|1|1200|690709000063|690709000063:16:43002:1200|{A42B76E4-2A43-4B53-9205-23F1AEFA7EA0}
500001067||20260709|17|55021|1|50|690709000063|690709000063:17:55021:50|{EEB2B6FA-1CE6-41B1-8198-41501BBB2467}
500029822||20260709|16|43002|1|1200|690709000074|690709000074:16:43002:1200|{DED13CAE-5F4F-450F-B844-66B9D87D692D}
500029822||20260709|17|55021|1|50|690709000074|690709000074:17:55021:50|{FA00382B-086D-452F-8CEB-669F1986D523}
500010883||20260709|17|55021|1|50|690709000076|690709000076:17:55021:50|{8B963494-585B-4B96-970A-6AAFE12B66E0}
500009989||20260709|16|43002|1|1200|690709000083|690709000083:16:43002:1200|{471A4A5D-DF57-4B51-BD7B-15BBDDF9F41A}
500009989||20260709|17|55021|1|50|690709000083|690709000083:17:55021:50|{A8ACA094-D5A7-4866-87A1-14F4F1CBCFB2}
500006275||20260709|17|55021|1|50|690709000085|690709000085:17:55021:50|{01BEA250-2091-4720-B1CE-39D8759436A4}
500006275||20260709|17|55824|1|20|690709000085|690709000085:17:55824:20|{EB5FFE78-C558-400E-9C7A-43ABB80FF640}
500005706||20260709|16|43002|1|1200|690709000093|690709000093:16:43002:1200|{C8A957F6-8346-45DF-9948-FC12CBD61ACB}
500005706||20260709|17|55020|1|50|690709000093|690709000093:17:55020:50|{744256AF-EC19-40A8-AF12-DF27EBF77450}
500037616||20260709|16|43002|1|1200|690709000095|690709000095:16:43002:1200|{66666F24-CC73-4285-9EF0-3CC79864233A}
500037616||20260709|17|55020|1|50|690709000095|690709000095:17:55020:50|{02AF7C05-3731-4F98-87BA-78C1B695F0F4}
670094530||20260709|13|58001|1|150|690709000109|690709000109:13:58001:150|{9559663A-AD63-4978-842C-D1DC9314C0C9}
500003313||20260709|16|43002|1|1200|690709000115|690709000115:16:43002:1200|{0360F1D0-6300-4902-8C94-C0D38A871F23}
500003313||20260709|17|55020|1|50|690709000115|690709000115:17:55020:50|{7E0AD4E7-4FF2-4703-977E-279487D88D7F}
500039766||20260709|17|55020|1|50|690709000116|690709000116:17:55020:50|{C6C52828-6365-4C5F-AC4D-C1B0E22DD910}
500022445||20260709|12|62101|1|200|690709000119|690709000119:12:62101:200|{49CA278E-F7BA-4D83-8A8B-3A7C4ACB1BE6}
500022445||20260709|17|55020|1|50|690709000119|690709000119:17:55020:50|{0058129E-ECE6-4277-A4C5-723E18FAD4D0}
500048660||20260709|17|55020|1|50|690709000123|690709000123:17:55020:50|{5DF8B737-4B25-4904-95D6-D465133B5D38}
500048660||20260709|17|55810|1|70|690709000123|690709000123:17:55810:70|{D2EA6D41-8573-4F1B-BCDA-06D7DA56108A}
500025587||20260709|13|58001|1|150|690709000130|690709000130:13:58001:150|{B5034624-A708-42DF-AD61-6F4256DEC194}
540072562||20260709|13|58001|1|150|690709000135|690709000135:13:58001:150|{34E29738-CEEA-478D-807A-0DFB7B09C800}
540072622||20260709|13|58001|1|150|690709000136|690709000136:13:58001:150|{AC5F96CF-B2B5-4E9C-9A86-907BBEA4F9EC}
500049956||20260709|17|55020|1|50|690709000138|690709000138:17:55020:50|{6128606A-C638-4B39-8499-5AF9A71524E3}
500049956||20260709|20|XXX14|3|500|690709000138|690709000138:20:XXX14:500|{AEE7833A-8059-4902-81D8-F49194CF4D7B}
500049956||20260709|20|XXX14|2|70|690709000138|690709000138:20:XXX14:70|{8D510587-43A4-4946-BF7D-8CA1ACC04C88}
500049956||20260709|20|XXX14|1|80|690709000138|690709000138:20:XXX14:80|{E323DF43-8B6C-4FB4-A768-219366C5BC76}
500021353||20260709|13|58001|1|150|690709000139|690709000139:13:58001:150|{56B92207-51FC-4CFF-A829-430F08346D18}
500005366||20260709|17|55020|1|50|690709000147|690709000147:17:55020:50|{6A7DB629-1C59-4313-9A61-21E1B29BF292}
500005366||20260709|20|XXX14|1|100|690709000147|690709000147:20:XXX14:100|{FD923562-180B-40DD-B580-0BE5A4D239A9}
500005366||20260709|20|XXX14|3|500|690709000147|690709000147:20:XXX14:500|{9D3A6051-94FC-4272-A67C-7D978CA14529}
500005366||20260709|20|XXX14|1|70|690709000147|690709000147:20:XXX14:70|{00252572-16C7-47D9-A407-F7262DB86B5F}
500005366||20260709|20|XXX14|1|80|690709000147|690709000147:20:XXX14:80|{A54A09BD-A2CA-4FF5-8881-80D8F12B2B88}
500003292||20260709|12|62102|2|350|690709000154|690709000154:12:62102:350|{2F12B416-FE35-43BC-A7AD-278FEF8B9CAE}
500003292||20260709|12|62501|1|130|690709000154|690709000154:12:62501:130|{ECDA5E8B-56ED-40E7-81A9-82A655F9476B}
500003292||20260709|12|62508|2|1000|690709000154|690709000154:12:62508:1000|{3E193BFC-59F4-4A8A-9D2F-4E58FB35EBF3}
500003292||20260709|12|64102|1|400|690709000154|690709000154:12:64102:400|{7E030F1A-869E-46EE-8951-D3D1F060B16F}
500003292||20260709|16|41202|1|80|690709000154|690709000154:16:41202:80|{38C24DCC-1788-46EC-BA7D-B45B20E4562A}
500003292||20260709|17|55020|1|50|690709000154|690709000154:17:55020:50|{31116C56-FA5F-4C64-9C88-CB730A837E90}
500001801||20260709|17|55020|1|50|690709000155|690709000155:17:55020:50|{60207408-B1CD-4EDB-AF43-9E4275CFED96}
500001801||20260709|20|XXX14|2|60|690709000155|690709000155:20:XXX14:60|{552CAB73-D56B-42DF-8AEB-52583B153598}
500001801||20260709|20|XXX14|1|80|690709000155|690709000155:20:XXX14:80|{851EF41F-35A7-4F66-BDC4-5CECC708285A}
500009611||20260709|13|58001|1|150|690709000156|690709000156:13:58001:150|{2A336268-1013-4AF5-B218-A0D508695448}
500016092||20260709|17|55020|1|50|690709000162|690709000162:17:55020:50|{C5F81370-51D3-463D-A1AC-DB3C68CB30A4}
500016092||20260709|17|55824|2|20|690709000162|690709000162:17:55824:20|{F6EF82B9-EBE7-420D-8AB4-B31EF97EC2D1}
500048340||20260709|17|55020|1|50|690709000167|690709000167:17:55020:50|{059C3865-EC16-4A1B-BC28-8D6AC0E8E2DB}
500048340||20260709|20|XXX14|3|500|690709000167|690709000167:20:XXX14:500|{1AA210DB-CD50-4AFE-A802-18F07EFD85D3}
500048340||20260709|20|XXX14|1|60|690709000167|690709000167:20:XXX14:60|{0856FC65-1C7C-4522-891B-DA79D58336E0}
500048340||20260709|20|XXX14|2|70|690709000167|690709000167:20:XXX14:70|{8503FAB4-C0AC-4FE8-9653-3C46E70C457E}
620086984||20260709|15|36506|1|350|690709000169|690709000169:15:36506:350|{924CD037-8BA3-4D88-AF04-C75267786260}
620086984||20260709|17|55020|1|50|690709000169|690709000169:17:55020:50|{78410BEA-897D-4AAA-BC62-E91DF6202DC3}
500007222||20260709|17|55020|1|50|690709000173|690709000173:17:55020:50|{9E20C27A-1AD2-4A4D-A697-5E3633ECFF1C}
500007222||20260709|17|55823|1|20|690709000173|690709000173:17:55823:20|{5EEA11CD-BAC6-4FC0-9492-536BB4B433B7}
500027786||20260709|17|55020|1|50|690709000191|690709000191:17:55020:50|{3AE2313B-B693-42CA-BD1B-A27ECB16B378}
690097823||20260709|13|58001|1|150|690709000200|690709000200:13:58001:150|{0F1411C0-2041-4D4F-B8FB-9C0C19F305F0}
690097823||20260709|13|XXX15|1|100|690709000200|690709000200:13:XXX15:100|{046FD56B-AA40-4F94-9DDD-65CD65F73762}
500048726||20260709|12|62106|1|1000|690709000205|690709000205:12:62106:1000|{463E2CB9-2B8B-4AAA-B383-378B03C1E632}
500048726||20260709|12|62205|1|400|690709000205|690709000205:12:62205:400|{8AC703B1-6163-4529-A0C7-7D4560DC49B5}
500048726||20260709|12|62501|1|130|690709000205|690709000205:12:62501:130|{67474B0A-C90B-45F6-BA52-2523AA3BF247}
500048726||20260709|12|62508|2|1000|690709000205|690709000205:12:62508:1000|{F504CD1D-CD9E-4524-9E2F-6C0CC95FA39F}
500048726||20260709|16|41202|1|80|690709000205|690709000205:16:41202:80|{2E62F3CD-4418-4C8E-B30F-F7CB26EA9FAD}
500048726||20260709|17|55020|1|50|690709000205|690709000205:17:55020:50|{8479EC91-749A-43D3-964D-015EC4A26CAA}
690097836||20260709|17|55020|1|50|690709000209|690709000209:17:55020:50|{C97D571E-208D-4416-8974-C31DBC2AAAEA}
690097836||20260709|20|XXX14|3|500|690709000209|690709000209:20:XXX14:500|{84A0AF32-DB7B-459E-99BF-AAA261A29073}
690097836||20260709|20|XXX14|1|60|690709000209|690709000209:20:XXX14:60|{7AC94E44-621F-4F8B-8F85-DE47F4469D77}
690097836||20260709|20|XXX14|1|70|690709000209|690709000209:20:XXX14:70|{43E89628-81F6-4946-B5F9-0967F5BDAF2A}
660093556||20260709|12|63101|1|700|690709000210|690709000210:12:63101:700|{53B9906B-7828-46C9-86A0-AA1CBEE5FFDB}
660093556||20260709|12|63103|1|1060|690709000210|690709000210:12:63103:1060|{7BC48B38-3E80-4F35-BFB7-D11101D93684}
660093556||20260709|12|67101|1|240|690709000210|690709000210:12:67101:240|{71096FEA-B500-4597-86BC-0E5D20A297F5}
660093556||20260709|17|55020|1|50|690709000210|690709000210:17:55020:50|{CB6C6D5E-4962-4B5F-AEA0-2B0B9A1CF3F5}
500017379||20260709|17|55020|1|50|690709000214|690709000214:17:55020:50|{79987322-67C9-4C0B-822C-1C920FB57FA4}
500017379||20260709|20|XXX14|3|500|690709000214|690709000214:20:XXX14:500|{00CD6444-BCFE-4F70-9EF6-5629541BB76B}
500017379||20260709|20|XXX14|1|70|690709000214|690709000214:20:XXX14:70|{E8884EB6-8BB8-4442-B4F3-159663AE64E0}
500017379||20260709|20|XXX14|1|80|690709000214|690709000214:20:XXX14:80|{8D60897B-4362-4B69-B785-9DCDA98ACCDA}
500009326||20260709|13|58001|1|150|690709000215|690709000215:13:58001:150|{1E2E7068-53DE-454E-8156-302BE64C4DE0}
500009326||20260709|13|XXX15|1|100|690709000215|690709000215:13:XXX15:100|{CAED3D81-8DD0-4799-B328-9003D2A6832F}
500023921||20260709|17|55020|1|50|690709000216|690709000216:17:55020:50|{A24E0DE0-FCB0-4619-B627-818BA8B015DA}
500023921||20260709|17|55823|1|20|690709000216|690709000216:17:55823:20|{4F0958C3-6AD5-46C6-B79B-612CF8A21686}
500031709||20260709|17|55020|1|50|690709000223|690709000223:17:55020:50|{D6FCE700-9BBE-437B-BFC0-1724E3CC5160}
500003054||20260709|17|55810|1|70|690709000225|690709000225:17:55810:70|{BAF9A838-E72A-4C99-A150-EA2ED76667D1}
630088715||20260709|12|62501|1|130|690709000227|690709000227:12:62501:130|{C1C51385-C761-4F61-92EB-E59F2D1F95EC}
630088715||20260709|13|58130|1|250|690709000227|690709000227:13:58130:250|{F6E75E14-BF09-4E77-BCE0-788CDE5F7C1C}
630088715||20260709|16|41202|1|80|690709000227|690709000227:16:41202:80|{D36119E9-9921-40E1-ACD2-CF89533833C2}
630088715||20260709|17|55021|1|50|690709000227|690709000227:17:55021:50|{21D75749-5CC4-4369-9306-F48DA1CCCD21}
500009424||20260709|17|55810|1|70|690709000235|690709000235:17:55810:70|{5C742F5A-E5DD-454B-9C62-03BDFCF07373}
500030153||20260709|17|55021|1|50|690709000243|690709000243:17:55021:50|{6E1B03B8-CFF8-4372-9625-92C84DF8E589}
500030153||20260709|17|55823|1|20|690709000243|690709000243:17:55823:20|{AC71EF01-19F1-41D2-BD5D-4F72240E0159}
650071160||20260709|17|55021|1|50|690709053159|690709053159:17:55021:50|{B279B14A-3118-4817-972D-9D22CAD5C8DD}
650071160||20260709|17|55822|2|20|690709053159|690709053159:17:55822:20|{69437BE9-55F7-49AC-906B-0B61AAA021AB}
500052046||20260709|17|55021|1|50|690709075219|690709075219:17:55021:50|{DD078EA4-93D4-4B31-B67F-A757B5436CC6}
500052046||20260709|18|52441|1|0|690709075219|690709075219:18:52441:0|{8B711D3D-3311-4497-902F-08CE52862FDF}
500033697||20260709|17|55020|1|50|690709081100|690709081100:17:55020:50|{8B7AD33A-3939-43B1-A4ED-41B7CA43E936}
500002569||20260709|17|55020|1|50|690709082037|690709082037:17:55020:50|{8256669B-97B5-44C7-8767-0C4E81FB294A}
500002569||20260709|17|55823|1|20|690709082037|690709082037:17:55823:20|{886DC2A9-49DC-4129-ADF8-0804191E2A20}
500002569||20260709|18|52441|1|0|690709082037|690709082037:18:52441:0|{383CD765-3F58-41D2-AADA-C2B3D97AE1F5}
500002569||20260709|20|XXX14|1|100|690709082037|690709082037:20:XXX14:100|{3E28552A-D236-4BAD-8945-4237E0DD8AD9}
500002569||20260709|20|XXX14|1|80|690709082037|690709082037:20:XXX14:80|{B819F9A1-9364-46A6-8712-D3A2258ABF33}
660093462||20260709|17|55020|1|50|690709082129|690709082129:17:55020:50|{A225C71A-193C-4F87-9816-A71C0856EE52}
580078503||20260709|16|41003|1|250|690709082215|690709082215:16:41003:250|{FECBD5C0-92EC-441B-BB7D-45E0BC4CC338}
580078503||20260709|17|55020|1|50|690709082215|690709082215:17:55020:50|{F726E3E4-EAD0-4529-9183-FB9EA3224E81}
510062842||20260709|17|55020|1|50|690709091043|690709091043:17:55020:50|{C3414723-B41D-4139-BA1F-BD7AFE44C534}
510062842||20260709|2|8307|1|1000|690709091043|690709091043:2:8307:1000|{0BAFB17B-D701-425D-BFBD-DA14C09CE90A}
510062842||20260709|20|XXX14|3|500|690709091043|690709091043:20:XXX14:500|{9B84D17B-C0AF-4703-B79C-01B2840383F9}
500019572||20260709|17|55020|1|50|690709100322|690709100322:17:55020:50|{3062D532-4C49-4E35-9C4B-11593ECF57E2}
500041275||20260709|17|55020|1|50|690709101512|690709101512:17:55020:50|{F79D3D50-E1C3-4A49-8B0B-CC0B457C213E}
500006235||20260709|17|55020|1|50|690709101749|690709101749:17:55020:50|{20192EFB-19D3-49C4-8925-7386B0615FA8}
500006235||20260709|17|55822|2|20|690709101749|690709101749:17:55822:20|{E1F9E7FA-9013-4E4B-B197-C1EAA3C9F61F}
500006235||20260709|18|52441|1|0|690709101749|690709101749:18:52441:0|{E4779D71-1778-4F55-8C90-E2250D423F5D}
500021241||20260709|12|67212|1|600|690709103756|690709103756:12:67212:600|{226D15B5-BF4C-44ED-B925-F35B16D4F288}
500021241||20260709|17|55020|1|50|690709103756|690709103756:17:55020:50|{8F1B63F3-0E06-4E51-885F-41EE1A562E53}
500021241||20260709|17|55823|1|20|690709103756|690709103756:17:55823:20|{CA1E11C5-CB57-4690-81D6-B75F5F95B192}
650079326||20260709|12|62501|1|130|690709123149|690709123149:12:62501:130|{C91ABE2A-35C9-49EC-917C-F42EDB97E82C}
650079326||20260709|17|55020|1|50|690709123149|690709123149:17:55020:50|{9996C983-3E29-4E63-A301-C4E57643B3E6}
650079326||20260709|17|55811|1|140|690709123149|690709123149:17:55811:140|{9A20ECF1-31CE-4E0D-BFD9-D7E180F7D454}
650079326||20260709|18|52441|1|0|690709123149|690709123149:18:52441:0|{1F8E8F9C-E894-4A79-BB46-46FC14FE90A7}
650079326||20260709|19|71830|1|385|690709123149|690709123149:19:71830:385|{5355B2EE-F8FE-4D70-A284-B35F223F66B0}
500039972||20260709|17|55020|1|50|690709125949|690709125949:17:55020:50|{945FAA82-ABF8-4D9A-8B35-B42389ACEC60}
500039972||20260709|2|8608|2|800|690709125949|690709125949:2:8608:800|{40D2478A-2C9F-4900-B59C-596A46B6D16C}
500039972||20260709|20|XXX14|1|100|690709125949|690709125949:20:XXX14:100|{E32B09F5-4253-45C6-BD04-E844157C83C7}
500039972||20260709|20|XXX14|2|500|690709125949|690709125949:20:XXX14:500|{D51FAB1C-5331-4BF2-8CCA-4ABD4987D80D}
500039972||20260709|20|XXX14|1|80|690709125949|690709125949:20:XXX14:80|{41D39E2C-FFF6-4216-8730-D39921ED1B52}
500006582||20260709|17|55020|1|50|690709130108|690709130108:17:55020:50|{329271FB-9258-4337-AE8B-8BB03491BE57}
500006582||20260709|2|8307|1|1000|690709130108|690709130108:2:8307:1000|{066941B5-0E9E-43F3-B2B5-D33D6659089A}
500006582||20260709|20|XXX14|1|100|690709130108|690709130108:20:XXX14:100|{92CD5E62-5112-40F8-90B9-2DC2C5CD21A4}
500006582||20260709|20|XXX14|2|500|690709130108|690709130108:20:XXX14:500|{3EA77294-4E39-4363-8C77-21802C9435F0}
500006582||20260709|20|XXX14|1|80|690709130108|690709130108:20:XXX14:80|{AB30DDD3-A4F4-482A-9261-7A1B62AA8F2F}
500010562||20260709|17|55020|1|50|690709130137|690709130137:17:55020:50|{3AB597B2-B550-4650-963D-7068290FCF7E}
500010562||20260709|2|8608|2|800|690709130137|690709130137:2:8608:800|{58D1BED2-9EBF-436E-9B2F-BDCE471DEEE6}
500010562||20260709|20|XXX14|1|100|690709130137|690709130137:20:XXX14:100|{283E50A5-D282-4CCC-A79D-F6FC59966B76}
500010562||20260709|20|XXX14|2|500|690709130137|690709130137:20:XXX14:500|{446DAEF8-B4F1-4FA0-9912-AEE25D268FE5}
500010562||20260709|20|XXX14|1|80|690709130137|690709130137:20:XXX14:80|{EC2F02EC-BAA2-4E17-AE0A-6D89CBFC209C}
650085062||20260709|17|55020|1|50|690709132146|690709132146:17:55020:50|{0D214178-4191-4D05-9478-227CD2714C8E}
600083161||20260709|17|55020|1|50|690709132326|690709132326:17:55020:50|{EF5E5AAF-F7D1-42E2-92BF-0DD93C5F627C}
620085837||20260709|17|55020|1|50|690709134253|690709134253:17:55020:50|{7BB6B57C-F725-4F1A-8737-10838F275212}
620085837||20260709|17|55823|1|20|690709134253|690709134253:17:55823:20|{6098DB17-D2A0-4AB6-972C-29D89EEB0A71}
650070835||20260709|17|55020|1|50|690709134327|690709134327:17:55020:50|{7DCE1E2E-F90A-47E6-BA08-5C66F21A0324}
650070835||20260709|17|55823|1|20|690709134327|690709134327:17:55823:20|{DB4B61C3-DF57-48E1-8439-4A373A3D0560}
500039650||20260709|17|55020|1|50|690709144708|690709144708:17:55020:50|{05201B48-4649-447A-813D-AD3145DDF1E5}
500048151||20260709|17|55020|1|50|690709151536|690709151536:17:55020:50|{11B773D0-CB6D-477E-ADC4-006AF92C0086}
500010883||20260709|17|55320|1|50|690709160622|690709160622:17:55320:50|{8327C1BC-A7D1-4D8C-84C0-61A371A9AAF0}
500056764||20260709|17|55021|1|50|690709160723|690709160723:17:55021:50|{57A384E6-F1EF-490F-909C-982D7ADF306B}
500056764||20260709|20|XXX14|3|500|690709160723|690709160723:20:XXX14:500|{914A3510-32EF-41B7-9E15-90B4F2E15B47}
500056764||20260709|20|XXX14|3|60|690709160723|690709160723:20:XXX14:60|{8449449F-48EE-42F6-BEE4-7AB59EB57024}
500056764||20260709|20|XXX14|1|80|690709160723|690709160723:20:XXX14:80|{92004347-8202-48D3-A49A-1F3509BB0C43}
500003322||20260709|15|36506|1|350|690709164217|690709164217:15:36506:350|{EBBEE9F4-A02A-42DF-A30C-E299C4AB823F}
500003322||20260709|17|55021|1|50|690709164217|690709164217:17:55021:50|{F2A46876-D4DD-47AE-B350-A771D06266C5}
620086984||20260709|17|55021|1|50|690709194010|690709194010:17:55021:50|{DDC7A973-B5E6-40F4-9600-3B634AF5EB0D}
620086984||20260709|17|55822|1|20|690709194010|690709194010:17:55822:20|{DC8BBA8A-1A74-4CD5-964D-C36886EB865C}
500015753||20260710|15|32203|1|40|690710000010|690710000010:15:32203:40|{C90D7B35-5975-4F4C-B299-A6243E9F0A6A}
500015753||20260710|17|55021|1|50|690710000010|690710000010:17:55021:50|{3541A04F-1029-4A9B-94DB-223DFA430DF0}
500015753||20260710|18|52441|1|0|690710000010|690710000010:18:52441:0|{97D2CEB9-4B80-459C-A722-913C81A86946}
500015753||20260710|19|71220|1|50|690710000010|690710000010:19:71220:50|{422B0D21-BBF9-42FB-B45F-03D5C729DAE6}
500005251||20260710|11||2|0|690710000017|690710000017:11::0|{732AA81F-E9E2-4F84-B553-3F61E57EA0F5}
500005251||20260710|15|32203|1|40|690710000017|690710000017:15:32203:40|{1C0810C5-1C37-4260-8E57-1F29B41CFEFD}
500005251||20260710|15|32401|1|150|690710000017|690710000017:15:32401:150|{69DD8C89-336A-4D85-AF56-61279D269305}
500005251||20260710|17|55021|1|50|690710000017|690710000017:17:55021:50|{C8B7066D-D356-4607-8D2D-CD0D7D39C298}
500005251||20260710|18|52441|1|0|690710000017|690710000017:18:52441:0|{4A121D3C-0333-4506-B83E-B980EE3410B9}
500005251||20260710|19|71220|1|50|690710000017|690710000017:19:71220:50|{624F26FB-3C44-4023-BC35-A5CF0D37DC77}
500015442||20260710|17|55811|1|140|690710000019|690710000019:17:55811:140|{50D92E75-258B-4E5F-AB7C-2318A1C57FDF}
500012266||20260710|11||2|0|690710000025|690710000025:11::0|{E7CEA695-B4D8-4DAB-A6EE-649EC4DBC7C2}
500012266||20260710|15|30104|1|30|690710000025|690710000025:15:30104:30|{F5881B1D-9337-4AEA-9ADB-ACB701CD1C3F}
500012266||20260710|15|32103|1|40|690710000025|690710000025:15:32103:40|{B2FD7C45-6E5A-428D-B840-76C749D4E841}
500012266||20260710|15|32201|1|40|690710000025|690710000025:15:32201:40|{F192125F-3381-49B6-BD4D-E4AE3156D6C2}
500012266||20260710|15|32202|1|40|690710000025|690710000025:15:32202:40|{F6A901B6-CE7E-4E0B-A3FE-F8DD342CF3CB}
500012266||20260710|17|55021|1|50|690710000025|690710000025:17:55021:50|{9C67E25E-55D9-4CA6-BA41-90B469E09FDD}
500012266||20260710|18|52441|1|0|690710000025|690710000025:18:52441:0|{30F1C692-D3FE-468F-8403-2D83977F7799}
500006081||20260710|15|32203|1|40|690710000031|690710000031:15:32203:40|{F6207C65-06C1-41A4-9737-B1A279C5B6C5}
500006081||20260710|17|55021|1|50|690710000031|690710000031:17:55021:50|{C17AB77C-ABB5-4572-8402-D407D02B56BD}
500006081||20260710|18|52441|1|0|690710000031|690710000031:18:52441:0|{DB1B99C5-245D-4C6F-9C7E-B160BBF85997}
500027529||20260710|17|55021|1|50|690710000048|690710000048:17:55021:50|{85098F68-F73F-43BC-A8F1-E2BB5ECD0E57}
500027529||20260710|17|55811|1|140|690710000048|690710000048:17:55811:140|{C35C3A60-AA3D-4B47-8CAB-5F54308462C9}
500055810||20260710|17|55021|1|50|690710000049|690710000049:17:55021:50|{D05EB0E4-29F2-484A-A3D1-6E381E395B3C}
500055810||20260710|17|55811|1|140|690710000049|690710000049:17:55811:140|{362DAF14-54BA-44B6-B5AC-9FCDB06AE92E}
500004114||20260710|17|55021|1|50|690710000077|690710000077:17:55021:50|{C412B723-8DB4-4196-BF5D-BFB913B49925}
500004114||20260710|18|52441|1|0|690710000077|690710000077:18:52441:0|{D0DA0B0E-D587-484A-817F-3D83D4DBEE5A}
500009449||20260710|15|32004|1|200|690710000082|690710000082:15:32004:200|{582779A3-0EEF-47DB-A865-417697E61E36}
500009449||20260710|15|32203|1|40|690710000082|690710000082:15:32203:40|{4DD1BBAF-DFBA-4559-B970-2E2659936BBD}
500009449||20260710|15|32401|1|150|690710000082|690710000082:15:32401:150|{338AE0D5-7CB8-4BC8-96E6-FA80D0DF69E2}
500009449||20260710|17|55021|1|50|690710000082|690710000082:17:55021:50|{42E5AC45-9D77-4EEA-ABD2-FB28719F2534}
500009449||20260710|18|52441|1|0|690710000082|690710000082:18:52441:0|{19E9B4BE-CF5A-427C-803B-3C547C9C52D5}
500009449||20260710|19|71220|1|50|690710000082|690710000082:19:71220:50|{C16589AA-6E32-4B96-BCFF-E9AAE308AF58}
500037842||20260710|15|32203|1|40|690710000100|690710000100:15:32203:40|{2DCD3818-7C23-422D-90FC-5FBD2D21E370}
500037842||20260710|15|34116|1|270|690710000100|690710000100:15:34116:270|{71E0E1D4-F618-40F9-B74E-67BA38BAC51E}
500037842||20260710|17|55021|1|50|690710000100|690710000100:17:55021:50|{BDBC8A9F-79F8-4419-87BF-91582FAA664C}
500037842||20260710|18|52441|1|0|690710000100|690710000100:18:52441:0|{FE373B52-5085-4776-85F3-D8B6D5F9A295}
500037842||20260710|19|71220|1|50|690710000100|690710000100:19:71220:50|{5B2A9A27-70BE-47C9-B17D-CA10A1786AAB}
600082537||20260710|12|62501|1|130|690710000107|690710000107:12:62501:130|{AD2AB6E9-DEB3-49B9-8266-9E2B70982F2C}
600082537||20260710|12|64102|4|400|690710000107|690710000107:12:64102:400|{E69DAE08-63E1-4468-AE59-CE946AC92FBA}
600082537||20260710|16|41202|1|80|690710000107|690710000107:16:41202:80|{BF1316F6-CEA1-4664-869F-401D4BA8248E}
600082537||20260710|17|55020|1|50|690710000107|690710000107:17:55020:50|{93F6A21C-7A06-4583-A20B-D23BE27022D9}
500015919||20260710|17|55020|1|50|690710000124|690710000124:17:55020:50|{36EAC12F-BF07-4A7C-AD07-FFCCC255025C}
500015919||20260710|20|XXX14|2|70|690710000124|690710000124:20:XXX14:70|{8277B6C6-72D7-429B-A104-EC95AAB9D979}
500010883||20260710|17|55020|1|50|690710000125|690710000125:17:55020:50|{49204B25-D4D3-4F4A-8C8B-BB247D96B30D}
500010883||20260710|17|55320|1|50|690710000125|690710000125:17:55320:50|{18F155CB-1DF4-40E7-84F9-7322BD8208EE}
500010883||20260710|18|52441|1|0|690710000125|690710000125:18:52441:0|{2B2D7B28-86B2-4F4F-B197-4E3299539B4E}
500050945||20260710|17|55020|1|50|690710000132|690710000132:17:55020:50|{DF40D279-1D6C-4ABE-9BF3-E4EEA6190C23}
500022855||20260710|17|55020|1|50|690710000137|690710000137:17:55020:50|{A79DBD53-4823-4CAA-B4C6-B59DF8B0CA1D}
500022855||20260710|18|52441|1|0|690710000137|690710000137:18:52441:0|{DF5942F9-EEC9-4B33-ADCC-D4CC1FD39402}
500022855||20260710|19|71220|1|50|690710000137|690710000137:19:71220:50|{F86DB78B-F24D-4546-8166-E2E60AC45AB8}
500001801||20260710|13|58131|1|250|690710000139|690710000139:13:58131:250|{71DB94BF-E114-4CF2-8481-4AA8A375EEEC}
500001801||20260710|17|55020|1|50|690710000139|690710000139:17:55020:50|{0FC98BC2-A869-4EB1-AD26-265BF290453F}
500017379||20260710|17|55020|1|50|690710000149|690710000149:17:55020:50|{47C16D79-61EE-4985-8CD3-FC28E4AA09C8}
500017379||20260710|20|XXX14|3|500|690710000149|690710000149:20:XXX14:500|{2F0FCE4E-6793-4F31-A8A8-81522A583180}
500017379||20260710|20|XXX14|2|70|690710000149|690710000149:20:XXX14:70|{4A4A391B-DC9D-412A-A9CC-0FBAA8F59E2A}
500029334||20260710|17|55020|1|50|690710000156|690710000156:17:55020:50|{2DCB2AE2-D44A-4DDA-9A09-4F53793E9B3C}
500029334||20260710|17|55823|1|20|690710000156|690710000156:17:55823:20|{EE1887BC-19CC-4FFA-8617-C263682FCDF0}
500014741||20260710|17|55020|1|50|690710000158|690710000158:17:55020:50|{E30C7A04-316D-4710-8BB0-272D2E759D4D}
500014741||20260710|17|55823|1|20|690710000158|690710000158:17:55823:20|{C6CF5CBB-AF9E-4F10-B747-796F8119DA0B}
500048660||20260710|17|55020|1|50|690710000160|690710000160:17:55020:50|{A553737D-A26E-4B2E-80FA-8E9402342102}
500048660||20260710|17|55810|1|70|690710000160|690710000160:17:55810:70|{C8043897-B457-48B6-952D-6D6D43E726A4}
500005631||20260710|17|55021|1|50|690710000173|690710000173:17:55021:50|{B42D5D06-C38B-4C55-A5F4-C41954A2608A}
500005631||20260710|20|XXX14|3|500|690710000173|690710000173:20:XXX14:500|{8EF586CA-D996-42C6-ADFA-6F832B9EAB04}
500005631||20260710|20|XXX14|2|60|690710000173|690710000173:20:XXX14:60|{C4DD3551-4607-4A00-8A89-79E5BA021F84}
500005631||20260710|20|XXX14|1|80|690710000173|690710000173:20:XXX14:80|{0A95A0AE-0D44-4A65-BAC7-3400824BB68E}
500044040||20260710|17|55021|1|50|690710000175|690710000175:17:55021:50|{4B3E99E6-7EE8-4AC7-8205-9D6BE0C3E8FC}
500039195||20260710|17|55021|1|50|690710000176|690710000176:17:55021:50|{C02E5005-2A65-489B-AE21-576415C0C0BA}
500039195||20260710|20|XXX14|3|500|690710000176|690710000176:20:XXX14:500|{C8B94C26-63D2-4254-8233-5705BED5E1DA}
500039195||20260710|20|XXX14|1|70|690710000176|690710000176:20:XXX14:70|{B149CA6B-CE9F-40CB-B5C9-D03C7772D194}
500039195||20260710|20|XXX14|1|80|690710000176|690710000176:20:XXX14:80|{47622860-DA47-49FB-8AF6-321D520FBE20}
670093936||20260710|17|55021|1|50|690710000185|690710000185:17:55021:50|{05A0A12D-BC42-411F-8800-C2B48ABBBA52}
670093936||20260710|17|55811|1|140|690710000185|690710000185:17:55811:140|{421FB31C-494A-44A0-AA98-18A61D4957E7}
670093936||20260710|17|55823|1|20|690710000185|690710000185:17:55823:20|{8EE4AFC4-C290-4BD8-B426-8C483375777C}
500006386||20260710|17|55021|1|50|690710000186|690710000186:17:55021:50|{B3A15C0F-9759-4C5E-AD7F-AFBA60476609}
500054197||20260710|15|30104|1|30|690710063328|690710063328:15:30104:30|{97833033-C134-441B-AFBE-5CB5262F5EDA}
500054197||20260710|15|31004|1|10|690710063328|690710063328:15:31004:10|{F3ED1C67-A8F1-4E15-8B7F-470DFF99A5A7}
500054197||20260710|15|32004|1|200|690710063328|690710063328:15:32004:200|{93A87584-9911-431F-A3A1-8EF483EDA962}
500054197||20260710|15|32103|1|40|690710063328|690710063328:15:32103:40|{65770D7A-5CF9-413F-A4FB-750E491C0F44}
500054197||20260710|15|32201|1|40|690710063328|690710063328:15:32201:40|{C90413C5-D43B-4DFC-AC61-584D7F78A62B}
500054197||20260710|15|32202|1|40|690710063328|690710063328:15:32202:40|{34DD5658-561D-4209-8E62-978A71DC8389}
500054197||20260710|15|32203|1|40|690710063328|690710063328:15:32203:40|{28E29E2A-B64C-4DFF-9A10-1DA0D616DAD2}
500054197||20260710|15|32205|1|60|690710063328|690710063328:15:32205:60|{BE241B29-85C6-465C-A936-70EBCFAB7563}
500054197||20260710|15|34116|1|270|690710063328|690710063328:15:34116:270|{E6B428A1-2D50-406C-86D7-7FCE99917766}
500054197||20260710|17|55021|1|50|690710063328|690710063328:17:55021:50|{91D9B5AB-D481-4AC6-8BC8-C19C806882DE}
500054197||20260710|18|52441|1|0|690710063328|690710063328:18:52441:0|{C938FDE4-939A-4F6B-89C7-A1FCF172BCF4}
500036925||20260710|15|31004|1|10|690710064547|690710064547:15:31004:10|{E0B24EA2-4A28-4755-AC77-FA0BEF5F6391}
500036925||20260710|15|32004|1|200|690710064547|690710064547:15:32004:200|{A25ADAE8-B698-4A6E-A01B-4DE20330784B}
500036925||20260710|15|32103|1|40|690710064547|690710064547:15:32103:40|{CD76A177-4EB0-4AE0-8F79-D4033124F5C2}
500036925||20260710|15|32203|1|40|690710064547|690710064547:15:32203:40|{9B6F23D9-4451-4DAC-A1D0-29B2E313457A}
500036925||20260710|15|32205|1|60|690710064547|690710064547:15:32205:60|{34865C9A-04BC-4974-AA2C-FA78AE0D7BEC}
500036925||20260710|15|34116|1|270|690710064547|690710064547:15:34116:270|{DF1A6F17-E776-4F46-B155-1CF58F9CB650}
500036925||20260710|16|41003|1|250|690710064547|690710064547:16:41003:250|{BD11ABD9-0F3F-446E-8996-00EFE0122866}
500036925||20260710|17|55021|1|50|690710064547|690710064547:17:55021:50|{3C17389C-2700-41AF-87F1-10F807B7002C}
500036925||20260710|18|52441|1|0|690710064547|690710064547:18:52441:0|{B16D4598-6B2A-464E-BABD-9F19368A7B15}
500036925||20260710|19|71220|1|50|690710064547|690710064547:19:71220:50|{C21FCBD8-91EA-4361-B8C2-36CACEB81A93}
500008759||20260710|15|32608|1|170|690710072154|690710072154:15:32608:170|{415D0FF7-19E8-4805-B8F4-8DC11EFD5A64}
500008759||20260710|15|32610|1|150|690710072154|690710072154:15:32610:150|{20DE533F-1D21-44B9-9A61-7BFBE8FE1BD5}
500008759||20260710|17|55021|1|50|690710072154|690710072154:17:55021:50|{4B57B019-2B48-43B4-A1B1-210B179CEFCE}
500055427||20260710|15|32203|1|40|690710075339|690710075339:15:32203:40|{91F1388E-01C0-4AB2-A5B1-36DFB9D94B9A}
500055427||20260710|15|32401|1|150|690710075339|690710075339:15:32401:150|{EA69684D-02D6-4339-8A50-3C8424B60D5B}
500055427||20260710|17|55021|1|50|690710075339|690710075339:17:55021:50|{E2C42316-119B-4646-A1DE-14EBFD7F011E}
500053106||20260710|17|55020|1|50|690710080320|690710080320:17:55020:50|{DDB2B022-F3E6-4043-8926-59B77DDF0D40}
500005422||20260710|15|30101|1|90|690710082359|690710082359:15:30101:90|{93E6F99D-C831-4E3A-8037-4C5E99521C7F}
500005422||20260710|15|32001|1|100|690710082359|690710082359:15:32001:100|{78EFE8B8-7E18-4C7E-BD45-B541BF0951F8}
500005422||20260710|15|32201|1|40|690710082359|690710082359:15:32201:40|{A89AB0AB-7CB4-4484-8E95-A0DA67A9E51E}
500005422||20260710|15|32202|1|40|690710082359|690710082359:15:32202:40|{A8684A55-E16F-4872-99DB-DB1F7C53BA1E}
500005422||20260710|16|41003|1|250|690710082359|690710082359:16:41003:250|{49FB6C3C-EF00-436E-92AF-7DDFBC05ED96}
500005422||20260710|17|55020|1|50|690710082359|690710082359:17:55020:50|{E4298B25-261C-4FEE-A2F5-D3D20B4321E4}
500005422||20260710|18|52441|1|0|690710082359|690710082359:18:52441:0|{C3175EDF-CB44-4FB3-B907-D9BBED79334B}
500005422||20260710|9|51410|1|200|690710082359|690710082359:9:51410:200|{F81194F3-608E-4B0B-86A5-171DEA72B48A}
650089802||20260710|15|30101|1|90|690710085901|690710085901:15:30101:90|{9E2EEF1E-4C89-4420-A5D6-14D19CC42FD0}
650089802||20260710|15|30313|1|280|690710085901|690710085901:15:30313:280|{8ABCBB83-3BE3-4BB2-AB31-489EE4DDE86C}
650089802||20260710|17|55020|1|50|690710085901|690710085901:17:55020:50|{AFCF9C78-8824-4645-9591-79B7249F5956}
500055879||20260710|17|55020|1|50|690710095826|690710095826:17:55020:50|{0DAD02C1-5C22-4A2B-98DB-6ACE21856573}
640092152||20260710|17|55020|1|50|690710111003|690710111003:17:55020:50|{3F82A2FE-C17B-44B3-A648-07F97DFBEA15}
500057645||20260710|13|58130|1|250|690710111426|690710111426:13:58130:250|{05412C02-C1A6-4DDB-A812-17CC8C595734}
500057645||20260710|17|55020|1|50|690710111426|690710111426:17:55020:50|{F9A6F34F-513B-4989-8774-132B013CDD02}
500035651||20260710|17|55020|1|50|690710112052|690710112052:17:55020:50|{6624EF12-973B-440D-9ECA-54A8139ADCD6}
500035651||20260710|18|52441|1|0|690710112052|690710112052:18:52441:0|{3A38BB64-7946-4614-BF9F-E4C42A7FCAB3}
500038938||20260710|15|30101|1|90|690710132146|690710132146:15:30101:90|{2FA93A8C-8226-4B61-B397-2369471DF85E}
500038938||20260710|15|31001|1|60|690710132146|690710132146:15:31001:60|{7D1EDE77-F66F-4231-9EF7-4DBF87361AE4}
500038938||20260710|15|32001|1|100|690710132146|690710132146:15:32001:100|{20A5F19C-21C4-4365-947F-78054C8B69DA}
500038938||20260710|15|32201|1|40|690710132146|690710132146:15:32201:40|{A37492E0-2D6A-4E24-B5F5-6AAAF4080986}
500038938||20260710|15|32202|1|40|690710132146|690710132146:15:32202:40|{981CB728-AED3-4866-85E7-41D74E429B4F}
500038938||20260710|16|41003|3|250|690710132146|690710132146:16:41003:250|{B0ADFFF0-36C3-4D7B-8AA5-FB97E8A31357}
500038938||20260710|17|55020|1|50|690710132146|690710132146:17:55020:50|{FCA350E7-1F85-49C2-B8E6-EE35064A4200}
500038938||20260710|17|55820|1|100|690710132146|690710132146:17:55820:100|{B0EC3B41-ECF3-4C9E-B262-FCDDBA654193}
500038938||20260710|17|55822|2|20|690710132146|690710132146:17:55822:20|{C33A115F-21CD-44FF-8510-7744330C6471}
500038938||20260710|3|S1801|1|500|690710132146|690710132146:3:S1801:500|{349B1AB7-5ADB-40FA-9BB0-001ECF18F5F2}
500038938||20260710|3|S1802|67|4|690710132146|690710132146:3:S1802:4|{468CC65B-F55A-46E8-9704-6B5ABA9E371F}
500001529||20260710|17|55020|1|50|690710142535|690710142535:17:55020:50|{6E4362A7-0054-4EE6-A54C-931D48B86ABA}
500016669||20260710|15|30101|1|90|690710143714|690710143714:15:30101:90|{7A1BE364-9512-46E8-9A61-9EA41543F1F0}
500016669||20260710|15|32001|1|100|690710143714|690710143714:15:32001:100|{7D94A6B8-8C7A-4090-9720-ABBE53EAACF8}
500016669||20260710|15|32201|1|40|690710143714|690710143714:15:32201:40|{6F95E854-2899-4020-A984-1594813121ED}
500016669||20260710|15|32202|1|40|690710143714|690710143714:15:32202:40|{D666EAD6-EC03-40DF-B508-D6673693FE78}
500016669||20260710|15|32203|1|40|690710143714|690710143714:15:32203:40|{1F02AF21-63F3-4656-BC0C-58968D533C79}
500016669||20260710|16|41003|2|250|690710143714|690710143714:16:41003:250|{6F558CE3-43B0-45E3-AECA-48BC2697346E}
500016669||20260710|17|55020|1|50|690710143714|690710143714:17:55020:50|{9CD2A141-B673-4D0B-A43E-530E4725EFAE}
500016669||20260710|17|55811|1|140|690710143714|690710143714:17:55811:140|{CF197C10-FD76-4AB7-B895-7AB03DA1D8B2}
500016669||20260710|17|55820|1|100|690710143714|690710143714:17:55820:100|{E5405B72-E64B-411B-810F-0D79DF6DB6E2}
500016669||20260710|17|55823|1|20|690710143714|690710143714:17:55823:20|{898ABEAD-F191-4A64-A5D1-AF094270CEE0}
500016669||20260710|19|71725|1|300|690710143714|690710143714:19:71725:300|{79788615-A3CB-46C9-AA59-6629B5B5163E}
500016669||20260710|19|71771|1|750|690710143714|690710143714:19:71771:750|{10C1AE64-38CF-4B23-B2B1-60BC814E65D4}
500016669||20260710|2|8602|1|150|690710143714|690710143714:2:8602:150|{46967B71-2840-48F2-87D7-DDAD6F1217AC}
500016669||20260710|3|S1801|1|500|690710143714|690710143714:3:S1801:500|{E79A8173-8FEE-46C0-B70D-55A810D4ECA2}
500016669||20260710|3|S1802|67|4|690710143714|690710143714:3:S1802:4|{F3242223-555D-456B-BA51-06645E6205C6}
500019061||20260710|17|55020|1|50|690710145059|690710145059:17:55020:50|{049EAFFB-3212-4DC1-8D7E-78E81FD82333}
500010883||20260710|17|55320|1|50|690710150640|690710150640:17:55320:50|{3FDD8325-232C-4B8A-A8E4-F2500E8E0067}
650048046||20260710|17|55020|1|50|690710154827|690710154827:17:55020:50|{F37759EC-1C7A-46E3-88A5-03651883523E}
530067696||20260710|17|55021|1|50|690710165222|690710165222:17:55021:50|{8292DF64-1D85-4AF6-A328-9AEC2384AF42}
530067696||20260710|20|XXX14|3|500|690710165222|690710165222:20:XXX14:500|{DEF86FA8-FC4F-4D8F-B8A5-DD4BAE3E2AE4}
530067696||20260710|20|XXX14|2|70|690710165222|690710165222:20:XXX14:70|{DDB30E1E-5C71-4DEC-8ACE-F0D9D51DD544}
500015442||20260711|17|55811|1|140|690711000005|690711000005:17:55811:140|{BC89AE85-47A7-42EF-8D33-F44DA3022A3B}
550073487||20260711|15|32203|1|40|690711000009|690711000009:15:32203:40|{304E8345-CC18-4A39-8D18-80B0CCD4A23A}
550073487||20260711|17|55021|1|50|690711000009|690711000009:17:55021:50|{48595107-692D-4EA5-8507-3D2A8765BAAB}
500027529||20260711|17|55811|1|140|690711000011|690711000011:17:55811:140|{02724C20-517C-4F84-8748-3821810316C6}
500055810||20260711|17|55021|1|50|690711000012|690711000012:17:55021:50|{D7BE76EF-A369-4155-9602-A1D5DB3BB863}
500055810||20260711|17|55811|1|140|690711000012|690711000012:17:55811:140|{91667907-167C-42B6-AD01-8FA5B15F5389}
500002610||20260711|17|55020|1|50|690711000025|690711000025:17:55020:50|{7034AEAF-6971-41D1-953B-9342B0BA7960}
500002610||20260711|20|XXX14|1|100|690711000025|690711000025:20:XXX14:100|{56AF520F-67DC-4649-BA20-B57D9EC8DC0C}
500002610||20260711|20|XXX14|2|500|690711000025|690711000025:20:XXX14:500|{BDDE435A-2D4B-4063-9742-B288A5418039}
500002610||20260711|20|XXX14|1|80|690711000025|690711000025:20:XXX14:80|{A2B5734A-16DC-425F-9677-A15FA9540BE5}
500055277||20260711|11||2|0|690711000027|690711000027:11::0|{818BC2DF-AE44-4E74-8261-80C65D32B27C}
500055277||20260711|17|55020|1|50|690711000027|690711000027:17:55020:50|{928801ED-439B-43A7-8EB8-BA04E414C986}
500055277||20260711|20|XXX14|1|100|690711000027|690711000027:20:XXX14:100|{74A3BEEE-35F7-4A2F-A2A7-8A12B7651217}
500055277||20260711|20|XXX14|1|80|690711000027|690711000027:20:XXX14:80|{7F951D8A-CEE0-46F4-BCAA-EDE3D741DC60}
500004171||20260711|17|55020|1|50|690711000028|690711000028:17:55020:50|{90A88585-C91A-4C0B-A5C2-DAF31D6031E6}
500004171||20260711|20|XXX14|1|100|690711000028|690711000028:20:XXX14:100|{F4D65C3F-A5FF-493B-A977-1E05AED0E65C}
500004171||20260711|20|XXX14|1|80|690711000028|690711000028:20:XXX14:80|{8DFC1231-4B05-4F9C-97C4-F2ED5E6621E5}
500016709||20260711|17|55020|1|50|690711000031|690711000031:17:55020:50|{298307EA-08EA-40CD-A378-88EFCB33B60B}
500016709||20260711|20|XXX14|1|100|690711000031|690711000031:20:XXX14:100|{635F3153-680B-4397-9806-4EC903151862}
500016709||20260711|20|XXX14|2|500|690711000031|690711000031:20:XXX14:500|{77A57F1D-33E6-467C-B722-F223420090E1}
500016709||20260711|20|XXX14|1|80|690711000031|690711000031:20:XXX14:80|{C2BB3FC6-4C89-4365-A379-A918DDED4407}
500045227||20260711|17|55020|1|50|690711000032|690711000032:17:55020:50|{5B38081D-9DA5-4488-A0AB-1BD415965B55}
500045227||20260711|20|XXX14|1|100|690711000032|690711000032:20:XXX14:100|{45A063A5-BAC3-4C5F-B35E-F0D6C74DAA88}
500045227||20260711|20|XXX14|2|500|690711000032|690711000032:20:XXX14:500|{CBD664FF-ACC9-4E7A-A20E-995AC2AFA830}
500045227||20260711|20|XXX14|1|80|690711000032|690711000032:20:XXX14:80|{B589CF02-144D-4F28-91F9-99FDD71E5D96}
500015599||20260711|11||2|0|690711000034|690711000034:11::0|{DF2830D9-2D4A-447A-B929-D27706F5AAFD}
500015599||20260711|17|55020|1|50|690711000034|690711000034:17:55020:50|{361AD448-A1D9-4319-BABB-9D51EE64ECD3}
500015599||20260711|20|XXX14|1|100|690711000034|690711000034:20:XXX14:100|{E2215201-74C6-4930-AA8E-49FF19F03130}
500015599||20260711|20|XXX14|2|500|690711000034|690711000034:20:XXX14:500|{489560F9-ACC4-4377-836E-DD63EEC201E7}
500015599||20260711|20|XXX14|1|80|690711000034|690711000034:20:XXX14:80|{CBA13014-B385-4895-8094-DB9C35449E29}
500037852||20260711|11||2|0|690711000035|690711000035:11::0|{9CDDFC35-287F-47CF-9313-C4BC79B760E4}
500037852||20260711|17|55020|1|50|690711000035|690711000035:17:55020:50|{8E7D1E9B-85AE-4825-85CB-8E356F37873A}
500037852||20260711|20|XXX14|1|100|690711000035|690711000035:20:XXX14:100|{168CF01E-19C5-4ED5-AAC4-711111DBDE35}
500037852||20260711|20|XXX14|2|500|690711000035|690711000035:20:XXX14:500|{3025047B-D2D3-4AA6-BEA5-103766683B18}
500037852||20260711|20|XXX14|1|80|690711000035|690711000035:20:XXX14:80|{037C121E-48F3-4FB3-97C4-0971B4421CC6}
500000832||20260711|17|55020|1|50|690711000037|690711000037:17:55020:50|{216D315C-BC9B-4CA3-A3C1-6E79592998CE}
500000832||20260711|20|XXX14|1|100|690711000037|690711000037:20:XXX14:100|{0AE531FA-27C2-47A1-BD5F-34E711441AE7}
500000832||20260711|20|XXX14|2|500|690711000037|690711000037:20:XXX14:500|{7CC56A9E-D935-417B-B3B0-5DAF3A75CC98}
500000832||20260711|20|XXX14|1|80|690711000037|690711000037:20:XXX14:80|{79AAEB59-D554-4E17-8853-771C5135D7C8}
500007956||20260711|17|55020|1|50|690711000038|690711000038:17:55020:50|{A89C8176-60B0-4BA0-8A5E-97E63A078BE5}
500007956||20260711|20|XXX14|1|100|690711000038|690711000038:20:XXX14:100|{DF0B43B8-D539-4D29-994D-6CED0FA7E50B}
500007956||20260711|20|XXX14|2|500|690711000038|690711000038:20:XXX14:500|{7B3D147F-34F3-4C58-866F-1FAE5FDB2E78}
500007956||20260711|20|XXX14|1|80|690711000038|690711000038:20:XXX14:80|{7C0E3B2A-7444-49B3-BED7-57BFC768DFC0}
500010763||20260711|17|55020|1|50|690711000039|690711000039:17:55020:50|{7A7F3AC7-8648-4B71-94F2-6091242E463B}
500010763||20260711|20|XXX14|1|100|690711000039|690711000039:20:XXX14:100|{1BA7E590-EFCF-4A09-8A45-6D613985997F}
500010763||20260711|20|XXX14|2|500|690711000039|690711000039:20:XXX14:500|{436E9F1B-28C4-4581-BC7E-23E9D02A15A2}
500010763||20260711|20|XXX14|1|80|690711000039|690711000039:20:XXX14:80|{0F3C29A4-9E26-4073-AEA5-23BD15E5914F}
500023867||20260711|17|55020|1|50|690711000041|690711000041:17:55020:50|{45349FA3-C76D-468C-B867-EC039B8C3BFA}
500023867||20260711|20|XXX14|1|100|690711000041|690711000041:20:XXX14:100|{CA9DB7B5-62E7-4705-8F03-E9244CE12CE1}
500023867||20260711|20|XXX14|1|80|690711000041|690711000041:20:XXX14:80|{643D237D-8172-4795-8CAD-146B2A6BADC5}
500003100||20260711|17|55020|1|50|690711000042|690711000042:17:55020:50|{FB7B6916-818A-4A78-B410-49728ECA8F4A}
500003100||20260711|20|XXX14|1|100|690711000042|690711000042:20:XXX14:100|{7F86AFE5-4E28-4C0B-A379-F76EC9B144EE}
500003100||20260711|20|XXX14|2|500|690711000042|690711000042:20:XXX14:500|{6B6B823D-0EBD-4A44-A62A-55BAAFE2BF45}
500003100||20260711|20|XXX14|1|80|690711000042|690711000042:20:XXX14:80|{0CAD5C91-D0F2-4D79-AEE7-ADDDD1EC66C7}
630087988||20260711|17|55020|1|50|690711000043|690711000043:17:55020:50|{E6117D9B-2F64-4FE0-97C1-A8184A7F881A}
630087988||20260711|20|XXX14|1|100|690711000043|690711000043:20:XXX14:100|{0342B86C-70B9-4644-849A-5D898F27C6B0}
630087988||20260711|20|XXX14|2|500|690711000043|690711000043:20:XXX14:500|{DBEE7481-8CB5-439D-AF56-E90614711C6F}
630087988||20260711|20|XXX14|1|80|690711000043|690711000043:20:XXX14:80|{4A718853-14CC-4105-9CA5-4419320234B6}
630088715||20260711|13|58130|1|250|690711000044|690711000044:13:58130:250|{3A3C540F-0910-4DAA-A9C7-E68AA4CB2464}
630088715||20260711|17|55020|1|50|690711000044|690711000044:17:55020:50|{38DA18A1-0387-4A22-BC53-A2566EF2A458}
620087433||20260711|17|55020|1|50|690711000045|690711000045:17:55020:50|{EA58013A-FF9C-456F-867A-CBEB84C5E3A3}
620087433||20260711|20|XXX14|1|100|690711000045|690711000045:20:XXX14:100|{72B8AC0E-A201-4975-A41D-04F4B15E38DB}
620087433||20260711|20|XXX14|2|500|690711000045|690711000045:20:XXX14:500|{266941D5-F72E-4A9A-A08A-942083D1499D}
620087433||20260711|20|XXX14|1|80|690711000045|690711000045:20:XXX14:80|{13C84586-FF9A-4F7F-BDD4-36C55FC580F4}
500029861||20260711|15|30101|1|90|690711000048|690711000048:15:30101:90|{F0BA6F66-21ED-4E7F-8234-9076B61EEB8D}
500029861||20260711|15|32001|1|100|690711000048|690711000048:15:32001:100|{5F2615B3-6FE3-4276-AE41-00252D9576B3}
500029861||20260711|15|32202|1|40|690711000048|690711000048:15:32202:40|{6D177760-DB24-4E80-B12C-D318C4F6B365}
500029861||20260711|15|36506|1|350|690711000048|690711000048:15:36506:350|{78EC11B1-09C5-491C-9B94-EB1941E11573}
500029861||20260711|16|41003|1|250|690711000048|690711000048:16:41003:250|{74FCD43C-1D1D-43A2-9818-37EDC894C5AF}
500029861||20260711|17|55020|1|50|690711000048|690711000048:17:55020:50|{7194CBAA-5E90-459E-8D9D-BDD18ECC9EBE}
580078761||20260711|17|55020|1|50|690711000049|690711000049:17:55020:50|{FBF713B1-AE8A-415A-89C5-C2D22AE9DF0D}
670095263||20260711|17|55020|1|50|690711000050|690711000050:17:55020:50|{18CF5703-DA3C-4E87-B36A-F0FFE9AE36D1}
670095263||20260711|20|XXX14|1|100|690711000050|690711000050:20:XXX14:100|{EA7D0181-0DA1-4995-96D8-77E5F6326DA3}
670095263||20260711|20|XXX14|1|80|690711000050|690711000050:20:XXX14:80|{6D130A8B-9944-4FBF-9214-CB28BAAC3E74}
680095586||20260711|17|55020|1|50|690711000051|690711000051:17:55020:50|{D033E8C0-6516-49E8-B445-8FE3D05A1E43}
680095586||20260711|20|XXX14|1|100|690711000051|690711000051:20:XXX14:100|{530E0BC7-B7C0-42F1-B76E-5A47A820DABC}
680095586||20260711|20|XXX14|1|80|690711000051|690711000051:20:XXX14:80|{3F4CDC9D-9767-4EFF-BFC7-F2358E995CD3}
500007311||20260711|11||2|0|690711000060|690711000060:11::0|{B5B58A56-2A36-4EBA-ABD4-AA9687008E97}
500007311||20260711|17|55020|1|50|690711000060|690711000060:17:55020:50|{B56AC179-75F6-46C2-9135-A80010283ECB}
500007311||20260711|20|XXX14|1|100|690711000060|690711000060:20:XXX14:100|{C457DF21-650F-41D3-BDC2-D5E6352EC83E}
500007311||20260711|20|XXX14|2|500|690711000060|690711000060:20:XXX14:500|{359DB499-72A9-425A-A1B6-EB5CBE67A57F}
500007311||20260711|20|XXX14|1|80|690711000060|690711000060:20:XXX14:80|{9F48A98D-6A9B-4BFB-8601-DB4FADC64F7C}
500005717||20260711|11||2|0|690711000061|690711000061:11::0|{5BC84BBF-EE19-4A0D-B5EF-68A1F8F4D3BA}
500005717||20260711|17|55020|1|50|690711000061|690711000061:17:55020:50|{DEC1A27F-1E14-4663-BA2D-CDCE5F3462CE}
500005717||20260711|20|XXX14|1|100|690711000061|690711000061:20:XXX14:100|{86286FB9-FBB8-4DEE-8319-61627489BA15}
500005717||20260711|20|XXX14|2|500|690711000061|690711000061:20:XXX14:500|{B23EEF3F-5D44-45F4-8FB8-D8BC45888BC5}
500005717||20260711|20|XXX14|1|80|690711000061|690711000061:20:XXX14:80|{D3DDEC9F-D448-4C6F-8073-4DBED18CF825}
680095897||20260711|11||1|0|690711000062|690711000062:11::0|{12E04527-80EF-442A-AFDA-1FB0320051C8}
680095897||20260711|17|55020|1|50|690711000062|690711000062:17:55020:50|{54FE9467-F2B5-43A5-ACA0-F6C446DE36EF}
680095897||20260711|20|XXX14|1|100|690711000062|690711000062:20:XXX14:100|{11C58FAB-B195-4AB8-B25A-18E688091F64}
680095897||20260711|20|XXX14|2|500|690711000062|690711000062:20:XXX14:500|{E3EA20F9-696A-43D4-8407-793751992414}
680095897||20260711|20|XXX14|1|80|690711000062|690711000062:20:XXX14:80|{BEC217BD-8EEE-411A-B4C5-51CF86D92A88}
590081669||20260711|11||2|0|690711000063|690711000063:11::0|{FBEE73A9-E602-43BF-9050-B340C84E6010}
590081669||20260711|17|55020|1|50|690711000063|690711000063:17:55020:50|{CE1CDE18-7F90-489B-A849-CDA9F76CAA40}
590081669||20260711|20|XXX14|1|100|690711000063|690711000063:20:XXX14:100|{3A63B8BB-DAAB-4689-938E-88ABC8EFECC7}
590081669||20260711|20|XXX14|2|500|690711000063|690711000063:20:XXX14:500|{F9782591-5F6A-4ECC-84B3-F24EDC62563C}
590081669||20260711|20|XXX14|1|80|690711000063|690711000063:20:XXX14:80|{2A85DF15-6E10-4ACC-A956-567A71F51FCC}
580078861||20260711|17|55020|1|50|690711000067|690711000067:17:55020:50|{C203F128-1B58-4278-B6EB-3923DED82118}
580078861||20260711|20|XXX14|1|100|690711000067|690711000067:20:XXX14:100|{D22CBF16-DF67-433B-9B35-CC66FC51ADF6}
580078861||20260711|20|XXX14|2|500|690711000067|690711000067:20:XXX14:500|{73DBD96E-81EE-4CEE-B636-B2152A2C751E}
580078861||20260711|20|XXX14|1|80|690711000067|690711000067:20:XXX14:80|{4C48819A-D01D-466F-90C2-DE5D3DB64E80}
580078863||20260711|13|58130|1|250|690711000069|690711000069:13:58130:250|{41A78482-1B62-4C16-8B04-BC1BF3FB20FE}
580078863||20260711|17|55020|1|50|690711000069|690711000069:17:55020:50|{6FEEE2BD-AABD-4595-8CF1-41583C73AA82}
580078863||20260711|20|XXX14|1|100|690711000069|690711000069:20:XXX14:100|{56E5F86B-9793-4057-BF72-0BF7FC26F9B8}
580078863||20260711|20|XXX14|2|500|690711000069|690711000069:20:XXX14:500|{80429C4C-6A29-48EF-BEA5-D6A34173EF09}
580078863||20260711|20|XXX14|1|80|690711000069|690711000069:20:XXX14:80|{601B1609-2A6D-430E-B88B-EC6BB9949579}
500046673||20260711|17|55020|1|50|690711000071|690711000071:17:55020:50|{567A7928-0933-45DA-8DCC-25E6583BA9A5}
500046673||20260711|20|XXX14|1|100|690711000071|690711000071:20:XXX14:100|{3A66CC73-B15D-4E6D-BC01-1E701EDDE596}
500046673||20260711|20|XXX14|1|80|690711000071|690711000071:20:XXX14:80|{1C197DEB-1F19-4512-893F-FE0EEB7C2522}
500013813||20260711|17|55020|1|50|690711000072|690711000072:17:55020:50|{FF6E78E4-8F9C-4519-BFD3-F7FC41D8A372}
500013813||20260711|20|XXX14|1|100|690711000072|690711000072:20:XXX14:100|{798C0264-9A97-4A20-B8DA-500CDB79B9BB}
500013813||20260711|20|XXX14|2|500|690711000072|690711000072:20:XXX14:500|{4F42D05D-C707-4621-9BB7-CC1DD457734A}
500013813||20260711|20|XXX14|1|80|690711000072|690711000072:20:XXX14:80|{67AA4BB5-F5CC-436B-B154-A638607E88E6}
500015752||20260711|11||2|0|690711000073|690711000073:11::0|{6967A747-81BE-4138-81D6-F040D46C273C}
500015752||20260711|17|55020|1|50|690711000073|690711000073:17:55020:50|{E219D1AC-3BE7-4A69-BE7C-F3E714573793}
500015752||20260711|20|XXX14|1|100|690711000073|690711000073:20:XXX14:100|{7218FD0A-7C1F-41FB-BEA0-759E4D0586F7}
500015752||20260711|20|XXX14|2|500|690711000073|690711000073:20:XXX14:500|{E99C80CD-1562-4DB2-A45F-8BDE683B90E3}
500015752||20260711|20|XXX14|1|80|690711000073|690711000073:20:XXX14:80|{E014B398-3E02-4B41-A04B-E3E5CF2C14D6}
500016115||20260711|17|55020|1|50|690711000074|690711000074:17:55020:50|{5C53ABAF-453D-4B7C-AF84-8AB0EF8901E3}
500016115||20260711|20|XXX14|1|100|690711000074|690711000074:20:XXX14:100|{137819E9-B2DF-46EE-A597-94E64ABA157E}
500016115||20260711|20|XXX14|2|500|690711000074|690711000074:20:XXX14:500|{9CCF1559-B201-4DA7-8F7A-9827C5D564B8}
500016115||20260711|20|XXX14|1|80|690711000074|690711000074:20:XXX14:80|{E4BF9931-AC18-497B-8141-3F40F756F405}
500013115||20260711|11||2|0|690711000075|690711000075:11::0|{524C0694-B350-4D80-A166-E9A01047CE08}
500013115||20260711|17|55020|1|50|690711000075|690711000075:17:55020:50|{7ED3BD9F-C665-4876-9EF6-99C48E824AC5}
500013115||20260711|20|XXX14|1|100|690711000075|690711000075:20:XXX14:100|{86A5252A-9480-49DE-9862-89375E2F69CD}
500013115||20260711|20|XXX14|2|500|690711000075|690711000075:20:XXX14:500|{07EA9878-04B3-44A7-B08A-20AAEBC790E1}
500013115||20260711|20|XXX14|1|80|690711000075|690711000075:20:XXX14:80|{54091037-1782-442B-BB38-EF8484E3192F}
670095153||20260711|11||2|0|690711000076|690711000076:11::0|{EA45DF14-556C-4BD4-8BE5-3DAD01AD7D21}
670095153||20260711|17|55020|1|50|690711000076|690711000076:17:55020:50|{1D7AC686-9A44-4CC4-B5D3-CE5799C022B8}
670095153||20260711|20|XXX14|1|100|690711000076|690711000076:20:XXX14:100|{4D398A28-689D-4008-902B-256CE51BDD3E}
670095153||20260711|20|XXX14|2|500|690711000076|690711000076:20:XXX14:500|{9726938A-8A33-476E-ACF4-4F0CB406E7A9}
670095153||20260711|20|XXX14|1|80|690711000076|690711000076:20:XXX14:80|{7173B265-318E-417B-AD67-2754ADFB8F37}
680096176||20260711|11||2|0|690711000077|690711000077:11::0|{D66B4644-E3F5-446B-85B1-6959A3932B9E}
680096176||20260711|17|55020|1|50|690711000077|690711000077:17:55020:50|{26CD65DB-DCB2-4C3C-A626-63147ADC0A18}
680096176||20260711|20|XXX14|1|100|690711000077|690711000077:20:XXX14:100|{F2068538-A58A-45FE-8949-532B087D7DB8}
680096176||20260711|20|XXX14|2|500|690711000077|690711000077:20:XXX14:500|{96022274-7089-4DB7-9C83-FC8529057E21}
680096176||20260711|20|XXX14|1|80|690711000077|690711000077:20:XXX14:80|{B96CD46D-43FF-4129-A353-13DF3D95D664}
550073124||20260711|17|55020|1|50|690711000078|690711000078:17:55020:50|{447E36DC-351A-41F8-AB6C-23D00A2945FB}
550073124||20260711|20|XXX14|1|100|690711000078|690711000078:20:XXX14:100|{0E70703A-3D39-4585-BF6B-1C598DE55155}
550073124||20260711|20|XXX14|2|500|690711000078|690711000078:20:XXX14:500|{C2BED7BA-79EB-4556-A1A1-A89E1798EFBC}
550073124||20260711|20|XXX14|1|80|690711000078|690711000078:20:XXX14:80|{708C8480-33C7-4B61-884F-A2B767093A64}
680096259||20260711|17|55020|1|50|690711000079|690711000079:17:55020:50|{9FB733A1-5AB5-44B2-80E2-EE59FB034465}
680096259||20260711|20|XXX14|1|100|690711000079|690711000079:20:XXX14:100|{032CB676-EEDB-4086-9809-AB58982A1171}
680096259||20260711|20|XXX14|1|80|690711000079|690711000079:20:XXX14:80|{658384F0-9176-4821-921E-07325B69FA57}
680096023||20260711|17|55020|1|50|690711000092|690711000092:17:55020:50|{FC6268B9-7CEC-4907-8DDF-4807F9B95292}
680096023||20260711|20|XXX14|1|100|690711000092|690711000092:20:XXX14:100|{173CA513-5E04-4DCF-910B-318470EF9C60}
680096023||20260711|20|XXX14|2|500|690711000092|690711000092:20:XXX14:500|{88BB9981-7AE4-4E96-AF1E-C21F096CA2B5}
680096023||20260711|20|XXX14|1|80|690711000092|690711000092:20:XXX14:80|{CF2DDE24-6C09-4780-A91D-239AC933A9ED}
670094498||20260711|17|55020|1|50|690711000093|690711000093:17:55020:50|{24250876-42D3-49BA-8FC6-3A36FAB3F39E}
670094498||20260711|20|XXX14|1|100|690711000093|690711000093:20:XXX14:100|{3996F9FC-C5CA-4E02-99DD-50596FD3995A}
670094498||20260711|20|XXX14|2|500|690711000093|690711000093:20:XXX14:500|{289E473F-7982-40CF-9892-BDDC0A145205}
670094498||20260711|20|XXX14|1|80|690711000093|690711000093:20:XXX14:80|{0C35CA99-04BA-4C3A-B255-61A4804212A9}
680096022||20260711|17|55020|1|50|690711000094|690711000094:17:55020:50|{8F36FEB8-E7A1-4CD7-83F5-5001B13A374B}
680096022||20260711|20|XXX14|1|100|690711000094|690711000094:20:XXX14:100|{91E4629A-F713-4F35-A190-47B39BEE681E}
680096022||20260711|20|XXX14|2|500|690711000094|690711000094:20:XXX14:500|{25D50372-5C1D-4C12-A8C3-6AC4E1326D1B}
680096022||20260711|20|XXX14|1|80|690711000094|690711000094:20:XXX14:80|{E664A2E4-8E6D-4E66-83F9-FE6E5F4C15B5}
500048660||20260711|17|55810|1|70|690711000095|690711000095:17:55810:70|{E51BD908-9436-4D56-873C-D998A627A243}
690097673||20260711|11||2|0|690711000096|690711000096:11::0|{54450BEE-1C4E-4F46-B425-45DEA8EB73E7}
690097673||20260711|17|55020|1|50|690711000096|690711000096:17:55020:50|{8BD51FC7-7DB7-4879-886A-D4B63EE5CC61}
690097673||20260711|20|XXX14|1|100|690711000096|690711000096:20:XXX14:100|{7914358F-7F3A-4DD2-AC9C-C22092B0DB29}
690097673||20260711|20|XXX14|1|80|690711000096|690711000096:20:XXX14:80|{0D19A536-AD7F-4B3C-9C3B-22EF1964CAB2}
690097680||20260711|11||2|0|690711000097|690711000097:11::0|{1BBDA15B-6A65-466B-8222-3A29439F5824}
690097680||20260711|17|55020|1|50|690711000097|690711000097:17:55020:50|{16F5E9EB-B7FA-4D1C-A702-8E5ADBF29115}
690097680||20260711|20|XXX14|1|100|690711000097|690711000097:20:XXX14:100|{3D6279D4-7712-4DDD-BDDE-385BF777BA94}
690097680||20260711|20|XXX14|1|80|690711000097|690711000097:20:XXX14:80|{DFBB1D59-C926-4A8B-BF3B-C15E6FC688B0}
690097681||20260711|11||2|0|690711000098|690711000098:11::0|{858B9701-2060-4918-9395-BFE86E844974}
690097681||20260711|17|55020|1|50|690711000098|690711000098:17:55020:50|{58D51652-BDF9-487C-BF28-4BC80542C057}
690097681||20260711|20|XXX14|1|100|690711000098|690711000098:20:XXX14:100|{8E97279F-49D9-4F99-8D17-817FBAC0B955}
690097681||20260711|20|XXX14|1|80|690711000098|690711000098:20:XXX14:80|{42502972-D370-4A44-AE4F-7D454291E6B3}
690097602||20260711|11||2|0|690711000100|690711000100:11::0|{C07E6E40-5AFF-4A55-A5C1-F0F7088A5870}
690097602||20260711|17|55020|1|50|690711000100|690711000100:17:55020:50|{16B8FB99-159A-4C6F-94C0-6B44737CE0C1}
690097602||20260711|20|XXX14|1|100|690711000100|690711000100:20:XXX14:100|{B3FDCB80-F9AC-47A3-9154-6601356C9817}
690097602||20260711|20|XXX14|1|80|690711000100|690711000100:20:XXX14:80|{1F25B56B-25E4-4DA6-BEBF-D7A5E4A22C84}
690097601||20260711|11||2|0|690711000101|690711000101:11::0|{E2C7CDB8-BAA6-4C29-A14D-D0C84F0FA2FB}
690097601||20260711|17|55020|1|50|690711000101|690711000101:17:55020:50|{9EF567D4-19CE-4FE0-BB5D-D243D813DFFA}
690097601||20260711|20|XXX14|1|100|690711000101|690711000101:20:XXX14:100|{8EC437E5-4046-46E6-BFF4-FB30ECFEB71C}
690097601||20260711|20|XXX14|1|80|690711000101|690711000101:20:XXX14:80|{F2B223DC-E26F-46D2-81ED-2E3080157028}
690097646||20260711|11||2|0|690711000103|690711000103:11::0|{E22C705E-EDCD-49AE-896F-BFBB4A579378}
690097646||20260711|17|55020|1|50|690711000103|690711000103:17:55020:50|{00D20C0F-7877-44A8-82FD-2F8B4D22248A}
690097646||20260711|20|XXX14|1|100|690711000103|690711000103:20:XXX14:100|{5BEEFC6B-4751-4297-9765-CA78316A0254}
690097646||20260711|20|XXX14|2|500|690711000103|690711000103:20:XXX14:500|{71B18B33-1DB9-47B1-8A48-E1429C06BF8D}
690097646||20260711|20|XXX14|1|80|690711000103|690711000103:20:XXX14:80|{6ECABE86-907E-4F2B-955A-45B97781318C}
690097690||20260711|11||2|0|690711000104|690711000104:11::0|{A95CE4BC-C96A-47A5-9C37-4640BBB97DC5}
690097690||20260711|17|55020|1|50|690711000104|690711000104:17:55020:50|{28FC55E2-753B-41C8-A58A-E2BEF844A7D6}
690097690||20260711|20|XXX14|1|100|690711000104|690711000104:20:XXX14:100|{5069C2E1-4E5A-45D0-9E3A-5392BE2EEC2C}
690097690||20260711|20|XXX14|2|500|690711000104|690711000104:20:XXX14:500|{585373B7-92F0-43BE-9CF0-63801F74BD6D}
690097690||20260711|20|XXX14|1|80|690711000104|690711000104:20:XXX14:80|{2F819FDF-B4BA-4CAF-A15F-C9951CF08FC5}
500002355||20260711|17|55020|1|50|690711000105|690711000105:17:55020:50|{F9974F6D-3BD1-44DA-8F48-817F546B1394}
500002355||20260711|20|XXX14|1|100|690711000105|690711000105:20:XXX14:100|{6AD7A20D-4BBE-44ED-A42F-92AF8A730D69}
500002355||20260711|20|XXX14|1|80|690711000105|690711000105:20:XXX14:80|{72544E28-82D1-4183-A822-59D785E416F5}
660093244||20260711|17|55020|1|50|690711000106|690711000106:17:55020:50|{BEE92FCE-3972-4B70-9B3A-2EE3B97D838B}
660093244||20260711|20|XXX14|1|100|690711000106|690711000106:20:XXX14:100|{AF05EE2B-5493-446A-A928-64B2D2EA8232}
660093244||20260711|20|XXX14|1|80|690711000106|690711000106:20:XXX14:80|{13F0D4FA-6069-43B1-9841-F035DBE08561}
500006582||20260711|17|55020|1|50|690711000107|690711000107:17:55020:50|{F086A595-3C8C-49C0-B075-E97533DCCF65}
500006582||20260711|20|XXX14|1|100|690711000107|690711000107:20:XXX14:100|{5889C551-D167-4051-B6FB-37997F0924BE}
500006582||20260711|20|XXX14|2|500|690711000107|690711000107:20:XXX14:500|{DB419EEA-F24B-48A9-AE24-F78ED4D45E19}
500006582||20260711|20|XXX14|1|80|690711000107|690711000107:20:XXX14:80|{418AF81F-C398-4406-8DA7-D0ED77090125}
680096557||20260711|11||2|0|690711000108|690711000108:11::0|{E343AA24-AD7E-4C63-A280-5CFF3F0820CF}
680096557||20260711|17|55020|1|50|690711000108|690711000108:17:55020:50|{C7AE6A5A-66C5-4665-9A85-223A95FA3408}
680096557||20260711|20|XXX14|1|100|690711000108|690711000108:20:XXX14:100|{C6DD8062-34E2-4644-82BD-3B18BFB6FE06}
680096557||20260711|20|XXX14|2|500|690711000108|690711000108:20:XXX14:500|{C464EDC3-C2BE-4660-A80D-767274DB40DA}
680096557||20260711|20|XXX14|1|80|690711000108|690711000108:20:XXX14:80|{487FDBE1-3DE9-4E7E-99A9-8BB9E25D6A44}
680095973||20260711|11||2|0|690711000111|690711000111:11::0|{8F3C653B-6820-4D41-B631-F5407BF3CDE3}
680095973||20260711|17|55020|1|50|690711000111|690711000111:17:55020:50|{804D6B74-B6B7-4801-8546-02DABF61F6A4}
680095973||20260711|20|XXX14|1|100|690711000111|690711000111:20:XXX14:100|{7D9D5198-8B78-44C1-A1B7-CC0DDCC5BD1A}
680095973||20260711|20|XXX14|1|80|690711000111|690711000111:20:XXX14:80|{C1778C58-F550-4947-8AAC-A9781C160FA1}
590080823||20260711|17|55020|1|50|690711000112|690711000112:17:55020:50|{35FC2AB2-E6C5-4D68-919F-9F4B4C8F2308}
590080823||20260711|20|XXX14|1|100|690711000112|690711000112:20:XXX14:100|{A3F5B233-CFA8-4DCD-98CA-2383B20D7242}
590080823||20260711|20|XXX14|1|80|690711000112|690711000112:20:XXX14:80|{78BD7D01-673D-4CB9-A726-7238E4FFF6E2}
680096088||20260711|11||2|0|690711000113|690711000113:11::0|{B898F7F2-F547-47D2-822B-6A95B452B08C}
680096088||20260711|17|55020|1|50|690711000113|690711000113:17:55020:50|{D6781DFD-0C94-4946-A560-D25EF4BB30F2}
500004910||20260711|11||2|0|690711000114|690711000114:11::0|{FF04CDEE-F71A-4398-9938-DEBBE28AD3BF}
500004910||20260711|17|55020|1|50|690711000114|690711000114:17:55020:50|{CC7FA8F7-0044-4212-B1D3-0A6AC99F2E0B}
500004910||20260711|20|XXX14|1|100|690711000114|690711000114:20:XXX14:100|{0F7174C6-B5DE-4284-B77D-02BE4F2ADD79}
500004910||20260711|20|XXX14|1|80|690711000114|690711000114:20:XXX14:80|{48BC3B9C-AABE-4FF1-8714-8AB2BE7631CD}
500047451||20260711|17|55020|1|50|690711000115|690711000115:17:55020:50|{4BF5901F-4CD5-434F-AC44-7017853EDC60}
500047451||20260711|20|XXX14|1|100|690711000115|690711000115:20:XXX14:100|{65F82E97-4151-4572-869D-FC13B5036108}
500047451||20260711|20|XXX14|1|80|690711000115|690711000115:20:XXX14:80|{93328C43-ED1E-4CD4-8AE9-FB2BF2E9FAEC}
690097639||20260711|17|55020|1|50|690711000116|690711000116:17:55020:50|{185ED360-9884-4C5F-B8AC-72A8CCCD354F}
690097639||20260711|20|XXX14|1|100|690711000116|690711000116:20:XXX14:100|{BF604D37-2190-4EC7-AA46-1ABF8DD6ED98}
690097639||20260711|20|XXX14|1|80|690711000116|690711000116:20:XXX14:80|{C47B1AC8-A4AC-4BDF-8654-282D030B63F1}
690097637||20260711|11||2|0|690711000117|690711000117:11::0|{F2B2CB2F-F62D-4844-9C85-0AF4B045DE70}
690097637||20260711|17|55020|1|50|690711000117|690711000117:17:55020:50|{9BF2FC9C-A2A6-4D8C-85ED-B81AEE72DB19}
690097637||20260711|20|XXX14|1|100|690711000117|690711000117:20:XXX14:100|{E3F2FBCE-02D1-47EB-A6A2-4FD59B391808}
690097637||20260711|20|XXX14|1|80|690711000117|690711000117:20:XXX14:80|{72077877-221F-42A6-9AA2-2CCBBFDE96C2}
690097638||20260711|11||2|0|690711000118|690711000118:11::0|{95547001-77F2-49A0-BAEC-70F609887A1A}
690097638||20260711|17|55020|1|50|690711000118|690711000118:17:55020:50|{60392FEE-8C74-4ED5-9E7A-40FCAF46BA13}
690097638||20260711|20|XXX14|1|100|690711000118|690711000118:20:XXX14:100|{A8DF7E10-841D-464C-AD1B-1111F5FC0EBE}
690097638||20260711|20|XXX14|1|80|690711000118|690711000118:20:XXX14:80|{4B7C7E03-B2AA-4EE7-A8C4-09179A2F8522}
500010562||20260711|17|55020|1|50|690711000119|690711000119:17:55020:50|{FAAE4D05-5312-4BA9-868E-545EAF9F6C8D}
500010562||20260711|20|XXX14|1|100|690711000119|690711000119:20:XXX14:100|{F07B7BD3-C979-411A-92AF-00461E7A0286}
500010562||20260711|20|XXX14|1|80|690711000119|690711000119:20:XXX14:80|{6F2E50D4-444F-4CBE-85D9-33AEA3CF22D8}
690097643||20260711|11||2|0|690711000122|690711000122:11::0|{AF8979CA-9F37-4215-9F78-8025BD554432}
690097643||20260711|17|55020|1|50|690711000122|690711000122:17:55020:50|{A83A6136-C720-4A6C-845E-F43295D0FD22}
690097643||20260711|20|XXX14|1|100|690711000122|690711000122:20:XXX14:100|{5136B3F8-0EF5-45DC-901B-6916AE8FEAA3}
690097643||20260711|20|XXX14|1|80|690711000122|690711000122:20:XXX14:80|{711FCA1D-E0AA-4F8A-81C6-4FF108F85EF8}
690097645||20260711|17|55020|1|50|690711000123|690711000123:17:55020:50|{D5034229-26F5-440C-8DB6-477FCFCD7E43}
690097645||20260711|20|XXX14|1|100|690711000123|690711000123:20:XXX14:100|{930358FF-419F-449E-A2AE-FB8CB4986234}
690097645||20260711|20|XXX14|1|80|690711000123|690711000123:20:XXX14:80|{86C048DD-1378-414C-914D-FA04B13FFF99}
500044040||20260711|17|55020|1|50|690711000124|690711000124:17:55020:50|{EEDF9CD1-271D-4994-A357-D1D4809060A3}
500044040||20260711|20|XXX14|1|100|690711000124|690711000124:20:XXX14:100|{A629909D-642E-41CD-8F0B-8E37AFF19705}
500044040||20260711|20|XXX14|1|80|690711000124|690711000124:20:XXX14:80|{DCB55F3A-EF00-4275-8685-56BEECBCF795}
690097651||20260711|11||2|0|690711000125|690711000125:11::0|{D92BDB00-BFCD-4A33-8645-F0AFE2CAD3FF}
690097651||20260711|17|55020|1|50|690711000125|690711000125:17:55020:50|{66DDD87A-89C5-4D2A-A9C9-BAF340B149F4}
690097651||20260711|20|XXX14|1|100|690711000125|690711000125:20:XXX14:100|{A20DFDB6-D736-4844-882F-B55C67523AAF}
690097651||20260711|20|XXX14|1|80|690711000125|690711000125:20:XXX14:80|{4CA26721-48CE-43CB-B9F1-47974C18762E}
500061084||20260711|17|55020|1|50|690711000126|690711000126:17:55020:50|{51D83834-CD6C-4BAE-9287-C66A7E20E832}
500061084||20260711|20|XXX14|1|100|690711000126|690711000126:20:XXX14:100|{2DD17812-8B85-4025-8F19-4686B57FC941}
500061084||20260711|20|XXX14|1|80|690711000126|690711000126:20:XXX14:80|{5051D15B-B730-4296-919C-B5DBD4C4BE78}
690097650||20260711|11||2|0|690711000127|690711000127:11::0|{D436AC5A-19B6-4FDB-93D4-341286D0D52C}
690097650||20260711|17|55020|1|50|690711000127|690711000127:17:55020:50|{C4EB0295-EDF5-49F3-9F55-22DA4419F411}
690097650||20260711|20|XXX14|1|100|690711000127|690711000127:20:XXX14:100|{A3C5552F-21FB-49BB-B82A-418D3E4D0789}
690097650||20260711|20|XXX14|1|80|690711000127|690711000127:20:XXX14:80|{A7A749EC-BA48-40B0-894E-3E7F63350443}
690097642||20260711|11||2|0|690711000129|690711000129:11::0|{DB7883F8-2A8F-4840-8B48-A2E6B33C2925}
690097642||20260711|17|55020|1|50|690711000129|690711000129:17:55020:50|{943FF4A1-7DAC-4249-BBEB-508FCBC732E9}
690097642||20260711|20|XXX14|1|100|690711000129|690711000129:20:XXX14:100|{F9BA9CAD-778F-46C0-8768-8C92E1ACF1C5}
690097642||20260711|20|XXX14|1|80|690711000129|690711000129:20:XXX14:80|{587A6770-744F-438C-93E2-8B11A45F9102}
520066723||20260711|17|55020|1|50|690711000130|690711000130:17:55020:50|{CF2F19B3-6953-4C67-B475-EE434A54EF6F}
520066723||20260711|20|XXX14|1|100|690711000130|690711000130:20:XXX14:100|{494B4B09-5E7D-44F4-B7AC-10193375C563}
520066723||20260711|20|XXX14|1|80|690711000130|690711000130:20:XXX14:80|{908B8780-DF70-43E7-B556-D68FD5178984}
520066724||20260711|11||2|0|690711000131|690711000131:11::0|{B135AFCE-928F-4CFB-81B7-5BE68661FA76}
520066724||20260711|17|55020|1|50|690711000131|690711000131:17:55020:50|{E573D705-394D-4303-B121-D19901719597}
520066724||20260711|20|XXX14|1|100|690711000131|690711000131:20:XXX14:100|{75735085-57F9-4A32-81B5-A3612DCEA66B}
520066724||20260711|20|XXX14|1|80|690711000131|690711000131:20:XXX14:80|{C98EFE66-20E2-4B31-A41C-B376AE58C285}
670094069||20260711|11||2|0|690711000134|690711000134:11::0|{F974C475-A5AE-4EE9-9380-1C0ED0FDBDAA}
670094069||20260711|17|55020|1|50|690711000134|690711000134:17:55020:50|{143AED1C-90BF-4593-B2FF-7B3847A05ADA}
670094069||20260711|20|XXX14|1|100|690711000134|690711000134:20:XXX14:100|{3AC977A7-C40D-41CC-958F-7048D2B6AAF0}
670094069||20260711|20|XXX14|1|80|690711000134|690711000134:20:XXX14:80|{BB144571-B4A1-4429-9144-3C01D45D96BE}
670094024||20260711|17|55020|1|50|690711000135|690711000135:17:55020:50|{F6C63326-D8C5-4F51-8815-1EE0FA20AEC0}
670094024||20260711|20|XXX14|1|100|690711000135|690711000135:20:XXX14:100|{44AD113A-12B4-4A2A-9B32-FBA2E0CE95E6}
670094024||20260711|20|XXX14|1|80|690711000135|690711000135:20:XXX14:80|{9F4769EA-E352-4FB1-B798-EF6ABF4ECB17}
680095457||20260711|11||2|0|690711000136|690711000136:11::0|{D58355A6-AFFE-4588-84C6-533F6A8312A8}
680095457||20260711|17|55020|1|50|690711000136|690711000136:17:55020:50|{60E49B9C-BADB-4EFD-9C49-A26342073521}
680095457||20260711|20|XXX14|1|100|690711000136|690711000136:20:XXX14:100|{045B7C6C-75F5-401B-A35D-07F067632885}
680095457||20260711|20|XXX14|1|80|690711000136|690711000136:20:XXX14:80|{9D0CA525-50A2-473B-9F84-A135AC285EA6}
660092660||20260711|11||2|0|690711000137|690711000137:11::0|{FD340E13-D122-4501-B1E9-9538EE88C08F}
660092660||20260711|17|55020|1|50|690711000137|690711000137:17:55020:50|{208BEAC9-817B-4AB9-8AAE-F40621A01350}
660092660||20260711|20|XXX14|1|100|690711000137|690711000137:20:XXX14:100|{FA9BDFA7-2DFD-4BFF-9E21-7038EF19316B}
660092660||20260711|20|XXX14|1|80|690711000137|690711000137:20:XXX14:80|{7D98FF47-3DBC-40DE-B4B7-54EAF4EB1B6B}
680096560||20260711|17|55020|1|50|690711000138|690711000138:17:55020:50|{413A8697-5C9B-4A97-94FD-D4A6165B78AB}
680096560||20260711|20|XXX14|1|100|690711000138|690711000138:20:XXX14:100|{E59C7E3D-49A2-42AC-BBFE-6AEA7210C579}
680096560||20260711|20|XXX14|1|80|690711000138|690711000138:20:XXX14:80|{81E61DEA-20A3-4CCB-BE60-1AE17EBE37EF}
500004479||20260711|11||2|0|690711000141|690711000141:11::0|{F18B979A-60C8-4694-AB42-8BB98CB4651C}
500004479||20260711|17|55020|1|50|690711000141|690711000141:17:55020:50|{AC7514AC-91E7-4D83-858D-509623063355}
500004479||20260711|20|XXX14|1|100|690711000141|690711000141:20:XXX14:100|{A390AA18-F4CE-4801-A569-77E31F7E8F30}
500004479||20260711|20|XXX14|1|80|690711000141|690711000141:20:XXX14:80|{1EBF30A6-5468-46B9-850B-AFC9505945CD}
500010066||20260711|17|55020|1|50|690711000142|690711000142:17:55020:50|{51CE2FF0-82A2-4E91-A698-8A6C2C54DFB3}
500010066||20260711|20|XXX14|1|100|690711000142|690711000142:20:XXX14:100|{D1905885-CAE5-4A07-A82A-6AA6D13B7224}
500010066||20260711|20|XXX14|1|80|690711000142|690711000142:20:XXX14:80|{1574F70C-FDD6-4114-90A8-F8983DB3BBDB}
640090001||20260711|17|55020|1|50|690711000143|690711000143:17:55020:50|{F4AF9C97-AB1F-4D7C-AA8C-13030604BCFA}
640090001||20260711|20|XXX14|1|100|690711000143|690711000143:20:XXX14:100|{407F1D98-4612-400A-B780-D0CD1AE4B317}
640090001||20260711|20|XXX14|2|500|690711000143|690711000143:20:XXX14:500|{892E31C3-D4F9-4A1F-BC86-83B3EE90F60B}
640090001||20260711|20|XXX14|1|80|690711000143|690711000143:20:XXX14:80|{A1212D93-69F0-414E-94CB-3F312EDD5A02}
500016755||20260711|11||2|0|690711000144|690711000144:11::0|{D266FEE7-CB93-40AB-96EC-9E8B484452C9}
500016755||20260711|17|55020|1|50|690711000144|690711000144:17:55020:50|{E35742DC-033E-4ED0-88BD-FD9894A2BE8C}
500016755||20260711|20|XXX14|1|100|690711000144|690711000144:20:XXX14:100|{A87C4E45-1DDA-48FD-88C6-021F8F856976}
500016755||20260711|20|XXX14|1|80|690711000144|690711000144:20:XXX14:80|{23464F2A-1B4C-4A38-A627-01212BB02CDF}
500037788||20260711|17|55020|1|50|690711000150|690711000150:17:55020:50|{1CCC1C53-E99D-4625-850C-DD9D5B7A0389}
500037788||20260711|20|XXX14|1|100|690711000150|690711000150:20:XXX14:100|{8EEF6C4E-7D48-4DA0-9242-D138013B05AE}
500037788||20260711|20|XXX14|1|80|690711000150|690711000150:20:XXX14:80|{56677120-E097-4EBB-A19C-CBD33DADCBFB}
500003219||20260711|17|55020|1|50|690711000151|690711000151:17:55020:50|{D363D9F1-451E-4772-B943-16117D0288F4}
500003219||20260711|20|XXX14|1|100|690711000151|690711000151:20:XXX14:100|{85616D59-6F91-4DB7-A30E-AA31A0A0010C}
500003219||20260711|20|XXX14|1|80|690711000151|690711000151:20:XXX14:80|{9882565E-B78F-4B17-BB6D-B04A4607EDF4}
650066742||20260711|17|55020|1|50|690711000155|690711000155:17:55020:50|{6A59AB14-54E4-4619-9BA8-B4FB6C04A2E5}
650066742||20260711|17|55823|1|20|690711000155|690711000155:17:55823:20|{C86DCA4B-BA42-48E8-BA59-D50CADF08243}
620087262||20260711|17|55020|1|50|690711000156|690711000156:17:55020:50|{DD37D594-BFDE-4798-8FF8-BE4D3C1D434D}
620087262||20260711|17|55823|1|20|690711000156|690711000156:17:55823:20|{4BBF1427-84E5-4731-8CEC-912043E69724}
500001532||20260711|17|55020|1|50|690711000158|690711000158:17:55020:50|{F397B749-D4BE-4EFA-A850-B15738FF8505}
500001532||20260711|20|XXX14|1|100|690711000158|690711000158:20:XXX14:100|{D063E91E-9CA7-4190-BD05-608F1A75C671}
500001532||20260711|20|XXX14|1|80|690711000158|690711000158:20:XXX14:80|{EC31FB47-82FB-4E67-9DFC-07EE7D18F70E}
670094741||20260711|11||2|0|690711000159|690711000159:11::0|{B0B1486B-803B-4B4D-9EA9-7CB57F727B98}
670094741||20260711|17|55020|1|50|690711000159|690711000159:17:55020:50|{1DDD10FA-32D8-4BC8-9904-7266C2DFCE03}
670094741||20260711|20|XXX14|1|100|690711000159|690711000159:20:XXX14:100|{483B753A-D559-4FAF-8B56-FB2BD64EA998}
670094741||20260711|20|XXX14|1|80|690711000159|690711000159:20:XXX14:80|{A61F99C2-0BC2-4533-8679-673A944A0641}
500007384||20260711|11||2|0|690711000160|690711000160:11::0|{FDF6E116-4B98-4EB3-A191-989C71D8EB5F}
500007384||20260711|17|55020|1|50|690711000160|690711000160:17:55020:50|{18D4DD8A-92FA-4DB0-B16A-FE35DB1BB514}
500007384||20260711|20|XXX14|1|100|690711000160|690711000160:20:XXX14:100|{B61398BA-5694-4260-8F79-12D49CFD29B1}
500007384||20260711|20|XXX14|1|80|690711000160|690711000160:20:XXX14:80|{955824F6-A07D-46F4-B1DB-E0B49358EDD1}
690097569||20260711|11||2|0|690711000161|690711000161:11::0|{6D011897-2280-4D76-A7ED-C7A47B1E2AC6}
690097569||20260711|17|55020|1|50|690711000161|690711000161:17:55020:50|{57060EED-A47C-4C85-88F8-66D7EA6867D9}
690097569||20260711|20|XXX14|1|100|690711000161|690711000161:20:XXX14:100|{18BADD2C-1270-4367-9082-410E49158FBF}
690097569||20260711|20|XXX14|1|80|690711000161|690711000161:20:XXX14:80|{56DB9788-C6BD-44ED-920A-1606D8154483}
690097572||20260711|17|55020|1|50|690711000163|690711000163:17:55020:50|{70FCBB05-370F-47F8-B845-C9E2BA408E7A}
690097572||20260711|20|XXX14|1|100|690711000163|690711000163:20:XXX14:100|{E9BAD341-1B59-40F1-9217-926D33475FB8}
690097572||20260711|20|XXX14|1|80|690711000163|690711000163:20:XXX14:80|{D5BB0BF1-083D-4FF9-BA65-553F4D14C3B7}
540071273||20260711|17|55020|1|50|690711000165|690711000165:17:55020:50|{62F2CF79-EDC2-4C72-A864-8FAD3180AFDF}
540071273||20260711|20|XXX14|1|100|690711000165|690711000165:20:XXX14:100|{70DEA472-370E-412A-B9B4-12E87AF02123}
540071273||20260711|20|XXX14|1|80|690711000165|690711000165:20:XXX14:80|{8902EB4B-0A4B-4AC2-AF15-D18536134198}
540071274||20260711|17|55020|1|50|690711000166|690711000166:17:55020:50|{FFD5692F-11DA-453C-B4E3-20C003579B46}
540071274||20260711|20|XXX14|1|100|690711000166|690711000166:20:XXX14:100|{F54E2D73-75FC-47C4-BC65-7A3759AAAD2F}
540071274||20260711|20|XXX14|1|80|690711000166|690711000166:20:XXX14:80|{4671802F-D1EA-4D7D-B46F-7AFF8990C0C9}
550073447||20260711|17|55020|1|50|690711000169|690711000169:17:55020:50|{5E1FC1FE-82F3-4667-A5D4-BC43D2ABECE5}
550073447||20260711|20|XXX14|1|100|690711000169|690711000169:20:XXX14:100|{8E34F516-ADB5-4702-8247-99C9590294CC}
550073447||20260711|20|XXX14|1|80|690711000169|690711000169:20:XXX14:80|{D38598CD-E077-452A-96F4-4646D17DA81F}
500059655||20260711|17|55020|1|50|690711000171|690711000171:17:55020:50|{2B332E6C-218D-400A-9004-0EDB123C2D2E}
500059655||20260711|20|XXX14|1|100|690711000171|690711000171:20:XXX14:100|{D23D2F39-7B2E-41BC-988D-FFB9133D0507}
500059655||20260711|20|XXX14|1|80|690711000171|690711000171:20:XXX14:80|{E3F7E6B1-6CFF-4E14-8454-44E2F4F4C00D}
680095427||20260711|17|55020|1|50|690711000172|690711000172:17:55020:50|{547EC8A1-8E93-4163-A22F-31BD0C1CCFFE}
680095427||20260711|20|XXX14|1|100|690711000172|690711000172:20:XXX14:100|{F4C9F065-CD83-4B67-80AC-2B9EDEDDF25E}
680095427||20260711|20|XXX14|1|80|690711000172|690711000172:20:XXX14:80|{30F6D4A3-9560-4FBF-AFEC-CC7FF7D5C2E7}
500059317||20260711|11||2|0|690711000173|690711000173:11::0|{F0999882-F260-40D0-89AE-44C3E2B765C7}
500059317||20260711|17|55020|1|50|690711000173|690711000173:17:55020:50|{8818A77D-147D-4A6E-9E5E-58C74EF089C0}
500059317||20260711|20|XXX14|1|100|690711000173|690711000173:20:XXX14:100|{3FCB4A38-0035-47AA-8B43-B04E86159365}
500059317||20260711|20|XXX14|1|80|690711000173|690711000173:20:XXX14:80|{7DC06722-8388-41F0-823B-E19FD7299CE8}
680095583||20260711|17|55020|1|50|690711000175|690711000175:17:55020:50|{11884062-CA5B-466B-882C-220638B9CB9A}
680095583||20260711|20|XXX14|1|100|690711000175|690711000175:20:XXX14:100|{DB9737D4-AAC6-46D1-9037-CF01669DB1B1}
680095583||20260711|20|XXX14|1|80|690711000175|690711000175:20:XXX14:80|{E1258F72-BD5F-433A-9C79-549259F18A7B}
500004381||20260711|17|55020|1|50|690711000177|690711000177:17:55020:50|{B49E2E69-89F2-43CE-B478-5B633FFCF9CC}
500004381||20260711|17|55823|1|20|690711000177|690711000177:17:55823:20|{167CEAEE-67D1-4EBE-97C7-25C843795123}
500026881||20260711|17|55020|1|50|690711000179|690711000179:17:55020:50|{DA1DDDBA-B8C9-47F0-BD08-2446DD1B3D7A}
500026881||20260711|17|55823|1|20|690711000179|690711000179:17:55823:20|{17F561F4-0122-44EF-93C1-826E57A8FF9F}
680095947||20260711|17|55020|1|50|690711000181|690711000181:17:55020:50|{39D5C1A3-8A28-4EBD-8DE1-ABAC0D3E95E2}
680095947||20260711|20|XXX14|1|100|690711000181|690711000181:20:XXX14:100|{67E70EB1-24BC-44A3-9E2C-69903C9F1DEF}
680095947||20260711|20|XXX14|1|80|690711000181|690711000181:20:XXX14:80|{D072C77C-8129-45ED-A848-2BB4CD1141F9}
680095928||20260711|17|55020|1|50|690711000182|690711000182:17:55020:50|{8347E032-B35B-40E8-9CC8-A16F9A7EABD1}
680095928||20260711|20|XXX14|1|100|690711000182|690711000182:20:XXX14:100|{0A152097-BD5E-4616-944D-6B7418731273}
680095928||20260711|20|XXX14|1|80|690711000182|690711000182:20:XXX14:80|{BA65842C-9150-4FDB-B6DB-627CC338237E}
690097694||20260711|11||2|0|690711000183|690711000183:11::0|{3B2A014F-3706-4B43-8CDA-C773484E6613}
690097694||20260711|17|55020|1|50|690711000183|690711000183:17:55020:50|{86FB0BBE-4A50-4FF9-9CDD-2AD9E6043F03}
690097694||20260711|20|XXX14|1|100|690711000183|690711000183:20:XXX14:100|{E55AFFBC-082A-40AB-AB3F-1AA59285ADF0}
690097694||20260711|20|XXX14|1|80|690711000183|690711000183:20:XXX14:80|{3D0087CE-DA38-4CBA-87A6-264961D37735}
690097693||20260711|11||2|0|690711000184|690711000184:11::0|{BE180BEF-9DCB-4E4C-B30A-95E2F4854C50}
690097693||20260711|17|55020|1|50|690711000184|690711000184:17:55020:50|{F9232039-474A-454C-A9FE-A25B6F2C1391}
690097693||20260711|20|XXX14|1|100|690711000184|690711000184:20:XXX14:100|{1F19F53D-15A0-4666-B77B-283168218400}
690097693||20260711|20|XXX14|1|80|690711000184|690711000184:20:XXX14:80|{D2C150B5-D9D9-42A6-9F6A-E7E313106C12}
500056764||20260711|17|55020|1|50|690711000185|690711000185:17:55020:50|{989681F7-2B8A-4F8F-A4E9-2C1C8C104035}
500056764||20260711|20|XXX14|1|100|690711000185|690711000185:20:XXX14:100|{85B7B807-74CA-406F-85C2-67D7A534DA21}
500056764||20260711|20|XXX14|1|80|690711000185|690711000185:20:XXX14:80|{2ECD1DC3-270C-4456-8B15-D2B8C41CCE56}
500057645||20260711|17|55020|1|50|690711000186|690711000186:17:55020:50|{3BC68044-DD8D-4872-9334-749E1CD32C0D}
500057645||20260711|20|XXX14|1|100|690711000186|690711000186:20:XXX14:100|{8C76EF63-F07C-4267-A88B-C61609B7F37A}
500057645||20260711|20|XXX14|2|500|690711000186|690711000186:20:XXX14:500|{2607AA6C-75C6-415F-B73A-4DE6C1DB9DC7}
500057645||20260711|20|XXX14|1|80|690711000186|690711000186:20:XXX14:80|{A7BA101E-BAF8-4272-A195-3DCD9B3696F9}
640091971||20260711|17|55021|1|50|690711003255|690711003255:17:55021:50|{41A57595-19C7-46D0-BF9B-0E05F376EE69}
640091971||20260711|17|55822|1|20|690711003255|690711003255:17:55822:20|{6CF09CDA-94B9-43F0-AD91-6666280B09E8}
500016060||20260711|17|55021|1|50|690711063115|690711063115:17:55021:50|{0A3E0340-D25C-4C9C-95D4-55C6CF7D38C6}
500016060||20260711|17|55822|2|20|690711063115|690711063115:17:55822:20|{5EDA97B7-CACA-4201-B122-683DCEEBBF64}
500039650||20260711|15|30101|1|90|690711072446|690711072446:15:30101:90|{6D8DDD2A-5760-4069-986B-63E72787DBDC}
500039650||20260711|15|30304|1|100|690711072446|690711072446:15:30304:100|{E9C468A7-4B2B-490A-BEBC-10A7D8A2001F}
500039650||20260711|15|30305|1|80|690711072446|690711072446:15:30305:80|{7768795A-BC43-442F-8418-6774BDBEFCA2}
500039650||20260711|15|30306|1|310|690711072446|690711072446:15:30306:310|{8AE8DB14-4C7A-490E-8F93-ABE4AB51C888}
500039650||20260711|15|32001|1|100|690711072446|690711072446:15:32001:100|{75D31BC5-C675-4411-91D5-15C6760E7D86}
500039650||20260711|15|32106|1|50|690711072446|690711072446:15:32106:50|{F533FF76-F350-4A96-A8C8-3D8AE09F7FEB}
500039650||20260711|15|32107|1|50|690711072446|690711072446:15:32107:50|{33972B5A-310F-4932-B32D-3F073C8A24F6}
500039650||20260711|15|32109|1|50|690711072446|690711072446:15:32109:50|{A2DC3BD3-F74E-4CEC-9C42-2C2259E1ABF3}
500039650||20260711|15|32201|2|40|690711072446|690711072446:15:32201:40|{2E581157-7AED-4EF9-A0CB-3159E743BC74}
500039650||20260711|15|32202|1|40|690711072446|690711072446:15:32202:40|{113E9145-0D7B-4B7A-B687-76BEF875A0CF}
500039650||20260711|15|32203|1|40|690711072446|690711072446:15:32203:40|{250904CF-3A16-4417-AAA1-40E4D9FA9B2C}
500039650||20260711|15|32205|1|60|690711072446|690711072446:15:32205:60|{916B2621-7029-4170-B00D-9EC2EA9A214B}
500039650||20260711|15|32403|1|30|690711072446|690711072446:15:32403:30|{F15DCAC5-F17F-47E9-A233-2FD7FD121B60}
500039650||20260711|15|32613|1|210|690711072446|690711072446:15:32613:210|{E7C6E9EC-D992-486D-A779-7C0AC88845A6}
500039650||20260711|15|36317|1|150|690711072446|690711072446:15:36317:150|{ED80C2A2-2C78-4869-B966-C3B62F21D4E0}
500039650||20260711|15|36318|1|130|690711072446|690711072446:15:36318:130|{2507A879-8EF1-474C-BC6D-4C917A070E62}
500039650||20260711|15|36331|1|300|690711072446|690711072446:15:36331:300|{2CFB65AB-D37B-45E5-86CC-5E9733787DDF}
600083410||20260711|11||2|0|690711080237|690711080237:11::0|{F3E5F039-3DC4-4EF4-BDF6-7B2E0739992F}
600083410||20260711|17|55020|1|50|690711080237|690711080237:17:55020:50|{D8761F67-1C91-46CB-954A-76C5F13512D3}
600083410||20260711|20|XXX14|1|100|690711080237|690711080237:20:XXX14:100|{FFD390C1-9032-448E-9FCF-5A83BFA889EA}
600083410||20260711|20|XXX14|1|80|690711080237|690711080237:20:XXX14:80|{941D8438-38D7-4DA1-8CD7-DB5CA189BBC1}
690097636||20260711|11||2|0|690711080335|690711080335:11::0|{9E737250-037D-4F87-BC65-F44EED8C7731}
690097636||20260711|17|55020|1|50|690711080335|690711080335:17:55020:50|{7591136B-8779-4D1B-9534-461EC5BB1FC5}
690097636||20260711|20|XXX14|1|100|690711080335|690711080335:20:XXX14:100|{1F7439F1-7764-419B-817D-D0EBC8C0EBC5}
690097636||20260711|20|XXX14|1|80|690711080335|690711080335:20:XXX14:80|{DB8B6E55-84B2-42B0-9FD3-532AEDB18D2B}
600081852||20260711|15|30101|1|90|690711084101|690711084101:15:30101:90|{9A7F3CED-A562-47A4-8647-C2D7D1DA5928}
600081852||20260711|15|32001|1|100|690711084101|690711084101:15:32001:100|{DE3AF053-2E35-47DB-95D7-06F192142E74}
600081852||20260711|15|32003|1|290|690711084101|690711084101:15:32003:290|{4155F9D4-0A0C-4CC0-BD64-1E9DEE3FA4BA}
600081852||20260711|15|32004|1|200|690711084101|690711084101:15:32004:200|{2F38A138-0A3A-4277-83CB-BDBAFE2C67D8}
600081852||20260711|15|32201|1|40|690711084101|690711084101:15:32201:40|{C8705375-5438-4662-80B7-6B45BD3A8944}
600081852||20260711|15|32202|1|40|690711084101|690711084101:15:32202:40|{49792780-DEF2-41CB-833C-F403917EA4F2}
600081852||20260711|15|32203|1|40|690711084101|690711084101:15:32203:40|{8B19F333-6354-447A-B0FC-36F4033FB6AF}
600081852||20260711|16|41003|1|250|690711084101|690711084101:16:41003:250|{36455863-977F-4FA1-8BB1-38F1C13894A6}
600081852||20260711|17|55020|1|50|690711084101|690711084101:17:55020:50|{A7B06092-2EEC-4D46-92C3-16D1B3CE6363}
600081852||20260711|18|52441|1|0|690711084101|690711084101:18:52441:0|{4F51707E-68EA-4C97-BB2E-06FBE3684202}
600081852||20260711|9|51410|1|200|690711084101|690711084101:9:51410:200|{81DE5B9A-BC09-4B6A-98B2-A831D2F20498}
500032873||20260711|17|55020|1|50|690711125138|690711125138:17:55020:50|{D8B163D2-8047-4C17-A742-374A99598E62}
500032873||20260711|18|52441|1|0|690711125138|690711125138:18:52441:0|{D8B792F7-E46E-49B7-A796-8A717038ADA2}
500062022||20260711|17|55020|1|50|690711133129|690711133129:17:55020:50|{358CABD5-8E4E-4E11-A9A7-713723CE7059}
500062022||20260711|17|55823|1|20|690711133129|690711133129:17:55823:20|{B35443AC-42A2-4B6D-99DD-8AECE9724763}
500015888||20260711|17|55020|1|50|690711133207|690711133207:17:55020:50|{32EB73E8-45FC-499B-A803-ADD8C436D274}
500015888||20260711|17|55823|1|20|690711133207|690711133207:17:55823:20|{1B1A82F6-87E7-4BC4-9AAE-B52A0684861F}
520065671||20260711|17|55020|1|50|690711133231|690711133231:17:55020:50|{459C201E-7D1C-49E2-80E3-3C610A50DC72}
520065671||20260711|17|55823|1|20|690711133231|690711133231:17:55823:20|{7384DC02-3CD0-4BA3-BB61-335E2FAD2524}
500019343||20260711|17|55020|1|50|690711133337|690711133337:17:55020:50|{B367B1CB-B300-4C32-B09A-295C3BBB9855}
500019343||20260711|17|55823|1|20|690711133337|690711133337:17:55823:20|{DDD691A5-D97E-4EBF-ACEC-2D9C2DB904C5}
570078154||20260711|17|55020|1|50|690711135539|690711135539:17:55020:50|{AFA8F6E4-0AC5-44BD-B3CB-44AB1095787C}
570078154||20260711|20|XXX14|1|100|690711135539|690711135539:20:XXX14:100|{F4DCA356-C6FE-45E6-A28F-2FF747A63C72}
570078154||20260711|20|XXX14|1|80|690711135539|690711135539:20:XXX14:80|{3E025CAD-3844-4C46-B280-3D8FF8CC63F6}
590080325||20260711|17|55020|1|50|690711135617|690711135617:17:55020:50|{FCEE4311-99D0-41FB-BA91-666CB62F7BF9}
590080325||20260711|20|XXX14|1|100|690711135617|690711135617:20:XXX14:100|{163875DA-50DB-438A-A27C-1711FE4422B9}
590080325||20260711|20|XXX14|2|500|690711135617|690711135617:20:XXX14:500|{AC703FB2-A4E8-4C0C-B5A6-7F5314D80FCE}
590080325||20260711|20|XXX14|1|80|690711135617|690711135617:20:XXX14:80|{A29C44AD-E054-4887-B4B6-81F77B1E6E87}
640089177||20260711|17|55020|1|50|690711150650|690711150650:17:55020:50|{EC3D0DFC-7F3F-4D5E-9DE2-F75B7B2FEE60}
640089308||20260711|15|30101|1|90|690711164821|690711164821:15:30101:90|{DA84A46D-035C-4274-97E1-014D23B8FD8F}
640089308||20260711|17|55021|1|50|690711164821|690711164821:17:55021:50|{61A64035-4505-402C-B881-25C29E1196AF}
500015442||20260712|17|55811|1|140|690712000002|690712000002:17:55811:140|{4F0E8719-1A56-4083-A725-A2BD8DD3D67C}
500027529||20260712|17|55811|1|140|690712000006|690712000006:17:55811:140|{87281DF4-777B-4744-9957-14FE17842B01}
500055810||20260712|17|55811|1|140|690712000008|690712000008:17:55811:140|{52034C60-E123-44C0-98F7-CB366D6559D0}
500047191||20260712|17|55811|1|140|690712000011|690712000011:17:55811:140|{359B8B10-795C-4F67-B4B8-224096A3392D}
500053167||20260712|17|55021|1|50|690712000013|690712000013:17:55021:50|{E3253EB1-1843-4C96-B53A-6E0EBEDF5790}
500011392||20260712|17|55020|1|50|690712000024|690712000024:17:55020:50|{79F99C36-608D-48F6-A747-B7491DE7CFFF}
500011392||20260712|20|XXX14|3|500|690712000024|690712000024:20:XXX14:500|{F9926BCE-C78C-4B4B-96DC-2368D27391DC}
500011392||20260712|20|XXX14|2|70|690712000024|690712000024:20:XXX14:70|{B0C97817-C716-421B-B4AE-378E6E84028C}
500011392||20260712|20|XXX14|1|80|690712000024|690712000024:20:XXX14:80|{96A84BCB-F029-4D76-A045-B6BED3A43360}
500001801||20260712|13|58130|1|250|690712000029|690712000029:13:58130:250|{C73E3671-A413-4FF7-A918-840AA41FB05F}
500001801||20260712|17|55020|1|50|690712000029|690712000029:17:55020:50|{3B9E05A7-C862-4256-A9E4-7BE9AB4D448A}
500014348||20260712|13|58131|1|250|690712000037|690712000037:13:58131:250|{38513172-297A-4D88-ACC1-6501A33AA49A}
500014348||20260712|17|55020|1|50|690712000037|690712000037:17:55020:50|{C7163D99-95BE-4ED8-AFF2-0C6C6E5C9133}
500002546||20260712|17|55020|1|50|690712000042|690712000042:17:55020:50|{40C0619B-5858-4F54-94F4-5BEAC131CB44}
500002546||20260712|20|XXX14|1|100|690712000042|690712000042:20:XXX14:100|{ABFAA4C2-2BCA-42DD-AA81-11E043EF3615}
500002546||20260712|20|XXX14|3|500|690712000042|690712000042:20:XXX14:500|{45D6BB61-AB07-4634-81BD-161435499B9D}
500002546||20260712|20|XXX14|4|60|690712000042|690712000042:20:XXX14:60|{1E039F30-CEE1-468B-B4AB-95CB03DC6631}
500002546||20260712|20|XXX14|1|80|690712000042|690712000042:20:XXX14:80|{97B462F3-513E-439F-8F71-52CDABAB7CE4}
500006956||20260712|13|58131|1|250|690712000044|690712000044:13:58131:250|{CE19AF8B-5804-4B9C-A2DA-EB91EEC5716F}
500006956||20260712|17|55020|1|50|690712000044|690712000044:17:55020:50|{83F1914C-85D5-4608-9BB3-43AA9ABFF567}
650067235||20260712|17|55020|1|50|690712000049|690712000049:17:55020:50|{3FD72E4B-4AC1-406A-B2A6-88B1DE445EFC}
500007343||20260712|17|55021|1|50|690712075111|690712075111:17:55021:50|{146CFD25-ACFF-4DDD-ADBE-2BAA9A8709C8}
500050563||20260712|16|41003|1|250|690712130805|690712130805:16:41003:250|{A712EFC1-566F-4AC7-BD38-CBBDBFFED311}
500050563||20260712|17|55020|1|50|690712130805|690712130805:17:55020:50|{521BBEF4-0F90-440A-A4B8-51A6D399FFBD}
500050563||20260712|17|55822|1|20|690712130805|690712130805:17:55822:20|{DD492E3E-F3C8-4719-A469-C8D0BB06D2E7}
500050563||20260712|9|51410|1|200|690712130805|690712130805:9:51410:200|{274E3FC8-757E-41E0-8348-0F4D7909795E}
500047015||20260712|17|55020|1|50|690712131900|690712131900:17:55020:50|{4B71E828-B4F6-4057-B24D-CC25966A3B4B}
500041593||20260712|17|55020|1|50|690712133449|690712133449:17:55020:50|{3D4B2239-C2D3-4CA0-8A38-4FE961B2B101}
500012379||20260712|17|55020|1|50|690712142911|690712142911:17:55020:50|{D261D978-5FB9-427B-9309-33C05B3792DA}
500012379||20260712|17|55822|2|20|690712142911|690712142911:17:55822:20|{D345C0B1-646A-475B-BE91-2D5671BD7737}
580078808||20260712|15|36506|1|350|690712143334|690712143334:15:36506:350|{436C9424-A19A-4A94-811C-7D0136D0060D}
580078808||20260712|17|55020|1|50|690712143334|690712143334:17:55020:50|{8D4531E7-FD31-4B4A-BFE3-CCBF97D9DFDE}
500000366||20260712|17|55020|1|50|690712155017|690712155017:17:55020:50|{C903F3D0-795E-4E48-9C6B-2A8557A45B66}
500000366||20260712|17|55822|2|20|690712155017|690712155017:17:55822:20|{2BC8B8AF-A660-4724-8186-F56E304CE221}
500048506||20260712|17|55021|1|50|690712164946|690712164946:17:55021:50|{0CBF3753-AF14-463E-9A3E-294801CAF005}
500048506||20260712|17|55824|2|20|690712164946|690712164946:17:55824:20|{E2166019-DC9F-4EEE-B61F-D476265818FB}
500011634||20260713|15|32203|1|40|690713000018|690713000018:15:32203:40|{0180B035-1802-477B-846B-E4FA91CC7A68}
500011634||20260713|17|55021|1|50|690713000018|690713000018:17:55021:50|{DE421146-09F4-48B0-B4C2-55664FC3A00D}
500011634||20260713|18|52441|1|0|690713000018|690713000018:18:52441:0|{CD928171-2820-441F-9293-B586129D74C1}
500004406||20260713|17|55021|1|50|690713000024|690713000024:17:55021:50|{9F893488-B433-4361-AD07-DE7904942463}
500004406||20260713|18|52441|1|0|690713000024|690713000024:18:52441:0|{069231C6-B962-4029-84E9-DD43B1E2AA21}
500008595||20260713|17|55021|1|50|690713000025|690713000025:17:55021:50|{5D42BBCA-5C2A-4BBC-AEFB-8CA9922A79B0}
500008595||20260713|18|52441|1|0|690713000025|690713000025:18:52441:0|{032AB938-057F-4447-9ABF-5DDCACAF2397}
500011705||20260713|15|32004|1|200|690713000026|690713000026:15:32004:200|{5453C5D4-0D5B-41C0-9E84-A849C6497ABA}
500011705||20260713|17|55021|1|50|690713000026|690713000026:17:55021:50|{0372761B-6435-4365-B4F8-84B8F6AEF8B2}
500011705||20260713|18|52441|1|0|690713000026|690713000026:18:52441:0|{50E8DFFF-E937-4FC7-A680-5A501235EFAE}
500035359||20260713|15|32203|1|40|690713000027|690713000027:15:32203:40|{40B25F46-CA5D-46FE-98E1-9E6996D90DE3}
500035359||20260713|17|55021|1|50|690713000027|690713000027:17:55021:50|{D6DA8814-251B-45FD-BF3E-993CD6154CC2}
500035359||20260713|18|52441|1|0|690713000027|690713000027:18:52441:0|{633C7393-7B19-4477-9FBA-5556DFDAF46D}
500035359||20260713|19|71220|1|50|690713000027|690713000027:19:71220:50|{2DAFC0F1-9DD0-4ED1-90F4-AA74A9A5301A}
500015442||20260713|17|55811|1|140|690713000029|690713000029:17:55811:140|{72A3C476-F735-4B67-AEA8-FDB28188FCD8}
500047191||20260713|17|55811|1|140|690713000031|690713000031:17:55811:140|{F1EDCF7B-F04A-4DA6-9D85-871FAC3F24AF}
500007220||20260713|15|30104|1|30|690713000032|690713000032:15:30104:30|{464C9871-1A8B-4E34-9A6B-DBDF00F1E64C}
500007220||20260713|17|55021|1|50|690713000032|690713000032:17:55021:50|{CFE39F70-99DE-424C-91C2-BD4CDF70C5B6}
500007220||20260713|18|52441|1|0|690713000032|690713000032:18:52441:0|{B329EA62-5CD5-411E-9706-87623AFDE963}
500003995||20260713|11||10|3|690713000038|690713000038:11::3|{580CADC0-0390-4005-ADF4-0E97AE6BAD04}
500003995||20260713|15|30104|1|30|690713000038|690713000038:15:30104:30|{949567F5-E1F7-4EB0-972E-37803E50A161}
500003995||20260713|15|32001|1|100|690713000038|690713000038:15:32001:100|{77646D16-323D-4507-AFA7-923B70F87648}
500003995||20260713|15|32201|1|40|690713000038|690713000038:15:32201:40|{84029B42-9DC8-4A95-814C-627191F1E618}
500003995||20260713|15|32202|1|40|690713000038|690713000038:15:32202:40|{AA556F73-1027-411D-A357-0362B3CF33CF}
500003995||20260713|15|32203|1|40|690713000038|690713000038:15:32203:40|{CE79AA88-C287-4224-8D19-60ACD54BB023}
500003995||20260713|17|55021|1|50|690713000038|690713000038:17:55021:50|{30816672-54BF-414C-AAE8-C1CABA55E1A0}
500003995||20260713|17|55910|1|0|690713000038|690713000038:17:55910:0|{30D9D617-95B4-420B-8497-EB312933288D}
500002652||20260713|15|32201|1|40|690713000044|690713000044:15:32201:40|{7B0872C3-3CF3-4508-A1D9-B7E8D0EEAEA0}
500002652||20260713|15|32202|1|40|690713000044|690713000044:15:32202:40|{E015824F-5B9A-4F73-A2AD-B347A05BABFC}
500002652||20260713|15|32203|1|40|690713000044|690713000044:15:32203:40|{6C1153C5-5DC9-4C99-AECB-5D157FD5457B}
500002652||20260713|17|55021|1|50|690713000044|690713000044:17:55021:50|{CD8626F6-7BBD-470F-9034-0D8E0B4B2F42}
500002652||20260713|18|52441|1|0|690713000044|690713000044:18:52441:0|{4E929CDE-BDCE-4704-9C71-DDB022E32641}
500002652||20260713|19|71220|1|50|690713000044|690713000044:19:71220:50|{6DD85E44-C6C3-496A-8CE7-925EFEB08FFB}
500057349||20260713|15|32003|1|290|690713000049|690713000049:15:32003:290|{30739527-4941-4580-9A4F-5CC307945E5F}
500057349||20260713|15|32004|1|200|690713000049|690713000049:15:32004:200|{6C3BB8A5-B58B-4FD0-BAFE-61D20BD1699D}
500057349||20260713|17|55021|1|50|690713000049|690713000049:17:55021:50|{C57FF5BC-EE88-4C56-8DC0-C01BDD27E58C}
500055810||20260713|17|55811|1|140|690713000074|690713000074:17:55811:140|{40BDE2E3-9F8D-479D-8991-873092E16D6C}
500059759||20260713|15|32203|1|40|690713000076|690713000076:15:32203:40|{4B05F251-B512-4E97-AABF-A950B4E8FB83}
500059759||20260713|15|32205|1|60|690713000076|690713000076:15:32205:60|{4DE06BE8-811E-441F-86E7-9FB2BA4ECD73}
500059759||20260713|17|55021|1|50|690713000076|690713000076:17:55021:50|{E20F8487-0015-4B67-B026-5894EB9BF099}
500018802||20260713|15|32201|1|40|690713000077|690713000077:15:32201:40|{EDC81D59-7658-4EBD-B34F-390F29D98B7C}
500018802||20260713|15|32202|1|40|690713000077|690713000077:15:32202:40|{DDB189EE-E817-408E-8421-7CF44C815046}
500018802||20260713|17|55021|1|50|690713000077|690713000077:17:55021:50|{A9DEBFB6-7FA4-4CEC-A80E-509162451879}
500018802||20260713|18|52441|1|0|690713000077|690713000077:18:52441:0|{4DE23A0C-9BC6-4E2D-AB33-E7424046253B}
500030173||20260713|15|32203|1|40|690713000086|690713000086:15:32203:40|{5AC12760-4561-4C72-9BBE-8A89320A1505}
500030173||20260713|15|34116|1|270|690713000086|690713000086:15:34116:270|{E9EA41F8-B484-422F-835A-282B8E910BCE}
500030173||20260713|17|55021|1|50|690713000086|690713000086:17:55021:50|{E8257CD9-F41C-4A02-924B-BF5D3F25C5C5}
500030173||20260713|18|52441|1|0|690713000086|690713000086:18:52441:0|{69D364D7-6190-4ABC-8727-111C66DE9E18}
500014415||20260713|15|32103|1|40|690713000090|690713000090:15:32103:40|{15C17B3F-6FA2-4785-8886-C74C8271D0B2}
500014415||20260713|15|32202|1|40|690713000090|690713000090:15:32202:40|{B3882A81-AFF6-4042-A122-7D48138E43BE}
500014415||20260713|15|32203|1|40|690713000090|690713000090:15:32203:40|{767FB2E4-C8B3-4715-ADB2-D8537AD08105}
500014415||20260713|17|55021|1|50|690713000090|690713000090:17:55021:50|{8F82DC31-A2A3-48A5-B2E3-A4BDE06418FD}
500014415||20260713|18|52441|1|0|690713000090|690713000090:18:52441:0|{D8BC34FE-434F-4C75-84E1-A2B57106AB5B}
500014415||20260713|19|71220|1|50|690713000090|690713000090:19:71220:50|{5FF41273-83BC-4826-ADAE-CA80E2A9224E}
500003522||20260713|14|32203|1|40|690713000104|690713000104:14:32203:40|{541021F4-D282-4426-8BA5-5AEDBFF0ED82}
500003522||20260713|15|32201|1|40|690713000104|690713000104:15:32201:40|{1B5F8479-9515-4019-A1FE-1E438E47911F}
500003522||20260713|15|32202|1|40|690713000104|690713000104:15:32202:40|{867CF8AE-94F2-4910-86F4-1DD6B197E238}
500003522||20260713|15|32401|1|150|690713000104|690713000104:15:32401:150|{F4148BDB-19BE-4A02-A0AA-68BB23A1C571}
500003522||20260713|17|55021|1|50|690713000104|690713000104:17:55021:50|{E72AA748-8D12-4A1A-A43E-546A3EFC4D9C}
500003522||20260713|18|52441|1|0|690713000104|690713000104:18:52441:0|{5BF3A387-5A47-43F8-89A5-6F7B7DD6BFBD}
500025990||20260713|13|58130|1|250|690713000106|690713000106:13:58130:250|{AEE1784E-3BC3-4F68-BDA4-703AA090FA10}
500025990||20260713|15|32103|1|40|690713000106|690713000106:15:32103:40|{1FCEAA1F-8482-4F1F-B696-761BE1EB19D9}
500025990||20260713|15|32203|1|40|690713000106|690713000106:15:32203:40|{CEBA8FE6-B67F-4C0F-B9AA-FA8462217A9A}
500025990||20260713|15|32401|1|150|690713000106|690713000106:15:32401:150|{3A4337F4-784C-4BAC-AD7D-D91FB9D29C5E}
500025990||20260713|17|55021|1|50|690713000106|690713000106:17:55021:50|{47275987-07F6-4A25-AA53-3727FE56664A}
500025990||20260713|18|52441|1|0|690713000106|690713000106:18:52441:0|{ECA18747-58C2-4800-8AF7-53C05A5DC673}
500025990||20260713|19|71220|1|50|690713000106|690713000106:19:71220:50|{66631F7D-FC1E-4909-9305-E24EE97A44D2}
500017633||20260713|15|32103|1|40|690713000111|690713000111:15:32103:40|{3ABFADC3-5375-44C1-8588-28CEB0DE43FE}
500017633||20260713|15|32202|1|40|690713000111|690713000111:15:32202:40|{0004A215-992E-453C-BCE0-A2557782C690}
500017633||20260713|15|32203|1|40|690713000111|690713000111:15:32203:40|{F4E9152B-DC1D-4429-B4E4-27009461848B}
500017633||20260713|17|55021|1|50|690713000111|690713000111:17:55021:50|{9B1E1621-74CE-4B8E-BFC6-05FF8183B206}
500017633||20260713|18|52441|1|0|690713000111|690713000111:18:52441:0|{1FD91117-819A-476B-864A-0D6F30CD098A}
500017633||20260713|19|71220|1|50|690713000111|690713000111:19:71220:50|{2190983A-0AE8-4811-9916-F95F8F9A779C}
620087206||20260713|12|62101|1|200|690713000132|690713000132:12:62101:200|{5CF2A913-9D43-4D60-A9CA-A41DDA22A030}
620087206||20260713|17|55021|1|50|690713000132|690713000132:17:55021:50|{FA809EE5-3AF9-48C5-9127-836EBE9FF359}
500062194||20260713|15|30104|1|30|690713000138|690713000138:15:30104:30|{E054696F-DC97-4145-8F90-69839E029F57}
500062194||20260713|15|32001|1|100|690713000138|690713000138:15:32001:100|{487E855E-FD16-4DF1-8ACC-71A92EE3AFAD}
500062194||20260713|15|32201|1|40|690713000138|690713000138:15:32201:40|{0BAB13E3-3E69-4900-BDE7-66454A0EB07B}
500062194||20260713|15|32202|1|40|690713000138|690713000138:15:32202:40|{42931BBA-FB39-4C59-A4DB-DF9C4F80BF89}
500062194||20260713|15|32205|1|60|690713000138|690713000138:15:32205:60|{B8F0F240-AC3E-478B-A910-492687DE2B25}
500062194||20260713|17|55020|1|50|690713000138|690713000138:17:55020:50|{53F36475-60C6-4F20-ADA7-A601F2912594}
500000557||20260713|12|62101|2|200|690713000153|690713000153:12:62101:200|{2EF7A056-2C49-4C89-B33D-A6C5DD49966D}
500000557||20260713|12|62205|2|400|690713000153|690713000153:12:62205:400|{72BEDC3F-0832-4A6A-A0AE-2FE367994AAA}
500000557||20260713|12|XXX13|2|0|690713000153|690713000153:12:XXX13:0|{D83684B8-F3C7-4EB9-BA5C-BBE537291E27}
500000557||20260713|17|55020|1|50|690713000153|690713000153:17:55020:50|{2A19C730-0AE0-4E37-8157-CA5460322AF9}
500036501||20260713|17|55020|1|50|690713000164|690713000164:17:55020:50|{9090898A-8AE9-42FB-A47E-7CA42C5ABAD1}
500036501||20260713|18|52441|1|0|690713000164|690713000164:18:52441:0|{8E59F7BA-EB95-4374-B041-85D318B152DB}
500041275||20260713|17|55020|1|50|690713000174|690713000174:17:55020:50|{993E5B8F-9E67-4A69-838C-AB3593A4039B}
500041275||20260713|20|XXX14|2|500|690713000174|690713000174:20:XXX14:500|{7D6B06B0-DCA8-4039-BACE-20D216DE48D1}
500041275||20260713|20|XXX14|1|70|690713000174|690713000174:20:XXX14:70|{E2CCF8CC-B3D0-4A7D-AB7D-F7DA7898B8BE}
500041275||20260713|20|XXX14|1|80|690713000174|690713000174:20:XXX14:80|{6DB805ED-2D72-4CFE-93E1-DAF6043F2CE3}
500056242||20260713|13|58130|1|250|690713000178|690713000178:13:58130:250|{07B8A115-80F6-44E5-9E9B-7B060BF0807F}
500056242||20260713|17|55020|1|50|690713000178|690713000178:17:55020:50|{062A5A5D-D0CE-4910-94AC-AAF1F9CA7667}
550073214||20260713|17|55020|1|50|690713000185|690713000185:17:55020:50|{3CEC0FF0-AE13-46B1-8414-0D635F93D28A}
550073214||20260713|20|56121|1|75|690713000185|690713000185:20:56121:75|{BEA7A616-ADEB-408D-9CEE-3F48E1F9A8D2}
550073214||20260713|20|XXX14|1|100|690713000185|690713000185:20:XXX14:100|{DF46C901-FB01-4163-90D1-9ED72F03AEDB}
550073214||20260713|20|XXX14|1|80|690713000185|690713000185:20:XXX14:80|{F5ABF4C6-F3E4-4F44-B0FE-76AB935FA232}
500022120||20260713|17|55020|1|50|690713000186|690713000186:17:55020:50|{1CF48E58-6688-41F4-83BB-19D873E0AEFE}
500022120||20260713|2|8608|2|800|690713000186|690713000186:2:8608:800|{0865A044-2043-4072-A765-69D8FCA850D4}
500022120||20260713|20|XXX14|1|100|690713000186|690713000186:20:XXX14:100|{A6E8015F-AADC-4A5C-9944-F74C80261BEC}
500022120||20260713|20|XXX14|1|80|690713000186|690713000186:20:XXX14:80|{E2A9480A-A069-49E1-8447-08C7648AB5F7}
520065363||20260713|17|55020|1|50|690713000197|690713000197:17:55020:50|{C991382F-24D8-436B-BE9C-9F70EFCD54A7}
520065363||20260713|17|55823|1|20|690713000197|690713000197:17:55823:20|{C3B98F1C-3561-4F47-92F9-F524CA969B6C}
500048660||20260713|17|55020|1|50|690713000200|690713000200:17:55020:50|{39C11028-248A-45F2-AE09-1B9765E45F5A}
500048660||20260713|17|55810|1|70|690713000200|690713000200:17:55810:70|{F07CFBF2-F499-4749-AB28-772A03DFE6E2}
500003322||20260713|15|36506|1|350|690713000202|690713000202:15:36506:350|{8FFE572F-8AAD-41AA-B0F0-9F32B14227C6}
500003322||20260713|17|55020|1|50|690713000202|690713000202:17:55020:50|{3CB7C29A-AE99-4CF7-9203-82457B58EB64}
500035826||20260713|17|55020|1|50|690713000212|690713000212:17:55020:50|{3817AC6F-1D70-4E2C-84C8-B931BCFD3A29}
500035826||20260713|17|55823|1|20|690713000212|690713000212:17:55823:20|{C02E0BD6-4EC7-42FD-B5CD-FEA47E452559}
620085890||20260713|17|55020|1|50|690713000213|690713000213:17:55020:50|{EFF437DF-457E-450D-B6A2-3004AB9B29A0}
500024097||20260713|12|61101|1|170|690713000217|690713000217:12:61101:170|{FAA0F1EF-FD95-4C0B-B4F2-793197B8DF6C}
500024097||20260713|12|XXX13|2|0|690713000217|690713000217:12:XXX13:0|{39347E65-E380-4E00-A551-8A08C593F696}
500024097||20260713|17|55020|1|50|690713000217|690713000217:17:55020:50|{1A262353-4812-4955-8782-BF1B8B799EED}
500000366||20260713|12|61101|1|170|690713000218|690713000218:12:61101:170|{D5F7D04D-9775-4534-B2B3-5E8D52E6AB74}
500000366||20260713|12|XXX13|2|0|690713000218|690713000218:12:XXX13:0|{DFC4B6F6-2A42-40ED-9A39-05CE5BC00F74}
500000366||20260713|17|55020|1|50|690713000218|690713000218:17:55020:50|{05C01A9B-88C4-4B26-BFDD-D5D5ECA5C08D}
500021241||20260713|17|55020|1|50|690713000228|690713000228:17:55020:50|{DA44E804-1036-49FF-AB65-5440B4D3D043}
500021241||20260713|2|8608|2|800|690713000228|690713000228:2:8608:800|{976721BA-CA63-4D1E-946B-4A34FD2A0654}
500021241||20260713|20|XXX14|2|100|690713000228|690713000228:20:XXX14:100|{831AA6A0-B8B5-4293-B15D-F8F36A086451}
500021241||20260713|20|XXX14|3|500|690713000228|690713000228:20:XXX14:500|{0820ABFD-22C9-4BDC-9CCF-D270A3AE47DE}
500021241||20260713|20|XXX14|1|80|690713000228|690713000228:20:XXX14:80|{C533B460-DC9D-4728-9EAE-6C1F892B1B4F}
600083161||20260713|17|55020|1|50|690713000229|690713000229:17:55020:50|{34614976-E6E6-49AE-8CF0-9825BE36D35C}
520066694||20260713|17|55020|1|50|690713000231|690713000231:17:55020:50|{B455A7B8-B0BC-4166-AC92-5B7F688CB6A9}
520066694||20260713|2|8608|2|800|690713000231|690713000231:2:8608:800|{C15E90A3-223D-436E-8303-93F3D89097DF}
520066694||20260713|20|XXX14|1|100|690713000231|690713000231:20:XXX14:100|{ECB0D29B-5685-4422-8B0E-63F89CBEE293}
520066694||20260713|20|XXX14|1|80|690713000231|690713000231:20:XXX14:80|{881C873A-62CE-4098-893E-AAD1F9EB9EDA}
520066695||20260713|17|55020|1|50|690713000232|690713000232:17:55020:50|{8B18687E-62DE-4E92-A03A-D5EF2350F111}
520066695||20260713|2|8608|2|800|690713000232|690713000232:2:8608:800|{7E210D96-57A7-4430-B1DE-D6F4FFF5C603}
520066695||20260713|20|XXX14|1|100|690713000232|690713000232:20:XXX14:100|{27D7A614-956E-4E50-A3E8-F1CC872D90C3}
520066695||20260713|20|XXX14|1|80|690713000232|690713000232:20:XXX14:80|{DE63991B-9560-4D93-B0C0-788F2B90FE72}
500054442||20260713|17|55021|1|50|690713000245|690713000245:17:55021:50|{7FAD1F09-10BC-4A9D-A61D-65A0790F6F46}
500054442||20260713|20|XXX14|3|500|690713000245|690713000245:20:XXX14:500|{0393B064-7BA1-404D-A462-A139AE2A36AB}
500054442||20260713|20|XXX14|2|70|690713000245|690713000245:20:XXX14:70|{92FC9B7C-FB65-4E9D-9CB4-01AF4103A239}
500054442||20260713|20|XXX14|1|80|690713000245|690713000245:20:XXX14:80|{A27B362B-6D29-4279-85EC-449C4ABB4277}
650071524||20260713|17|55021|1|50|690713000248|690713000248:17:55021:50|{387B99E2-A285-4526-8E86-1CC00624507B}
650071524||20260713|20|XXX14|3|500|690713000248|690713000248:20:XXX14:500|{41865076-0E27-48B2-AED4-57794A5D10D9}
650071524||20260713|20|XXX14|2|70|690713000248|690713000248:20:XXX14:70|{24AC5063-D1EF-40EC-B9DD-7067721A7428}
650071524||20260713|20|XXX14|1|80|690713000248|690713000248:20:XXX14:80|{C5B3E475-4616-40B7-8F84-F85BE6176AD2}
500023798||20260713|15|32004|1|200|690713071415|690713071415:15:32004:200|{3E41495A-1ADE-4895-BDB7-395A67B9B695}
500023798||20260713|17|55021|1|50|690713071415|690713071415:17:55021:50|{4393481E-AE76-4A8A-B759-9F1402FF6200}
500003592||20260713|17|55021|1|50|690713075431|690713075431:17:55021:50|{14478C14-BA5A-4800-85B3-DC51D079A31D}
640089131||20260713|17|55020|1|50|690713080113|690713080113:17:55020:50|{8E46D647-1CC1-463B-B557-58577809B076}
500027529||20260713|17|55020|1|50|690713080950|690713080950:17:55020:50|{8B10BE8A-8437-4A6F-9035-16B8D89BF088}
500027529||20260713|17|55811|1|140|690713080950|690713080950:17:55811:140|{D036B446-055B-4EF2-8132-79C79AC13F59}
500030904||20260713|16|41003|2|250|690713081555|690713081555:16:41003:250|{EBD8C485-7030-466A-ABBB-092174F5836D}
500030904||20260713|17|55020|1|50|690713081555|690713081555:17:55020:50|{713E812C-7E93-461F-AE87-012BE4E72456}
500030904||20260713|20|XXX14|1|100|690713081555|690713081555:20:XXX14:100|{3C040CDE-20CE-4091-9C1A-2252BE195FC3}
500030904||20260713|20|XXX14|3|500|690713081555|690713081555:20:XXX14:500|{C6F3D28E-98B6-4D23-92F4-8CD777A6F4BF}
500030904||20260713|20|XXX14|2|70|690713081555|690713081555:20:XXX14:70|{411AF194-6EAE-4FA9-841C-61E3FA9BA82B}
500030904||20260713|20|XXX14|1|80|690713081555|690713081555:20:XXX14:80|{51620279-7DA7-450E-B26C-20D95F296C8F}
670093936||20260713|17|55020|1|50|690713082226|690713082226:17:55020:50|{DEC32EDD-37DE-41C8-A672-DF1BADD2F255}
670093936||20260713|17|55823|1|20|690713082226|690713082226:17:55823:20|{151AFA43-43E6-4460-9C15-E0AAD9AFD2B7}
500014407||20260713|15|32608|1|170|690713083918|690713083918:15:32608:170|{15C251C4-053E-475F-9503-EC0681A75E63}
500014407||20260713|15|32610|1|150|690713083918|690713083918:15:32610:150|{A47DEA9E-D0DA-40B8-81F6-5A216F86255D}
500014407||20260713|17|55020|1|50|690713083918|690713083918:17:55020:50|{57B6C4C5-DE02-4BC8-ADAB-9032EA9A0539}
630088525||20260713|16|41003|2|250|690713090041|690713090041:16:41003:250|{CD51E4DA-E675-41AB-8F79-DED50C5A7C66}
630088525||20260713|17|55020|1|50|690713090041|690713090041:17:55020:50|{67A03A4D-9587-4E5B-9683-D3855000622D}
500022121||20260713|17|55020|1|50|690713090849|690713090849:17:55020:50|{DEC02D2A-6A8B-4706-B90D-F32EAB61BA5B}
500006469||20260713|17|55020|1|50|690713092103|690713092103:17:55020:50|{0A3B888F-2808-4243-8C5A-BF0A84851EEF}
500040524||20260713|17|55020|1|50|690713092246|690713092246:17:55020:50|{579E055A-9F90-4DD2-A9B9-EFE5E8F65CAC}
500040524||20260713|17|55822|2|20|690713092246|690713092246:17:55822:20|{F64F5FA3-377A-42C1-911A-8E16262EC2E8}
500003226||20260713|17|55020|1|50|690713092907|690713092907:17:55020:50|{DD3A31CA-DDCC-4372-9241-34BF4874A21A}
500003226||20260713|17|55320|1|50|690713092907|690713092907:17:55320:50|{721FD474-B63A-4764-9E15-21E7FED520D7}
500003226||20260713|18|52441|1|0|690713092907|690713092907:18:52441:0|{5211F357-8E19-47F9-9BE0-C57980A8E991}
500006038||20260713|17|55020|1|50|690713103653|690713103653:17:55020:50|{ABD70E96-AAEF-4416-9BA5-0ECADBA9C96D}
520066366||20260713|17|55020|1|50|690713103721|690713103721:17:55020:50|{092D2984-C079-481E-AE02-BC5612F4A053}
500000366||20260713|17|55020|1|50|690713104742|690713104742:17:55020:50|{5AF66E05-7FB0-4137-87F6-189B2CE6EF9C}
500006073||20260713|17|55020|1|50|690713131235|690713131235:17:55020:50|{2B7F411A-1374-4E64-AC56-BE0F5703F01A}
500006073||20260713|17|55999|1|60|690713131235|690713131235:17:55999:60|{F8BD4FA9-0B6B-46C6-909A-4406D1B0BBDB}
500013790||20260713|17|55020|1|50|690713134422|690713134422:17:55020:50|{EE7C6AFB-495D-4E7E-B526-25B6670AD71C}
500013790||20260713|18|52441|1|0|690713134422|690713134422:18:52441:0|{C15E45C2-3C10-4F5B-9839-26CD7C55A9EB}
500010798||20260713|16|41003|1|250|690713142701|690713142701:16:41003:250|{8948F7DB-6DAC-4A2F-A6BD-EB5C7719CE40}
500010798||20260713|17|55020|1|50|690713142701|690713142701:17:55020:50|{90B2E67B-394A-4E52-B47F-B27B6B3BF9B5}
500041337||20260713|16|41003|2|250|690713143503|690713143503:16:41003:250|{9EBEEEB9-E6DD-4666-AB27-9862F5910413}
500041337||20260713|17|55020|1|50|690713143503|690713143503:17:55020:50|{E60EB96E-70A2-4679-A177-1FE4700B2354}
670094448||20260713|13|58130|1|250|690713150122|690713150122:13:58130:250|{70592711-6D6C-4054-BA23-5494AE641C4D}
670094448||20260713|17|55020|1|50|690713150122|690713150122:17:55020:50|{78BE2330-EEF3-4904-9B97-DCD6E7878425}
500042508||20260713|17|55020|1|50|690713150557|690713150557:17:55020:50|{6968490C-3B6F-4E9D-8F1E-52E877309176}
500042508||20260713|17|55823|1|20|690713150557|690713150557:17:55823:20|{B00EBADD-43E9-4564-8F34-81A88407000F}
500017526||20260713|17|55020|1|50|690713150823|690713150823:17:55020:50|{1936DF16-26BC-41AD-9426-FE462FB3D19C}
500017526||20260713|17|55611|1|90|690713150823|690713150823:17:55611:90|{1F160713-BC36-4476-B647-BA090ED881A7}
540071883||20260713|13|58130|1|250|690713160349|690713160349:13:58130:250|{F1FF3B2F-9323-42D4-AC5D-94CA2EF321A8}
540071883||20260713|17|55021|1|50|690713160349|690713160349:17:55021:50|{51E0BE6B-1254-471F-9CD3-32CE7C8C92A1}
500003226||20260713|17|55021|1|50|690713171802|690713171802:17:55021:50|{BD5A4C9D-7D91-422C-B3F0-ADA99EDF748C}
500030941||20260713|16|41003|2|250|690713172750|690713172750:16:41003:250|{E6B0C39A-D3A7-4954-BC0E-B003F547B9A0}
500030941||20260713|17|55021|1|50|690713172750|690713172750:17:55021:50|{DA73F4E4-4753-413B-B941-B41C2955572D}
500030941||20260713|17|55822|2|20|690713172750|690713172750:17:55822:20|{E24F0222-D20A-4354-A264-DDC3682F5CC0}
500030919||20260713|16|41003|2|250|690713193005|690713193005:16:41003:250|{A05D4FD8-16FA-47B5-8D69-E831E509F8F3}
500030919||20260713|17|55021|1|50|690713193005|690713193005:17:55021:50|{784F8F3F-4337-448A-89B8-E3487721F102}
500030919||20260713|18|52441|1|0|690713193005|690713193005:18:52441:0|{470927C5-0E6A-4368-AA46-1339AFB45C3B}
500016060||20260713|17|55021|1|50|690713205404|690713205404:17:55021:50|{9946BD6B-3AFA-4792-8A68-B738B2B8E992}
500016060||20260713|17|55822|1|20|690713205404|690713205404:17:55822:20|{EC49F4BF-E22F-4B2A-AB8D-C65740CB849D}
500004899||20260713|17|55021|1|50|690713211147|690713211147:17:55021:50|{A5F3CDEE-F72E-4C20-821D-85CEE88DA3FC}
500004899||20260713|17|55510|1|70|690713211147|690713211147:17:55510:70|{1E92B89B-52C8-456C-AB0A-BC7317304BB3}
500004899||20260713|18|52441|1|0|690713211147|690713211147:18:52441:0|{BA09CD7B-D051-4654-B332-17704A90E01D}
500004899||20260713|19|71260|1|120|690713211147|690713211147:19:71260:120|{88DB22AF-8C71-493B-AF6E-26755C260962}
500001529||20260713|17|55021|1|50|690713225224|690713225224:17:55021:50|{F5853E0B-E3AD-49CD-8A90-EFA3E9AA1B37}
500001529||20260713|17|55824|2|20|690713225224|690713225224:17:55824:20|{C3919FE4-1411-4502-AB8A-5F880EC6C991}
500001145||20260714|15|32203|1|40|690714000005|690714000005:15:32203:40|{4D42BAD9-62DD-4D5F-8979-4467A83E4807}
500001145||20260714|17|55021|1|50|690714000005|690714000005:17:55021:50|{F7F7B6CA-C4F9-4B3D-8D4E-4179963CF4D7}
500001145||20260714|18|52441|1|0|690714000005|690714000005:18:52441:0|{D4749DF5-B44D-4F5F-B541-FB5F79224037}
500026352||20260714|15|32203|1|40|690714000008|690714000008:15:32203:40|{FD7171CC-1155-4F46-BCCA-459E6BF7B366}
500026352||20260714|17|55021|1|50|690714000008|690714000008:17:55021:50|{0762CEFE-D2A2-4D8D-BE1B-C9B8F8DA7D07}
500026352||20260714|18|52441|1|0|690714000008|690714000008:18:52441:0|{BE43774D-BD5B-4FC1-A27E-FC0DFDD95183}
500003974||20260714|11||0|3|690714000020|690714000020:11::3|{02BCBD4A-CCD0-41AC-9B88-4871EA261526}
500003974||20260714|15|32203|1|40|690714000020|690714000020:15:32203:40|{20CDC9A4-C327-4A79-ABCC-A81D11027AB7}
500003974||20260714|15|32401|1|150|690714000020|690714000020:15:32401:150|{4154AA11-B158-4824-8B81-F8B43016AF51}
500003974||20260714|17|55021|1|50|690714000020|690714000020:17:55021:50|{05397DF0-B2E8-4F30-B0CD-AC45BA9E9AA6}
500003974||20260714|18|52441|1|0|690714000020|690714000020:18:52441:0|{88CDD37B-4FDD-4131-A896-CA728FF37B0D}
500003974||20260714|19|71220|1|50|690714000020|690714000020:19:71220:50|{E55728EE-BDB4-400B-B6A3-3C0972160F4C}
500047191||20260714|17|55811|1|140|690714000034|690714000034:17:55811:140|{87D3CD9A-4A52-471C-8421-31B5ECCA96F8}
500011306||20260714|17|55021|1|50|690714000044|690714000044:17:55021:50|{8C3F53A8-C500-4017-83CA-495C6EB3A932}
500011306||20260714|18|52441|1|0|690714000044|690714000044:18:52441:0|{548DFF31-3A20-4F60-9408-75A2F098C0CE}
500008903||20260714|11||2|0|690714000072|690714000072:11::0|{FD8397D9-04C3-4AD3-BFE1-C357BF7986EA}
500008903||20260714|15|32203|1|40|690714000072|690714000072:15:32203:40|{B87483B5-0FEB-4F81-984C-BA39B159C732}
500008903||20260714|17|55021|1|50|690714000072|690714000072:17:55021:50|{0CA0B2C3-7CA9-4314-8110-8A89E6E0FCAE}
500008903||20260714|18|52441|1|0|690714000072|690714000072:18:52441:0|{FB1ECD49-3AC9-4CA3-ABD5-F4EFB56D5CFC}
500008903||20260714|19|71220|1|50|690714000072|690714000072:19:71220:50|{87A3BA8F-FB43-46A9-B2F4-A1FFB613072C}
500021447||20260714|15|32004|1|200|690714000096|690714000096:15:32004:200|{8CAAE224-2279-4B65-9CF7-744533FA4CD7}
500021447||20260714|15|32103|1|40|690714000096|690714000096:15:32103:40|{2FD385B1-C59E-4075-9964-498E336E1652}
500021447||20260714|15|32203|1|40|690714000096|690714000096:15:32203:40|{E102EFFC-4E81-423D-8789-ADE14D52D066}
500021447||20260714|15|32205|1|60|690714000096|690714000096:15:32205:60|{132D39F7-70CF-4653-A107-BBE8C4171CE2}
500021447||20260714|17|55021|1|50|690714000096|690714000096:17:55021:50|{B23BDEB1-7538-440F-8398-4120B1144F82}
500021447||20260714|18|52441|1|0|690714000096|690714000096:18:52441:0|{42FA2701-1BB3-4B5B-983B-A0374C5FD239}
500021447||20260714|19|71220|1|50|690714000096|690714000096:19:71220:50|{43642708-0370-4791-983F-D3ED2A5E6B96}
510064144||20260714|12|62101|1|200|690714000111|690714000111:12:62101:200|{88808914-A8FD-4296-AF74-2DAA119A7E20}
510064144||20260714|12|XXX13|2|0|690714000111|690714000111:12:XXX13:0|{D6F45CC5-A9E8-497E-B706-22D76A8A06A7}
510064144||20260714|17|55021|1|50|690714000111|690714000111:17:55021:50|{F5682D55-79C1-457E-AB8D-861B09C0BDCB}
510064144||20260714|20|XXX14|2|500|690714000111|690714000111:20:XXX14:500|{5831CC18-76C7-43DD-B0C2-CA1C2D816CC3}
510064144||20260714|20|XXX14|1|60|690714000111|690714000111:20:XXX14:60|{82D438D9-B02B-474F-9F79-AF3A1F3F278F}
510064144||20260714|20|XXX14|1|70|690714000111|690714000111:20:XXX14:70|{6D1F4470-709A-40EF-9DC8-EEF522762A17}
510064144||20260714|20|XXX14|1|80|690714000111|690714000111:20:XXX14:80|{0E19111A-D612-434F-85E3-D1A7ED48ABAC}
500022774||20260714|15|31001|1|60|690714000113|690714000113:15:31001:60|{6831FD40-9150-4269-95CA-9216F2658A9B}
500022774||20260714|15|32004|1|200|690714000113|690714000113:15:32004:200|{2B076A33-8858-4827-9BC2-0172422F9DE6}
500022774||20260714|15|32203|1|40|690714000113|690714000113:15:32203:40|{40BB3854-FF32-48E3-A525-0621C959B840}
500022774||20260714|17|55021|1|50|690714000113|690714000113:17:55021:50|{F40001A9-66BD-4C34-94F2-13A92A2C2466}
500013535||20260714|11||2|0|690714000137|690714000137:11::0|{D5CE9243-E01B-45A3-818F-F0F149655E6B}
500013535||20260714|15|32004|1|200|690714000137|690714000137:15:32004:200|{BDFD8B6E-653D-4793-B8D1-DCD2EE0F5025}
500013535||20260714|15|32103|1|40|690714000137|690714000137:15:32103:40|{2A6351EF-FEE3-4E7E-B563-5129C73F29D1}
500013535||20260714|17|55020|1|50|690714000137|690714000137:17:55020:50|{C02C1849-A206-4B4B-88D2-C3C5C52B0F3F}
500013535||20260714|18|52441|1|0|690714000137|690714000137:18:52441:0|{2B1A97A3-98D0-48D3-9D54-4C66D22C067D}
500013535||20260714|20|XXX14|3|500|690714000137|690714000137:20:XXX14:500|{05CDE0D7-C64A-48B5-BF68-E521D7D93E61}
500013535||20260714|20|XXX14|1|60|690714000137|690714000137:20:XXX14:60|{FFA7F362-24F5-4402-965B-C7A6CE456EA9}
500013535||20260714|20|XXX14|1|70|690714000137|690714000137:20:XXX14:70|{481CFC09-87B1-4A6C-96A8-8DEA0A23967A}
650056657||20260714|17|55020|1|50|690714000141|690714000141:17:55020:50|{D47770C4-A02E-4F77-9EE6-5297C87BBD8A}
500054197||20260714|17|55020|1|50|690714000143|690714000143:17:55020:50|{D412CD6E-722E-4DFB-8436-EB9FEDC21ADB}
500054197||20260714|18|52441|1|0|690714000143|690714000143:18:52441:0|{CF94584D-C65B-4736-A556-D8AC65501A71}
660092965||20260714|17|55020|1|50|690714000177|690714000177:17:55020:50|{FB213920-3086-4DAF-81EC-CA8B33CEEAE9}
660092965||20260714|18|52441|1|0|690714000177|690714000177:18:52441:0|{6DA6907B-0D75-4280-96C9-129EFE6D1E8D}
500027988||20260714|15|30101|1|90|690714000181|690714000181:15:30101:90|{483FD06C-3014-44CB-96A3-A55708B256B8}
500027988||20260714|15|32001|1|100|690714000181|690714000181:15:32001:100|{3126F409-9ED5-4AA0-865C-AAA0E4900CFD}
500027988||20260714|15|32201|1|40|690714000181|690714000181:15:32201:40|{C69E60EF-0249-45A6-8336-2E741DBB908F}
500027988||20260714|15|32202|1|40|690714000181|690714000181:15:32202:40|{9829BB3B-18D2-422B-8991-7DD4B26F5C6C}
500027988||20260714|15|32205|1|60|690714000181|690714000181:15:32205:60|{41FF2014-3234-427E-9277-E459C5624049}
500027988||20260714|17|55020|1|50|690714000181|690714000181:17:55020:50|{C781E85E-B85A-4A5C-A732-A842AC76DAA0}
500017571||20260714|15|30101|1|90|690714000182|690714000182:15:30101:90|{21FF66DD-4A9A-424E-B718-04BA5878D95B}
500017571||20260714|15|32001|1|100|690714000182|690714000182:15:32001:100|{1A8BE709-8174-487B-A0D9-580598193EEA}
500017571||20260714|15|32003|1|290|690714000182|690714000182:15:32003:290|{1D5719DA-9E51-41B8-A8FD-DA89D07E10AD}
500017571||20260714|15|32201|1|40|690714000182|690714000182:15:32201:40|{B9AA1213-856A-46A5-8F83-C5E9BEA11538}
500017571||20260714|15|32202|1|40|690714000182|690714000182:15:32202:40|{56443BEE-D0BE-4960-9845-C95EBCDE3D49}
500017571||20260714|15|32205|1|60|690714000182|690714000182:15:32205:60|{3CC1F995-8F7F-4877-AD82-6569A1810D59}
500017571||20260714|17|55020|1|50|690714000182|690714000182:17:55020:50|{07415A6D-8462-4788-8CA3-D2C4B7588BFF}
640090464||20260714|17|55020|1|50|690714000197|690714000197:17:55020:50|{6CC06569-8448-412D-9E52-39A4A3F9961C}
640090464||20260714|20|XXX14|3|500|690714000197|690714000197:20:XXX14:500|{0703F09F-0E83-4613-9327-DF18784BF8C8}
640090464||20260714|20|XXX14|2|70|690714000197|690714000197:20:XXX14:70|{D2B72C5F-21DD-4E6C-824A-AD1D24083154}
500001057||20260714|16|41202|1|80|690714000200|690714000200:16:41202:80|{1B841D0C-B9CF-4F65-8733-269D7B264DA6}
500001057||20260714|17|55020|1|50|690714000200|690714000200:17:55020:50|{155BA6C4-6523-438D-8E0E-AF44B4EB8ACB}
500009939||20260714|17|55020|1|50|690714000202|690714000202:17:55020:50|{B709DBB4-49AC-41A4-AF1A-FF06975169FF}
500009939||20260714|20|XXX14|3|500|690714000202|690714000202:20:XXX14:500|{851675D4-C061-408B-BF58-D9E038937E50}
500009939||20260714|20|XXX14|2|70|690714000202|690714000202:20:XXX14:70|{63D94BEB-6993-48CC-86DA-1CAA994460EA}
500048660||20260714|17|55020|1|50|690714000217|690714000217:17:55020:50|{D91A05E8-7263-4F05-81D6-89BE983818F4}
500048660||20260714|17|55810|1|70|690714000217|690714000217:17:55810:70|{2EC22AF6-221A-4552-8377-22E9D49E9954}
500008368||20260714|17|55020|1|50|690714000223|690714000223:17:55020:50|{B3D80255-C0B8-4212-A55E-7E854828C163}
500004166||20260714|12|61101|1|170|690714000227|690714000227:12:61101:170|{55724492-6B52-4392-9DD4-BF8D54493CE5}
500004166||20260714|12|XXX13|2|0|690714000227|690714000227:12:XXX13:0|{D9C1022E-3B2B-4457-BC54-00530BBF0895}
500004166||20260714|17|55020|1|50|690714000227|690714000227:17:55020:50|{7AAAAB18-EACF-49F8-B495-81E3B29490AE}
500006996||20260714|12|61101|1|170|690714000236|690714000236:12:61101:170|{87B1D323-1A30-4B4C-B66A-8AD1E9E39858}
500006996||20260714|12|XXX13|2|0|690714000236|690714000236:12:XXX13:0|{93CBD48A-E653-450F-B50A-DDBFE196BD6D}
500006996||20260714|17|55020|1|50|690714000236|690714000236:17:55020:50|{8FEAD095-EEAA-4529-8323-3B85E9B52A9D}
500002482||20260714|12|61101|1|170|690714000237|690714000237:12:61101:170|{8DB17500-22C2-45B8-9C09-17887179A20A}
500002482||20260714|12|XXX13|2|0|690714000237|690714000237:12:XXX13:0|{E1191886-40A0-427A-888E-968EBA5510CA}
500002482||20260714|17|55020|1|50|690714000237|690714000237:17:55020:50|{F609804C-0C8E-431F-B619-D07198143D51}
500052492||20260714|12|61101|1|170|690714000246|690714000246:12:61101:170|{9B407CF0-99D5-4617-9181-087050BA9B49}
500052492||20260714|12|XXX13|2|0|690714000246|690714000246:12:XXX13:0|{7BCDA568-F7A9-44FE-9DDF-EDA84B9ED108}
500052492||20260714|17|55020|1|50|690714000246|690714000246:17:55020:50|{923F4D2B-E953-4D22-8141-BE78C6EF860B}
500015144||20260714|12|61101|1|170|690714000247|690714000247:12:61101:170|{D7219A3D-CC89-430E-8D66-37435EF994A6}
500015144||20260714|12|XXX13|2|0|690714000247|690714000247:12:XXX13:0|{D7E338C2-8E84-4C4F-AE1B-148CF66A5EBA}
500015144||20260714|17|55020|1|50|690714000247|690714000247:17:55020:50|{6FCF72BE-E0D1-4697-BA56-E0758DAA1C77}
500011384||20260714|17|55020|1|50|690714000253|690714000253:17:55020:50|{48808DE9-24EF-413E-A024-D96E3BBD878B}
500011384||20260714|20|XXX14|3|500|690714000253|690714000253:20:XXX14:500|{868FDF6D-9BA1-4476-835F-4B7EF3575D5F}
500011384||20260714|20|XXX14|1|70|690714000253|690714000253:20:XXX14:70|{CE970E91-4BEC-478A-BFA1-84FD707A4945}
500011384||20260714|20|XXX14|1|80|690714000253|690714000253:20:XXX14:80|{820E6020-16BA-493C-90DB-7E2E55021FB6}
500009325||20260714|12|61101|1|170|690714000264|690714000264:12:61101:170|{1972064A-D90E-4C23-9BC8-FD95D7AA67C4}
500009325||20260714|12|XXX13|2|0|690714000264|690714000264:12:XXX13:0|{C7BB5263-A7D8-47CA-93CE-48FAB0BCC223}
500009325||20260714|17|55020|1|50|690714000264|690714000264:17:55020:50|{E97F0487-925E-4D9D-A897-F904CBB1CA5A}
500000069||20260714|12|61101|1|170|690714000265|690714000265:12:61101:170|{B12B04DF-9AAD-450E-9B74-E0A437FF0028}
500000069||20260714|12|XXX13|2|0|690714000265|690714000265:12:XXX13:0|{B4DBE8D4-D920-4CD9-A3F0-668C7AB24067}
500000069||20260714|17|55020|1|50|690714000265|690714000265:17:55020:50|{F969021A-8B89-4D39-A6DA-018E3D3C3969}
500000820||20260714|12|61101|1|170|690714000267|690714000267:12:61101:170|{D7C6DB7C-2515-4E63-866C-E9B6B6F90996}
500000820||20260714|12|XXX13|2|0|690714000267|690714000267:12:XXX13:0|{874E5E71-42B4-41C4-BAC5-22469A8125A6}
500000820||20260714|17|55020|1|50|690714000267|690714000267:17:55020:50|{9FCF2537-0D3E-40FD-9060-A53DD95E3E86}
500023818||20260714|12|61101|1|170|690714000268|690714000268:12:61101:170|{9CF9608E-E4A5-4AF5-8BEE-1778D95B141E}
500023818||20260714|12|XXX13|2|0|690714000268|690714000268:12:XXX13:0|{2B2683B2-13C7-4B7C-8B3C-ED5E4C11BB7B}
500023818||20260714|17|55020|1|50|690714000268|690714000268:17:55020:50|{3727AF64-933C-45B7-A68D-C73003F369AF}
500015998||20260714|12|61101|1|170|690714000269|690714000269:12:61101:170|{BB2407B9-C546-4722-9995-17C63D5D1895}
500015998||20260714|12|XXX13|2|0|690714000269|690714000269:12:XXX13:0|{C0ABB822-3907-460F-9A46-E6BBBB591A33}
500015998||20260714|17|55020|1|50|690714000269|690714000269:17:55020:50|{119296B3-E31A-4378-BB77-1C70E152AF8E}
670094069||20260714|16|41003|1|250|690714000271|690714000271:16:41003:250|{349629E1-B2EE-4152-83D3-A152B17FFDAD}
670094069||20260714|17|55020|1|50|690714000271|690714000271:17:55020:50|{C8C94827-97EC-43FD-B67E-D5E53EC9F355}
670094069||20260714|18|52441|1|0|690714000271|690714000271:18:52441:0|{6169E6A2-CAB8-47C0-8080-59666436D027}
670094069||20260714|9|51410|1|200|690714000271|690714000271:9:51410:200|{00D36472-28B7-4A5D-9ED8-C5B5A990DB6D}
580078861||20260714|13|58130|1|250|690714000274|690714000274:13:58130:250|{46E2B54E-1C60-4906-A9D1-BBBD8AA19D89}
580078861||20260714|17|55020|1|50|690714000274|690714000274:17:55020:50|{32D110A5-03C1-4048-9502-8B23AAE67069}
500055810||20260714|17|55020|1|50|690714000276|690714000276:17:55020:50|{59095440-DE9F-47BA-9FB8-B5754487C761}
500055810||20260714|17|55811|1|140|690714000276|690714000276:17:55811:140|{0E15C716-F678-479F-B47B-6451EEB83862}
500017379||20260714|17|55021|1|50|690714000285|690714000285:17:55021:50|{31C98FEA-0EDE-41D6-91FC-ACA30A0210AB}
500017379||20260714|20|XXX14|3|500|690714000285|690714000285:20:XXX14:500|{4FE4DF86-4D43-4CB4-8D30-B1A748E91EE9}
500017379||20260714|20|XXX14|2|60|690714000285|690714000285:20:XXX14:60|{E128A8D5-B532-4CD3-BB31-E1734279AE5E}
500017379||20260714|20|XXX14|2|70|690714000285|690714000285:20:XXX14:70|{D8361CE4-4168-4545-B137-288FC0D687C9}
500009326||20260714|17|55021|1|50|690714000288|690714000288:17:55021:50|{8C12D8A5-CECA-4529-BC2A-01900A6D599B}
500009326||20260714|20|XXX14|3|500|690714000288|690714000288:20:XXX14:500|{0A65DD3A-D495-450F-AC45-AAA22559784D}
500009326||20260714|20|XXX14|1|60|690714000288|690714000288:20:XXX14:60|{595CB150-12BC-4B76-B7B9-01709D2F48A9}
500009326||20260714|20|XXX14|2|70|690714000288|690714000288:20:XXX14:70|{A00D59AE-B624-43C0-A137-9B071C07E18A}
500026688||20260714|17|55021|1|50|690714000290|690714000290:17:55021:50|{C9FC7A90-061E-435F-9E99-AA8FEBB33001}
500026688||20260714|20|XXX14|1|100|690714000290|690714000290:20:XXX14:100|{3F3131FD-7823-4CB9-BA1F-F9E2D50AEF53}
500026688||20260714|20|XXX14|3|500|690714000290|690714000290:20:XXX14:500|{732E909C-9BEE-42FB-AF84-8923E81C82BC}
500026688||20260714|20|XXX14|1|70|690714000290|690714000290:20:XXX14:70|{32828522-95D1-428B-956C-3E2A32872D8C}
500026688||20260714|20|XXX14|1|80|690714000290|690714000290:20:XXX14:80|{F0290F4C-FB80-457A-B728-2ED26540D58D}
500008061||20260714|17|55021|1|50|690714000293|690714000293:17:55021:50|{6B6025EA-63A4-4B33-89B9-15E0290877AD}
500008061||20260714|20|XXX14|1|100|690714000293|690714000293:20:XXX14:100|{B7EC477F-E62B-4F22-B026-43AEB8742C22}
500008061||20260714|20|XXX14|3|500|690714000293|690714000293:20:XXX14:500|{B30797A7-A4C6-4B5D-8370-D8A6D2208E0A}
500008061||20260714|20|XXX14|1|70|690714000293|690714000293:20:XXX14:70|{0DFB6522-38FF-4E7E-A5F3-4507FBD6F231}
500008061||20260714|20|XXX14|1|80|690714000293|690714000293:20:XXX14:80|{8992C82C-FC3B-4FF2-96C3-7FA9CBF81349}
500015442||20260714|17|55811|1|140|690714060208|690714060208:17:55811:140|{561BCC2E-AA9C-4388-A359-B49091F21E02}
680096262||20260714|11||2|0|690714061958|690714061958:11::0|{18BC914F-B07D-4625-8C36-41CB71F7A637}
680096262||20260714|17|55021|1|50|690714061958|690714061958:17:55021:50|{832EC0CE-2D9A-4FC7-920E-BB0596C12784}
680096262||20260714|18|52441|1|0|690714061958|690714061958:18:52441:0|{DBC04339-C361-4B0E-9EAA-44B91583819B}
500034236||20260714|15|32003|1|290|690714072048|690714072048:15:32003:290|{A3273FC8-2611-4489-9075-1252FDC7C2F6}
500034236||20260714|17|55021|1|50|690714072048|690714072048:17:55021:50|{20B5EC71-9A73-499B-8E8D-EB76028328FA}
500017287||20260714|11||2|0|690714072256|690714072256:11::0|{715ACDC2-9F7B-4653-9444-3B8A5F448461}
500017287||20260714|15|30104|1|30|690714072256|690714072256:15:30104:30|{9AA9C518-6FEC-4638-B3B7-1F8A5D9E7E33}
500017287||20260714|15|31004|1|10|690714072256|690714072256:15:31004:10|{A625975B-9FEE-43E8-A6E8-39BA0458E119}
500017287||20260714|15|32004|1|200|690714072256|690714072256:15:32004:200|{A2669605-D608-476E-970D-5DD4D58810E7}
500017287||20260714|15|32103|1|40|690714072256|690714072256:15:32103:40|{02E3520B-0140-458D-B44C-DE7C18181E71}
500017287||20260714|15|32201|1|40|690714072256|690714072256:15:32201:40|{C45BA3D6-5685-4CA0-96F7-A1E574AF6AB3}
500017287||20260714|15|32202|1|40|690714072256|690714072256:15:32202:40|{1E1B6056-33CC-4DC6-A90E-CA54DF4740C6}
500017287||20260714|15|32203|1|40|690714072256|690714072256:15:32203:40|{1C95B932-C398-4575-B01C-B8EE01314133}
500017287||20260714|15|32205|1|60|690714072256|690714072256:15:32205:60|{FE875F15-F2AB-4C55-859F-A55BC1B8A3AA}
500017287||20260714|15|32401|1|150|690714072256|690714072256:15:32401:150|{1938BFA3-F7CC-4B8F-9FF4-1660ED05891C}
500017287||20260714|15|34116|1|270|690714072256|690714072256:15:34116:270|{3B42E921-CFAE-4D32-9C2B-201E110989F2}
500017287||20260714|16|41003|1|250|690714072256|690714072256:16:41003:250|{BB03E9AD-EB09-4DB5-8EB6-B64867E6FC18}
500017287||20260714|17|55021|1|50|690714072256|690714072256:17:55021:50|{223D648B-ACF5-40CF-A77C-4C7ED87B298B}
500017287||20260714|18|52441|1|0|690714072256|690714072256:18:52441:0|{EC98DE09-2A5E-4344-BCAF-2F0876354552}
500017287||20260714|19|71220|1|50|690714072256|690714072256:19:71220:50|{E44396E9-0746-49EA-AB7C-B55E4A5FFD43}
500017287||20260714|9|51410|1|200|690714072256|690714072256:9:51410:200|{69D98612-BC02-4FE2-BF81-64F78FAD5997}
670094491||20260714|15|31001|1|60|690714075850|690714075850:15:31001:60|{1AFF8EBA-4606-451E-84C4-E6C841E5316A}
670094491||20260714|17|55021|1|50|690714075850|690714075850:17:55021:50|{0C47FEB9-3820-4255-93FB-AA5F77DBBC45}
670094491||20260714|18|52441|1|0|690714075850|690714075850:18:52441:0|{1C83502A-D32A-4D7E-A344-A322B39FF928}
500036651||20260714|17|55020|1|50|690714083811|690714083811:17:55020:50|{370A1153-1F36-42F0-A495-DD927862E69C}
500015237||20260714|17|55020|1|50|690714084557|690714084557:17:55020:50|{710614CF-8B0C-4B3F-9DC5-AD4097D19D64}
500010373||20260714|15|36506|1|350|690714084924|690714084924:15:36506:350|{779E1B4D-4A9C-4EDE-A8C1-03B56718D4F6}
500010373||20260714|17|55020|1|50|690714084924|690714084924:17:55020:50|{CDD8D65D-3D7E-45E2-B9D0-1294735721E8}
500013956||20260714|17|55020|1|50|690714085205|690714085205:17:55020:50|{71CB86B6-A490-423F-AF19-DCC44FD913AA}
500013956||20260714|17|55823|1|20|690714085205|690714085205:17:55823:20|{3C23662D-6E78-4FC2-8EF1-7C4B84E4BFD2}
500011384||20260714|13|58130|1|250|690714085454|690714085454:13:58130:250|{B801430B-597C-4033-99DC-4951B1D03CD6}
500011384||20260714|17|55020|1|50|690714085454|690714085454:17:55020:50|{13B18FC5-60DB-4900-ADCA-266B0666ED47}
500002982||20260714|17|55020|1|50|690714092429|690714092429:17:55020:50|{43FC6C7D-1DE5-4E34-99C4-BAC848B28294}
510062485||20260714|15|32205|1|60|690714093553|690714093553:15:32205:60|{89C59AD8-651C-4419-AB4C-03362C56B015}
510062485||20260714|17|55020|1|50|690714093553|690714093553:17:55020:50|{94BF7362-536E-4D43-BC0F-7BA67F7E2823}
510062485||20260714|18|52441|1|0|690714093553|690714093553:18:52441:0|{05AF5DE6-277C-4902-8ACF-6B470C016259}
500057645||20260714|17|55020|1|50|690714094227|690714094227:17:55020:50|{5BFB5F48-B807-4A97-90B6-EF9F41BC28EB}
500003432||20260714|17|55020|1|50|690714095640|690714095640:17:55020:50|{4A1B27F2-DDC6-4E87-BF4A-BC12E5D3D724}
500003432||20260714|18|52441|1|0|690714095640|690714095640:18:52441:0|{3674BD3C-81E2-4960-8238-BD2F0314074A}
500028237||20260714|16|41003|2|250|690714100311|690714100311:16:41003:250|{EDC9B817-55C0-45AD-96EA-696D6C855D45}
500028237||20260714|17|55020|1|50|690714100311|690714100311:17:55020:50|{DDB3E934-28FF-40BB-B6F4-8C6E7CC400B4}
500001839||20260714|17|55020|1|50|690714104151|690714104151:17:55020:50|{9C1DF191-99DA-4042-A0D5-82F26F4D01B4}
500003974||20260714|12|61101|1|170|690714133642|690714133642:12:61101:170|{965C1F26-EBEC-481B-B013-BF09BA0ECC99}
500003974||20260714|12|XXX13|2|0|690714133642|690714133642:12:XXX13:0|{F6299BDE-50C3-4750-B7E2-73AFDB32DD5C}
500003974||20260714|17|55020|1|50|690714133642|690714133642:17:55020:50|{809669FE-6D5C-4672-B66A-D8F230C1ACFD}
500021579||20260714|17|55020|1|50|690714134719|690714134719:17:55020:50|{24B4DC24-5506-4678-8D1C-0334E83D0D38}
620086497||20260714|17|55020|1|50|690714135020|690714135020:17:55020:50|{48407AB5-157B-4058-98CC-70E4279FEC08}
620086497||20260714|17|55823|1|20|690714135020|690714135020:17:55823:20|{5E50115B-885D-4333-91BD-E87F1DC6D133}
500002892||20260714|17|55020|1|50|690714141936|690714141936:17:55020:50|{5E0C9D9F-6DCC-4C6A-A2FD-0170C636BF86}
500000543||20260714|15|32203|1|40|690714172055|690714172055:15:32203:40|{F4E9A1A4-C102-433B-A52D-9CEDBEDC3678}
500000543||20260714|17|55021|1|50|690714172055|690714172055:17:55021:50|{FF5AD265-63FC-4420-8D9A-722DEA1E4C27}
590080315||20260714|17|55021|1|50|690714172308|690714172308:17:55021:50|{F8164209-5470-4816-BED6-7B242FFE172D}
500027054||20260714|17|55021|1|50|690714175733|690714175733:17:55021:50|{534D9EE3-8C36-4FCA-AA9C-8AD9600E7D9D}
610084310||20260714|15|30101|1|90|690714183928|690714183928:15:30101:90|{35FE9920-8F06-447F-BC5E-95C9331B04A8}
610084310||20260714|15|32001|1|100|690714183928|690714183928:15:32001:100|{34D6B295-0B45-4E15-8BE6-5D1583173F32}
610084310||20260714|15|32201|1|40|690714183928|690714183928:15:32201:40|{5B582CF8-D561-446F-8A92-4181FD8856C9}
610084310||20260714|15|32202|1|40|690714183928|690714183928:15:32202:40|{BAAD7C42-EAFD-4289-B76B-92DADDC8B574}
610084310||20260714|16|41003|2|250|690714183928|690714183928:16:41003:250|{C4EBFD7A-2B1B-42F0-BC02-2FC23B0B0E18}
610084310||20260714|17|55021|1|50|690714183928|690714183928:17:55021:50|{B7596479-4B64-4D5D-8642-0280B8F43907}
610084310||20260714|17|55811|1|140|690714183928|690714183928:17:55811:140|{F11A3726-66E0-43F3-A0E1-A018C33A97FF}
610084310||20260714|17|55820|1|100|690714183928|690714183928:17:55820:100|{5E428FB0-6083-48B4-B108-25E6EEABE1C8}
610084310||20260714|17|55823|1|20|690714183928|690714183928:17:55823:20|{42AE8EF5-D49C-49F2-B413-A60060BF2B99}
610084310||20260714|3|S1801|1|500|690714183928|690714183928:3:S1801:500|{6B2A172F-C8AC-4D57-8F46-95EAA7A3070A}
610084310||20260714|3|S1802|67|4|690714183928|690714183928:3:S1802:4|{3F5DC807-23AF-4DB7-BD68-DA6075CF3082}
500036233||20260715|15|32203|1|40|690715000008|690715000008:15:32203:40|{0FA97A79-25DE-4AD9-AD79-DCD310E17E25}
500036233||20260715|17|55021|1|50|690715000008|690715000008:17:55021:50|{DEA14D70-1C14-4088-9B86-53903E2F144B}
500036233||20260715|18|52441|1|0|690715000008|690715000008:18:52441:0|{0B355F7D-44C8-405D-A432-E452575AC578}
500036233||20260715|19|71220|1|50|690715000008|690715000008:19:71220:50|{DA3FDBCD-01CD-4A57-9A17-205B9072FC07}
500008361||20260715|15|32001|1|100|690715000012|690715000012:15:32001:100|{511DAFD3-4F89-4C2D-BD86-0CF999C8510E}
500008361||20260715|15|32201|1|40|690715000012|690715000012:15:32201:40|{290764C6-A9AA-4E7A-8432-C8A0C8055D45}
500008361||20260715|15|32202|1|40|690715000012|690715000012:15:32202:40|{8FB74F59-B3EA-4242-B628-FD151F01F3E0}
500008361||20260715|15|32203|1|40|690715000012|690715000012:15:32203:40|{392FCD07-03BC-4A03-97AE-E2F4BF89B0D3}
500008361||20260715|17|55021|1|50|690715000012|690715000012:17:55021:50|{B5B4A476-D15B-4057-BD95-2662E4176862}
500015752||20260715|15|32001|1|100|690715000014|690715000014:15:32001:100|{13983D91-2D77-4C4F-AFE4-22FAA08AF8E9}
500015752||20260715|15|32201|1|40|690715000014|690715000014:15:32201:40|{7AF28938-6A4B-4F1E-A02B-91E909C037EC}
500015752||20260715|15|32202|1|40|690715000014|690715000014:15:32202:40|{09371553-6970-4390-BB3B-72D1ECBD87AA}
500015752||20260715|15|32203|1|40|690715000014|690715000014:15:32203:40|{68E7A096-C36C-4C58-864B-90C80DD5B62D}
500015752||20260715|17|55021|1|50|690715000014|690715000014:17:55021:50|{A84E028B-FCCE-4165-8A72-9A042CD910E1}
500015442||20260715|17|55811|1|140|690715000022|690715000022:17:55811:140|{9B5FE7D4-E37E-472D-8365-A5F85B800AAD}
570078298||20260715|11||10|3|690715000025|690715000025:11::3|{6B2E9205-5B3B-450A-AF9F-EA94B63301D0}
570078298||20260715|15|32203|1|40|690715000025|690715000025:15:32203:40|{F7C4ABB1-3A52-4344-A9DD-69ABA66C2F6A}
570078298||20260715|17|55021|1|50|690715000025|690715000025:17:55021:50|{4F971693-E650-4441-B848-1C81A927BC4A}
500014826||20260715|15|32203|1|40|690715000035|690715000035:15:32203:40|{37C7D63B-9F84-43C6-8927-6004EDF30AF0}
500014826||20260715|15|32401|1|150|690715000035|690715000035:15:32401:150|{9B14CE1C-C984-43F5-BB47-FF1FC4D90DBB}
500014826||20260715|17|55021|1|50|690715000035|690715000035:17:55021:50|{F0BDE800-E712-4692-9C58-E2815A654810}
500014826||20260715|18|52441|1|0|690715000035|690715000035:18:52441:0|{D8859226-BD70-4595-94BB-471873C8F144}
500014826||20260715|19|71220|1|50|690715000035|690715000035:19:71220:50|{F75924C0-1BBB-499C-BCBF-AB9A8D4951E7}
500023026||20260715|17|55021|1|50|690715000036|690715000036:17:55021:50|{40E6A432-690A-41D1-93CD-30A45DE7CBD3}
500023026||20260715|18|52441|1|0|690715000036|690715000036:18:52441:0|{AE9D77AD-9AE7-4C86-9CA5-45DBC77CDE48}
500047191||20260715|17|55811|1|140|690715000039|690715000039:17:55811:140|{3DD7E30B-7EC9-42AF-AD09-61174722D17C}
500043650||20260715|15|32203|1|40|690715000044|690715000044:15:32203:40|{98AC9B55-4055-4614-B1CF-C83E5B548B3C}
500043650||20260715|17|55021|1|50|690715000044|690715000044:17:55021:50|{F6D8D8B2-807F-4B83-B21C-866019C342A1}
500043650||20260715|18|52441|1|0|690715000044|690715000044:18:52441:0|{3374D2C9-75A1-41C8-B78D-2A5085C23844}
500043650||20260715|19|71220|1|50|690715000044|690715000044:19:71220:50|{21568B97-73F9-43A4-9BC8-BAAA705268A5}
500018156||20260715|17|55021|1|50|690715000088|690715000088:17:55021:50|{C0057949-3B7F-4262-A8CA-DC528385D9C2}
500055810||20260715|17|55811|1|140|690715000089|690715000089:17:55811:140|{30505E08-B182-41C3-99C8-50A41B364FB4}
500005596||20260715|17|55021|1|50|690715000097|690715000097:17:55021:50|{23484B72-0B21-490A-8C83-32CD2C0997B6}
500005596||20260715|18|52441|1|0|690715000097|690715000097:18:52441:0|{6E61DFBB-06C6-410D-8306-FC4A2C23A3AB}
500054050||20260715|15|32203|1|40|690715000111|690715000111:15:32203:40|{C5B8F39D-6C26-40C8-922C-3972C7C96823}
500054050||20260715|17|55021|1|50|690715000111|690715000111:17:55021:50|{91345682-210A-495F-B4C7-2DE63A1B262B}
500003175||20260715|15|32004|1|200|690715000118|690715000118:15:32004:200|{21FF2F3C-FFE0-43AA-BBED-F29EA4FA89E4}
500003175||20260715|17|55021|1|50|690715000118|690715000118:17:55021:50|{0473E96B-B153-43C5-ADD0-766CF3C434BF}
500003175||20260715|18|52441|1|0|690715000118|690715000118:18:52441:0|{7A09FE9A-FA03-4D7E-925D-89E67E1FEE10}
500017073||20260715|15|32103|1|40|690715000119|690715000119:15:32103:40|{40BEE202-1CAA-484E-B2EB-6677D71D9FE8}
500017073||20260715|15|32202|1|40|690715000119|690715000119:15:32202:40|{CB118C50-9064-4AAF-B85B-FEB58EEACEE0}
500017073||20260715|15|32205|1|60|690715000119|690715000119:15:32205:60|{5E97B822-58E4-4805-BF11-F035CEC42737}
500017073||20260715|17|55021|1|50|690715000119|690715000119:17:55021:50|{BF738CEE-6F47-4279-BE53-9BC249096CCB}
500017073||20260715|18|52441|1|0|690715000119|690715000119:18:52441:0|{65CD74F0-4472-48F9-A4F7-9076B0FBC37C}
500013790||20260715|17|55020|1|50|690715000138|690715000138:17:55020:50|{0F9F926A-AB16-4CB9-90F5-B1297AB429CA}
650066742||20260715|15|30104|1|30|690715000149|690715000149:15:30104:30|{1428503B-1C1F-4CEB-9C28-654594178985}
650066742||20260715|17|55020|1|50|690715000149|690715000149:17:55020:50|{F7F1B46B-1CA3-4E06-BB98-94F5FD15876E}
650066742||20260715|17|55823|1|20|690715000149|690715000149:17:55823:20|{15C87653-B066-4DF4-85F1-FF6685C2405D}
500019042||20260715|17|55020|1|50|690715000162|690715000162:17:55020:50|{E8E613EA-3991-4AB9-A737-111C396C361C}
500019042||20260715|20|XXX14|3|500|690715000162|690715000162:20:XXX14:500|{4B94B4C7-6CC3-41A2-95B3-8987D8B44583}
500019042||20260715|20|XXX14|2|70|690715000162|690715000162:20:XXX14:70|{FEF65E6C-3E68-48BF-B36C-E45D1A66CDBF}
500000571||20260715|12|61101|1|170|690715000168|690715000168:12:61101:170|{0CE21622-2832-4944-8A47-384F67C7B848}
500000571||20260715|12|XXX13|2|0|690715000168|690715000168:12:XXX13:0|{700D08A0-B68A-4488-BB55-28FFD2070635}
500000571||20260715|17|55020|1|50|690715000168|690715000168:17:55020:50|{139B4161-9D6B-42D4-875D-B62CC8C0F6F9}
500024966||20260715|12|61101|1|170|690715000172|690715000172:12:61101:170|{586AD8DB-C67D-4674-B109-90E06C62DC53}
500024966||20260715|12|XXX13|2|0|690715000172|690715000172:12:XXX13:0|{FF009361-55D6-409F-BFA3-2F25127FD10F}
500024966||20260715|17|55020|1|50|690715000172|690715000172:17:55020:50|{A5B1BF1E-0FAC-420B-A668-39582717107B}
500010562||20260715|12|61101|1|170|690715000183|690715000183:12:61101:170|{FFB26C13-4D8F-49C9-9CA7-F88E62ADDEBF}
500010562||20260715|12|XXX13|2|0|690715000183|690715000183:12:XXX13:0|{EE62BFCC-1471-4664-A004-42F79E0551D2}
500010562||20260715|17|55020|1|50|690715000183|690715000183:17:55020:50|{45D0C3D0-32B4-424A-BA13-5CEBF9B36CB3}
500003551||20260715|12|61101|1|170|690715000184|690715000184:12:61101:170|{D0195619-E46A-44FD-9996-7AAFCEDA2E12}
500003551||20260715|12|XXX13|2|0|690715000184|690715000184:12:XXX13:0|{7B1CCD86-70B3-4F74-8679-865011C92718}
500003551||20260715|17|55020|1|50|690715000184|690715000184:17:55020:50|{B005B53A-EC08-4BA2-890F-11D37AAE09A8}
500002343||20260715|12|61101|1|170|690715000185|690715000185:12:61101:170|{EF96D647-C457-48C3-937A-269E5D72FE83}
500002343||20260715|12|XXX13|2|0|690715000185|690715000185:12:XXX13:0|{F1DC9402-EAD8-48CA-A527-376BB2E163E5}
500002343||20260715|17|55020|1|50|690715000185|690715000185:17:55020:50|{57D24539-D365-4FE0-B605-9BA52E519B7E}
500002982||20260715|12|61101|1|170|690715000186|690715000186:12:61101:170|{D7AAFD24-0ED3-44D0-8F88-6CFDB74F8DAF}
500002982||20260715|12|XXX13|2|0|690715000186|690715000186:12:XXX13:0|{905090A3-C4A6-418D-A305-744994FBBF25}
500002982||20260715|17|55020|1|50|690715000186|690715000186:17:55020:50|{561F11FC-5711-40B1-9134-C30245D062F8}
500001801||20260715|13|58130|1|250|690715000192|690715000192:13:58130:250|{08D4F6C9-F8CC-4E1E-9571-FA10F7C458DF}
500001801||20260715|17|55020|1|50|690715000192|690715000192:17:55020:50|{8B9510FB-A12B-4B08-9289-371908ED5446}
500028925||20260715|17|55020|1|50|690715000200|690715000200:17:55020:50|{BE479ADC-640F-4FF6-8E9E-67C6723E5492}
500028925||20260715|17|55824|1|20|690715000200|690715000200:17:55824:20|{7FD62B9C-7AFC-4558-A67C-CEAB1D55CE59}
500006386||20260715|17|55020|1|50|690715000203|690715000203:17:55020:50|{E53D3FF7-77C8-4E0F-8BA9-CF6CEDE7F80F}
500006386||20260715|17|55823|1|20|690715000203|690715000203:17:55823:20|{03BB3341-1E9F-402E-A395-E752FEE49186}
500060042||20260715|12|62101|1|200|690715000209|690715000209:12:62101:200|{F1E05FCA-9BCF-4DCC-BC91-C0D64440B023}
500060042||20260715|12|62503|1|250|690715000209|690715000209:12:62503:250|{D3A0B341-C4C5-402C-8322-C75E213D8D21}
500060042||20260715|12|62508|1|1000|690715000209|690715000209:12:62508:1000|{33443A20-CB71-46CD-9ADD-D02317059C3B}
500060042||20260715|17|55020|1|50|690715000209|690715000209:17:55020:50|{B5FC23F9-C928-41CD-A245-0FDC6E5608DA}
500051855||20260715|17|55020|1|50|690715000211|690715000211:17:55020:50|{FDEA8E96-A192-4249-B4A5-0669E255CA77}
500051855||20260715|20|XXX14|1|100|690715000211|690715000211:20:XXX14:100|{66B42E9D-9365-45E2-AA05-BC7136B30193}
500051855||20260715|20|XXX14|3|500|690715000211|690715000211:20:XXX14:500|{1E989ACE-8EA3-4AE7-9427-76A74F667069}
500051855||20260715|20|XXX14|1|70|690715000211|690715000211:20:XXX14:70|{432AA53A-2EDF-4BC1-8CCC-C70F4349CBF1}
500051855||20260715|20|XXX14|1|80|690715000211|690715000211:20:XXX14:80|{C6CF50F4-D439-4070-8AEF-FE3EC75B0A7A}
500062046||20260715|13|58130|1|250|690715000217|690715000217:13:58130:250|{32E7C717-3023-4AF6-84D5-E922601DCC8F}
500062046||20260715|17|55020|1|50|690715000217|690715000217:17:55020:50|{7C780CE3-4D20-4776-BAC1-3A9101687FB8}
530067696||20260715|13|58130|1|250|690715000218|690715000218:13:58130:250|{D3601FBD-C48F-4505-ADCA-05095CB55BFD}
530067696||20260715|17|55020|1|50|690715000218|690715000218:17:55020:50|{A63AC6BE-F2DA-447B-A11B-C18884DAC6D9}
630088715||20260715|12|62104|1|350|690715000219|690715000219:12:62104:350|{314C5D9C-380E-466A-AD79-7393763DF019}
630088715||20260715|12|62501|1|130|690715000219|690715000219:12:62501:130|{C28AA93E-F368-41A5-B4E9-8BA5D4EA2A4D}
630088715||20260715|12|62508|2|1000|690715000219|690715000219:12:62508:1000|{A7BDE1C4-4EBE-4080-8C65-E88F10CD8177}
630088715||20260715|12|XXX13|2|0|690715000219|690715000219:12:XXX13:0|{879951C9-41B2-4541-8C81-98EF7D534D9A}
630088715||20260715|17|55020|1|50|690715000219|690715000219:17:55020:50|{65AA34AE-0BC7-48DD-A276-3D1029DD39D5}
500009996||20260715|17|55020|1|0|690715000222|690715000222:17:55020:0|{DAC1B359-B3C7-44AA-862F-0A6316CE2A9B}
500009996||20260715|17|55811|1|140|690715000222|690715000222:17:55811:140|{0BEB933D-345F-468F-92B5-5F6EBB6AA9C7}
500017526||20260715|17|55020|1|0|690715000227|690715000227:17:55020:0|{DE855ED3-BBDE-4D64-8F1F-D6C2A200A53F}
500017526||20260715|17|55811|1|140|690715000227|690715000227:17:55811:140|{229EE3DF-88C9-4338-AC22-78CD6C298F44}
500036501||20260715|17|55020|1|0|690715000230|690715000230:17:55020:0|{CACD9B66-6B84-4411-827C-71E7A4F7C94B}
500036501||20260715|17|55811|1|140|690715000230|690715000230:17:55811:140|{CF363BD5-C996-4CC1-8144-7B2D36DE2573}
500006275||20260715|12|61101|1|170|690715000234|690715000234:12:61101:170|{3CBA26E8-E703-4D55-9192-E55A44891B86}
500006275||20260715|12|XXX13|2|0|690715000234|690715000234:12:XXX13:0|{E3736355-4649-4AFB-9A53-09B852A38BBF}
500006275||20260715|17|55020|1|50|690715000234|690715000234:17:55020:50|{8AF102DD-8E28-451F-9112-B07F01048F38}
500033739||20260715|12|61101|1|170|690715000236|690715000236:12:61101:170|{A713FBF6-6CBF-420E-BB61-5F906B5691F7}
500033739||20260715|12|XXX13|2|0|690715000236|690715000236:12:XXX13:0|{F0D194BE-55FC-4F97-BE60-6BDA1B8E1BDD}
500033739||20260715|17|55020|1|50|690715000236|690715000236:17:55020:50|{D6A549DF-6BEE-4E6A-BE7A-7B2F2F3D9A97}
640089753||20260715|15|30101|1|90|690715000242|690715000242:15:30101:90|{34BF0B6E-0C97-41FD-84DF-9C7B14C549D1}
640089753||20260715|15|32001|1|100|690715000242|690715000242:15:32001:100|{8FBC3F3D-7EF4-43B0-AC8A-DD00E82387FD}
640089753||20260715|15|32003|1|290|690715000242|690715000242:15:32003:290|{CB36A7F8-5665-47B7-8960-E9E89D7CEDE3}
640089753||20260715|15|32106|1|50|690715000242|690715000242:15:32106:50|{D6B4CE42-0868-4CDB-ABA5-6A8CA7318D16}
640089753||20260715|15|32107|1|50|690715000242|690715000242:15:32107:50|{00BDEB0D-DEB6-4834-8AAA-29551545C66F}
640089753||20260715|15|32109|1|50|690715000242|690715000242:15:32109:50|{DA5C9BF9-ACF4-4BCA-9A0C-D034400790A1}
640089753||20260715|15|32201|1|40|690715000242|690715000242:15:32201:40|{030B5C5E-86EC-401E-9115-75D762345041}
640089753||20260715|15|32202|1|40|690715000242|690715000242:15:32202:40|{81D28680-0A3F-47F0-86FE-5704E1488ACF}
640089753||20260715|15|32203|1|40|690715000242|690715000242:15:32203:40|{63BD068A-F393-4175-BC68-29B7CC8FC0B7}
640089753||20260715|15|32205|1|60|690715000242|690715000242:15:32205:60|{33994C61-61A5-4C30-A886-5EE1FC2D5033}
640089753||20260715|15|32401|1|150|690715000242|690715000242:15:32401:150|{82BA4C8C-9E96-4777-9D9A-E3B820034E69}
640089753||20260715|15|36317|1|150|690715000242|690715000242:15:36317:150|{4F9A44EC-6C78-4C29-BEA1-FD3FB9B69A31}
640089753||20260715|15|36318|1|130|690715000242|690715000242:15:36318:130|{521E7634-0EEB-4A34-B622-70B39C7E5A43}
640089753||20260715|15|36331|1|300|690715000242|690715000242:15:36331:300|{05ACF8D1-BFF9-4FBF-BE37-10D47D2B2067}
640089753||20260715|15|37001|1|80|690715000242|690715000242:15:37001:80|{A741FA3B-B723-4440-A775-8BA421CE817A}
640089753||20260715|16|41003|6|250|690715000242|690715000242:16:41003:250|{C718CF39-75D5-4F77-ABAA-FD5EA56AB053}
640089753||20260715|17|55020|1|50|690715000242|690715000242:17:55020:50|{970A46B0-1D62-41CC-A97B-4E37563821C9}
500041117||20260715|17|55020|1|50|690715000243|690715000243:17:55020:50|{D3780417-75A9-41D2-977E-703BA13A7AE4}
500017379||20260715|17|55021|1|50|690715000244|690715000244:17:55021:50|{C969AE3D-704A-4F32-9A1D-EE01CDAB7C74}
500017379||20260715|20|XXX14|3|500|690715000244|690715000244:20:XXX14:500|{30CA7EF4-58E4-4477-A31F-A3F241896B79}
500017379||20260715|20|XXX14|2|60|690715000244|690715000244:20:XXX14:60|{5E7BA699-8C77-4D58-9E99-E72B12462556}
500017379||20260715|20|XXX14|2|70|690715000244|690715000244:20:XXX14:70|{798A9188-CC68-48CF-BB8A-E384FB87E0BB}
500002569||20260715|17|55021|1|50|690715000247|690715000247:17:55021:50|{45C8E6A6-D55F-449D-B78D-9F0F73221174}
500002569||20260715|20|XXX14|3|500|690715000247|690715000247:20:XXX14:500|{44B222DE-B995-43A5-8F56-E3B4EA734864}
500002569||20260715|20|XXX14|1|60|690715000247|690715000247:20:XXX14:60|{8765C109-3A7A-4332-BCCF-4425B1D5FB4B}
500002569||20260715|20|XXX14|1|70|690715000247|690715000247:20:XXX14:70|{49C64692-B0E3-40C3-8100-E2F9483AF3A2}
500002569||20260715|20|XXX14|1|80|690715000247|690715000247:20:XXX14:80|{08B32EE4-6383-4EAB-9C3B-57FE09584C38}
500009233||20260715|17|55021|1|50|690715071457|690715071457:17:55021:50|{9A828DF5-8764-4711-93CA-75219C58FF60}
500011765||20260715|12|62501|1|130|690715072335|690715072335:12:62501:130|{AF1F0C6E-9590-4894-84F7-49F19C2569FC}
500011765||20260715|17|55021|1|50|690715072335|690715072335:17:55021:50|{87DC868F-C0B7-44D8-AAC9-61FC58325E4A}
500039972||20260715|15|30101|1|90|690715074912|690715074912:15:30101:90|{CE905D8D-E5C5-413A-BA7D-598D236B22CA}
500039972||20260715|15|32001|1|100|690715074912|690715074912:15:32001:100|{858E3FFC-7239-40E1-AFCF-DD267AA3FCAF}
500039972||20260715|15|32106|1|50|690715074912|690715074912:15:32106:50|{CA36CA8D-6A2B-4706-A8D8-79C026A67D74}
500039972||20260715|15|32107|1|50|690715074912|690715074912:15:32107:50|{7A1FE862-916F-459C-8148-D7D8A80EF174}
500039972||20260715|15|32109|1|50|690715074912|690715074912:15:32109:50|{F91AABAC-C902-40F7-A82A-6DA77BC8483D}
500039972||20260715|15|32201|1|40|690715074912|690715074912:15:32201:40|{5B2F9B4B-45B9-4D55-8554-6227F9AC95DD}
500039972||20260715|15|32202|1|40|690715074912|690715074912:15:32202:40|{E46D6250-7FE0-45BC-8DAA-09C6DBEAD8DD}
500039972||20260715|15|32205|1|60|690715074912|690715074912:15:32205:60|{A3CEB33E-12C6-4299-9B97-F22F5F8D79D9}
500039972||20260715|17|55021|1|50|690715074912|690715074912:17:55021:50|{30DC98BE-C060-4CC8-B756-CB9E521D01EE}
500039972||20260715|17|55822|2|20|690715074912|690715074912:17:55822:20|{8AA790BC-CB0C-46D5-9E40-B75F0B17ACE8}
500039972||20260715|2|8701|1|700|690715074912|690715074912:2:8701:700|{B9C2D110-A182-4C62-9785-8CA5ADE4142B}
500039972||20260715|20|XXX14|1|100|690715074912|690715074912:20:XXX14:100|{D2396B2C-AE79-4657-BDD0-1AC334BA3A16}
500039972||20260715|20|XXX14|1|80|690715074912|690715074912:20:XXX14:80|{D51135A4-50F1-44AC-8287-48D9884A3AA7}
580079222||20260715|17|55020|1|50|690715092249|690715092249:17:55020:50|{97C1B46E-8995-46F2-90F8-9DCDFB71579B}
500012693||20260715|12|61101|1|170|690715100353|690715100353:12:61101:170|{F6B6A0AB-9C42-424A-853D-4D031AC78E1A}
500012693||20260715|12|XXX13|2|0|690715100353|690715100353:12:XXX13:0|{8E6EC2D4-2E67-4131-B40B-C595F84287A0}
500012693||20260715|17|55020|1|50|690715100353|690715100353:17:55020:50|{08348ECF-75FC-4705-B208-654FC1525B11}
500008410||20260715|17|55020|1|50|690715100410|690715100410:17:55020:50|{C94C23FF-A15B-4F60-8601-88FBFC453D05}
500035413||20260715|14||1|150|690715113401|690715113401:14::150|{8A18E70A-0297-43BF-8A47-0526A9F3A81D}
500035413||20260715|14|22104|1|120|690715113401|690715113401:14:22104:120|{7100CC49-A5B2-4730-BB24-C0437E31D1D6}
500035413||20260715|14|22105|1|100|690715113401|690715113401:14:22105:100|{0E2E537F-0024-4C5C-BF31-FF97955945A1}
500035413||20260715|14|22108|1|50|690715113401|690715113401:14:22108:50|{384F7C7B-9371-4902-A5F4-BCDC0FEC28C6}
500035413||20260715|15|30101|1|90|690715113401|690715113401:15:30101:90|{94C6BE12-0BAE-4910-866B-219ED5BD6971}
630087580||20260715|17|55020|1|50|690715131053|690715131053:17:55020:50|{A0F2F468-888C-474D-A06E-9C0B1751F049}
630087580||20260715|17|55822|2|20|690715131053|690715131053:17:55822:20|{EEEB2444-EC36-4961-A465-B88F9059D7C6}
690097866||20260715|17|55020|1|50|690715143209|690715143209:17:55020:50|{80236B05-7F78-4B56-B722-2F72B8641374}
690097866||20260715|20|XXX14|1|100|690715143209|690715143209:20:XXX14:100|{89317930-B351-4E7F-A520-49B5F7958B36}
690097866||20260715|20|XXX14|3|500|690715143209|690715143209:20:XXX14:500|{3B20C48B-DDBC-4E5E-B3C9-ED4C6D51678B}
690097866||20260715|20|XXX14|1|60|690715143209|690715143209:20:XXX14:60|{7BE82062-1F27-4071-A827-B1F961DCDE8B}
690097866||20260715|20|XXX14|1|80|690715143209|690715143209:20:XXX14:80|{A6D982DD-A4B6-4986-B73F-8DED7EA0F600}
500039972||20260715|12|61101|1|170|690715144151|690715144151:12:61101:170|{D4CAE347-EF03-4CE7-82DC-D5248EBD8E0A}
500039972||20260715|12|XXX13|2|0|690715144151|690715144151:12:XXX13:0|{7796C5A2-5228-4157-9194-92048762D83D}
500039972||20260715|17|55020|1|50|690715144151|690715144151:17:55020:50|{64F773D8-1C02-4537-B24F-05C161CE3975}
590080315||20260715|17|55021|1|50|690715163442|690715163442:17:55021:50|{C8BC52E5-4FED-4F90-9790-7E2C58DAC95A}
500062046||20260715|12|64101|1|280|690715163505|690715163505:12:64101:280|{46FF3A8A-D6AE-4610-9AEC-1D6E3BDF7A22}
500062046||20260715|12|64102|6|400|690715163505|690715163505:12:64102:400|{7146F1EC-E0BD-41A0-B15C-F211634C22D4}
500062046||20260715|17|55021|1|50|690715163505|690715163505:17:55021:50|{E3C5C6C2-85C5-4619-843D-EBBB7D85758C}
650056657||20260715|17|55021|1|50|690715173127|690715173127:17:55021:50|{9622BD6D-3C66-419C-958D-FF9530205456}
650056657||20260715|17|55811|1|140|690715173127|690715173127:17:55811:140|{A53C761E-9C6A-4189-8A69-05A1FCE5FFDD}
650056657||20260715|17|55823|1|20|690715173127|690715173127:17:55823:20|{E7AF3C85-D9A9-4278-A0BC-205ABC6F081A}
650056657||20260715|18|52441|1|0|690715173127|690715173127:18:52441:0|{A8B32994-CF15-495C-B8BE-BF4456DFF822}
650056657||20260715|19|71830|1|385|690715173127|690715173127:19:71830:385|{F555EFA0-2BA1-48F2-9A49-E37AFD990A69}
500011225||20260715|17|55021|1|50|690715173129|690715173129:17:55021:50|{4B97A581-DE48-488B-8701-F726D13A1B25}
500011225||20260715|17|55811|1|140|690715173129|690715173129:17:55811:140|{7D55A97D-A0D9-495C-862B-786909F03568}
500011225||20260715|18|52441|1|0|690715173129|690715173129:18:52441:0|{187A39E3-562C-45B1-9C71-D18DD4111C78}
500011647||20260715|17|55021|1|50|690715185346|690715185346:17:55021:50|{F96D1993-85EA-4999-BBEE-3E7943BD7760}
500039766||20260715|17|55021|1|50|690715231330|690715231330:17:55021:50|{0CA92131-C4FF-4C80-BEAF-89C5A7D8E73A}
500039766||20260715|17|55822|2|20|690715231330|690715231330:17:55822:20|{D3EC113A-7B12-4058-9E3A-65928C90A22D}
500015442||20260716|17|55811|1|140|690716000002|690716000002:17:55811:140|{A624E2AD-B005-405E-9228-EC2E1D02CE2E}
500047191||20260716|17|55021|1|50|690716000006|690716000006:17:55021:50|{4ADAD097-6D09-49C9-8E48-F68E8A866977}
500047191||20260716|17|55811|1|140|690716000006|690716000006:17:55811:140|{92B405EE-85A1-4A9B-B6E0-C43989F7FAC1}
500055810||20260716|17|55811|1|140|690716000012|690716000012:17:55811:140|{D6E40E17-FB45-4346-A3EC-942AE1B36188}
500010974||20260716|17|55020|1|50|690716000032|690716000032:17:55020:50|{46FFDB99-B934-4F5B-ADA7-B79146211AE3}
500010974||20260716|20|XXX14|1|100|690716000032|690716000032:20:XXX14:100|{8E2F441D-8E83-4AC5-BDC8-7B5954D317FA}
500010974||20260716|20|XXX14|2|500|690716000032|690716000032:20:XXX14:500|{C9AE1686-EC00-4CF5-88C5-2044E353C095}
500010974||20260716|20|XXX14|2|60|690716000032|690716000032:20:XXX14:60|{DD0FEADD-DE52-481B-A928-C4CCCB597BF3}
500010974||20260716|20|XXX14|1|70|690716000032|690716000032:20:XXX14:70|{0EA97E0D-445B-4EF8-8C73-A8E0C915B2B5}
500010974||20260716|20|XXX14|1|80|690716000032|690716000032:20:XXX14:80|{F7B5851F-7187-4E94-89D1-50DAF7C6A154}
630088525||20260716|17|55020|1|50|690716000036|690716000036:17:55020:50|{4CE66299-2CD5-4A2C-93D7-01740930AB18}
630088525||20260716|20|XXX14|1|100|690716000036|690716000036:20:XXX14:100|{32641C4D-815B-4003-88BB-96048CDB345C}
630088525||20260716|20|XXX14|3|500|690716000036|690716000036:20:XXX14:500|{D4603E19-430A-49A9-B294-6BB6FA652790}
630088525||20260716|20|XXX14|1|70|690716000036|690716000036:20:XXX14:70|{F3559BDA-A04B-4DF8-BC61-A10B22DA42D1}
630088525||20260716|20|XXX14|1|80|690716000036|690716000036:20:XXX14:80|{36B27BF5-CD0E-49AF-9B40-9742E64B0007}
500030791||20260716|15|35001|2|60|690716000042|690716000042:15:35001:60|{507689CA-3A3E-4749-8873-A3A1DE963508}
500030791||20260716|16|41003|1|250|690716000042|690716000042:16:41003:250|{D57C5050-F812-49B2-AD7E-CBBBCCD12411}
500030791||20260716|17|55020|1|50|690716000042|690716000042:17:55020:50|{54EC2C59-849C-45EF-813C-7D6C52902552}
670094530||20260716|13|58001|1|150|690716000057|690716000057:13:58001:150|{1C822015-22A5-4AD8-A223-2FCBB3A6BC7C}
500049956||20260716|17|55020|1|50|690716000058|690716000058:17:55020:50|{413E2E8C-674F-47A2-82F1-C74D6BE89B7F}
500049956||20260716|20|XXX14|3|500|690716000058|690716000058:20:XXX14:500|{67676F8C-C5CA-41CC-A4FF-3E4A4EA2CECD}
500049956||20260716|20|XXX14|1|60|690716000058|690716000058:20:XXX14:60|{C81283C3-3D64-4F40-BB0D-E1F8EC0EB6C6}
500049956||20260716|20|XXX14|2|70|690716000058|690716000058:20:XXX14:70|{DCC202FC-B6FB-4E3C-AABA-BF1ABF8CFC29}
500021353||20260716|13|58001|1|150|690716000059|690716000059:13:58001:150|{2C58F9BD-F91F-48C6-9339-6895DC66108C}
540072622||20260716|13|58001|1|150|690716000062|690716000062:13:58001:150|{C346A0E1-E93D-4C9D-AC33-A2E3F837F8F4}
500048726||20260716|12|62501|1|130|690716000076|690716000076:12:62501:130|{F0060763-F40F-4C56-8EAE-2C9229C43B70}
500048726||20260716|16|41202|1|80|690716000076|690716000076:16:41202:80|{0F7F0B3E-4EDB-4D13-95D9-24777AEF2345}
500048726||20260716|17|55020|1|50|690716000076|690716000076:17:55020:50|{8C664FA5-F0A8-4340-B9A0-C319FFADEEB7}
500048726||20260716|17|55810|1|70|690716000076|690716000076:17:55810:70|{6AE30948-F9D6-48DC-8FEB-2B9CC92E5840}
690097836||20260716|17|55020|1|50|690716000077|690716000077:17:55020:50|{A13F07A8-2047-487F-B2BC-E5E975FAF8B8}
690097836||20260716|20|XXX14|2|500|690716000077|690716000077:20:XXX14:500|{F6087DA9-45E1-4B91-927C-7C502950069C}
690097836||20260716|20|XXX14|2|60|690716000077|690716000077:20:XXX14:60|{88846461-CB05-466E-9859-82EB0300F850}
690097836||20260716|20|XXX14|2|70|690716000077|690716000077:20:XXX14:70|{BCFF40CB-292D-422C-A25B-0C2727215F3A}
690097836||20260716|20|XXX14|1|80|690716000077|690716000077:20:XXX14:80|{EE555F97-6187-44EB-9701-7AB00FF07C93}
500034597||20260716|12|62501|1|130|690716000078|690716000078:12:62501:130|{EBDE0733-48C8-43FB-A9A9-B6EE481321C3}
500034597||20260716|12|64101|1|280|690716000078|690716000078:12:64101:280|{66E2014A-3392-4C14-9333-4C448122B420}
500034597||20260716|12|64102|4|400|690716000078|690716000078:12:64102:400|{84012520-BFD1-4B48-BA05-1E7D06CA0713}
500034597||20260716|17|55020|1|50|690716000078|690716000078:17:55020:50|{4CCAC3FC-B07E-4D94-BC4E-8189E83DFBD7}
690097072||20260716|13|58001|1|150|690716000087|690716000087:13:58001:150|{C9AE5084-76BB-4255-B18F-76ADAE23E9A1}
500009611||20260716|13|58001|1|150|690716000096|690716000096:13:58001:150|{372C4F7F-8607-48D3-94C3-67807AAB352A}
500009611||20260716|17|55020|1|50|690716000096|690716000096:17:55020:50|{0C06FE0B-5621-4E18-95FD-F8E21C06D354}
500009611||20260716|20|XXX14|2|500|690716000096|690716000096:20:XXX14:500|{8DD3A71A-5FFC-4BD5-834B-077DEC983774}
500009611||20260716|20|XXX14|1|70|690716000096|690716000096:20:XXX14:70|{EB78DCE0-3471-4F2E-ABF5-CC4F26796D85}
500009611||20260716|20|XXX14|1|80|690716000096|690716000096:20:XXX14:80|{76EE25AD-DD84-4EE6-B5C7-B139D7AE4A82}
500003075||20260716|13|58001|1|150|690716000098|690716000098:13:58001:150|{5225F5FB-010D-40FC-9152-CE0E1E53DE5A}
500017379||20260716|13|58001|1|150|690716000100|690716000100:13:58001:150|{2D6DAC66-D4FB-4EBC-A900-7626D72F517B}
580078918||20260716|15|30101|1|90|690716000102|690716000102:15:30101:90|{641C48B1-3A82-46F6-BA19-1503FAB44AEA}
580078918||20260716|15|32001|1|100|690716000102|690716000102:15:32001:100|{AD6D3AA7-4640-45CB-A51D-679EF04A24F3}
580078918||20260716|15|32201|1|40|690716000102|690716000102:15:32201:40|{F0206D11-09CE-4597-AB72-693B7F543F28}
580078918||20260716|15|32202|1|40|690716000102|690716000102:15:32202:40|{27543C8B-2F79-4783-9E58-09A38F3617A8}
580078918||20260716|16|41003|1|250|690716000102|690716000102:16:41003:250|{5C46CA8D-8997-48A3-9F7F-B8040EE1AA6A}
580078918||20260716|17|55020|1|50|690716000102|690716000102:17:55020:50|{A591F9B3-19F9-4D5F-9C26-B1565511862C}
580078918||20260716|9|51410|1|200|690716000102|690716000102:9:51410:200|{F34C1C09-946E-4F6A-9067-A2EA66B24171}
500011740||20260716|17|55020|1|50|690716000111|690716000111:17:55020:50|{F2AE2161-CE35-4C33-A66E-595BFCFF3A4C}
500011740||20260716|20|XXX14|3|500|690716000111|690716000111:20:XXX14:500|{4BD512DC-7541-47B9-91C9-0EB92DC36204}
500011740||20260716|20|XXX14|2|70|690716000111|690716000111:20:XXX14:70|{6B1D2417-CCC5-4815-9256-4360E18F0B3D}
500009326||20260716|13|58001|1|150|690716000114|690716000114:13:58001:150|{64F32FB2-A212-4A8B-A1B5-B561EE280345}
500009326||20260716|13|XXX15|1|100|690716000114|690716000114:13:XXX15:100|{8A731E46-AE40-4C25-8213-3DA62F030B46}
500001378||20260716|13|58001|1|150|690716000124|690716000124:13:58001:150|{A3616FC3-EE94-46B3-A21E-4E4E075F90BC}
500001378||20260716|13|XXX15|1|100|690716000124|690716000124:13:XXX15:100|{A0F88FB2-9904-4CB6-B93F-BD1709D63A43}
500012008||20260716|17|55020|1|50|690716000127|690716000127:17:55020:50|{2AEE8577-41B6-4746-BCF0-6BA07ABCEC10}
500012008||20260716|17|55823|1|20|690716000127|690716000127:17:55823:20|{1C9C6187-9941-4052-83CD-94DCE5F616BA}
500057645||20260716|17|55020|1|50|690716000128|690716000128:17:55020:50|{1A691357-E206-4A26-86F4-0F14B4E61A0E}
500057645||20260716|2|8307|1|1000|690716000128|690716000128:2:8307:1000|{7E1CB99A-A2A3-42E5-95CB-40BEF3C9FE20}
500057645||20260716|20|XXX14|1|100|690716000128|690716000128:20:XXX14:100|{32A56A77-235B-4F74-8B25-AD23A037132E}
500057645||20260716|20|XXX14|3|500|690716000128|690716000128:20:XXX14:500|{96A82327-4060-41C2-8B34-C606542F17BC}
500057645||20260716|20|XXX14|2|70|690716000128|690716000128:20:XXX14:70|{79570AE4-FBED-4157-B3E1-997DBCC657CB}
500057645||20260716|20|XXX14|1|80|690716000128|690716000128:20:XXX14:80|{AD6CCA85-FC39-400A-BA80-37E8BF34E2B0}
590080325||20260716|17|55020|1|50|690716000129|690716000129:17:55020:50|{ACD23E16-A9B5-495C-8A22-73FF13960000}
590080325||20260716|2|8608|2|800|690716000129|690716000129:2:8608:800|{CCD7B5C2-B91B-4085-8C19-41EAA028C96B}
590080325||20260716|20|XXX14|1|100|690716000129|690716000129:20:XXX14:100|{82A2DE08-4D8F-446C-9FB0-F69C908E2231}
590080325||20260716|20|XXX14|3|500|690716000129|690716000129:20:XXX14:500|{2B77565A-7CA5-46B7-A849-354AFAF2DC55}
590080325||20260716|20|XXX14|2|70|690716000129|690716000129:20:XXX14:70|{760CF858-F850-4DCA-B85A-5DC54B1274A4}
590080325||20260716|20|XXX14|1|80|690716000129|690716000129:20:XXX14:80|{866F643D-0081-4C97-9D65-65A0C3896465}
500056764||20260716|17|55021|1|50|690716000142|690716000142:17:55021:50|{6837BB8C-7F1E-4B66-84D2-19D67204056B}
500056764||20260716|20|XXX14|1|100|690716000142|690716000142:20:XXX14:100|{46750AE5-E35B-4D13-8F08-B16D83813EA5}
500056764||20260716|20|XXX14|1|500|690716000142|690716000142:20:XXX14:500|{EB2D3768-6674-4C86-9669-C3B952ED9D0A}
500056764||20260716|20|XXX14|2|60|690716000142|690716000142:20:XXX14:60|{4FC6103E-0B19-47EA-A8E3-31D80D766CB7}
500056764||20260716|20|XXX14|1|80|690716000142|690716000142:20:XXX14:80|{0DBB43BB-3AAB-42A5-A61A-7A3847CF05AB}
500031709||20260716|17|55021|1|50|690716000145|690716000145:17:55021:50|{B32D3A89-11C2-4C7C-9B3B-DC0EA07F66C1}
500031709||20260716|20|XXX14|1|100|690716000145|690716000145:20:XXX14:100|{00B6FFB2-CC1A-48BA-895B-5F9BC9359EEE}
500031709||20260716|20|XXX14|3|500|690716000145|690716000145:20:XXX14:500|{A67D00F5-85DC-46C7-86EA-2DE1C05569BE}
500031709||20260716|20|XXX14|3|60|690716000145|690716000145:20:XXX14:60|{ADAB1F06-7FA8-4D13-86F6-E2741D18EA1A}
500031709||20260716|20|XXX14|1|70|690716000145|690716000145:20:XXX14:70|{118D60E5-738F-4E1F-B6D6-1878D65D3F18}
500031709||20260716|20|XXX14|1|80|690716000145|690716000145:20:XXX14:80|{31992D3C-7D3B-4F49-89A0-E654ACEEC984}
550072882||20260716|17|55021|1|50|690716000149|690716000149:17:55021:50|{9B41F035-B364-4407-9756-AF738A24B2C4}
500019260||20260716|17|55021|1|50|690716073921|690716073921:17:55021:50|{314D3A20-B083-4C56-B81B-65B5F8F5C7F1}
500019260||20260716|18|52441|1|0|690716073921|690716073921:18:52441:0|{0FC959FB-31ED-44DA-954F-71468D0BA41D}
500019289||20260716|15|32004|1|200|690716074838|690716074838:15:32004:200|{3E733C7B-36B0-4B27-9677-F94CF6FCAF0E}
500019289||20260716|17|55021|1|50|690716074838|690716074838:17:55021:50|{0E4EED1C-F40B-4029-850C-D62B3C13203F}
500011726||20260716|15|30101|1|90|690716080301|690716080301:15:30101:90|{8E30D5FB-2E80-4258-B98B-5C30E632AAF8}
500011726||20260716|15|30201|2|75|690716080301|690716080301:15:30201:75|{F51B45DA-2557-4BF7-85E8-BE628CDCB0C7}
500011726||20260716|15|32003|1|290|690716080301|690716080301:15:32003:290|{63AA6A8C-94E7-47CA-841C-51992A2C66F6}
500011726||20260716|17|55020|1|50|690716080301|690716080301:17:55020:50|{13C6AB0C-F0A6-468C-A2D8-F35208A69CD7}
500006275||20260716|17|55020|1|50|690716083258|690716083258:17:55020:50|{DE72B275-BBDC-4A15-80EB-A8556EEDC537}
500006275||20260716|17|55824|1|20|690716083258|690716083258:17:55824:20|{2FF9AACC-FA91-4C2B-A552-52BBF31D94CA}
540072562||20260716|13|58001|1|150|690716090941|690716090941:13:58001:150|{64463D81-D60D-4612-903A-522A4974F05C}
650079326||20260716|17|55020|1|50|690716091240|690716091240:17:55020:50|{87C2AD28-E676-411F-8EC4-ED9E125BC113}
650079326||20260716|17|55810|1|70|690716091240|690716091240:17:55810:70|{47F0159F-30BE-4236-AF01-F4D740C21EF2}
500017287||20260716|17|55020|1|50|690716102247|690716102247:17:55020:50|{A316FE0F-CFC6-488E-B717-61187D219DC0}
650062397||20260716|15|30101|1|90|690716112243|690716112243:15:30101:90|{767470F6-4525-4198-B395-2864C85263AA}
650062397||20260716|15|32001|1|100|690716112243|690716112243:15:32001:100|{C4A045C5-D1BF-4BCD-96F6-ACB73E2F8189}
650062397||20260716|15|32003|1|290|690716112243|690716112243:15:32003:290|{86151B12-9E82-447A-82FC-9295E44FBDFA}
650062397||20260716|15|32004|1|200|690716112243|690716112243:15:32004:200|{A60D602F-230A-4BBF-A1CA-737742B96E03}
650062397||20260716|15|32201|1|40|690716112243|690716112243:15:32201:40|{F1E843A0-9EC6-4B2B-B807-D96BAA5F7368}
650062397||20260716|15|32202|1|40|690716112243|690716112243:15:32202:40|{DD643B98-6550-46A9-AFC2-68F2BA2116C5}
650062397||20260716|15|32203|1|40|690716112243|690716112243:15:32203:40|{98605C87-B6CB-45EB-8ED0-8B01E42DB04A}
650062397||20260716|15|32205|1|60|690716112243|690716112243:15:32205:60|{95099CE1-D02B-42DA-87A8-49760004A950}
650062397||20260716|16|41003|1|250|690716112243|690716112243:16:41003:250|{AAF26679-73B0-4572-971F-7948C4C49210}
650062397||20260716|17|55020|1|50|690716112243|690716112243:17:55020:50|{F09DB81C-D1E9-49B5-AE02-3A22B5FE85A6}
650056657||20260716|17|55020|1|50|690716133742|690716133742:17:55020:50|{18ADE9CC-D7E7-4330-AFA4-66E973A1E0A8}
650056657||20260716|17|55810|1|70|690716133742|690716133742:17:55810:70|{45AE2924-6275-4665-945C-EB1B4A290549}
500051132||20260716|17|55020|1|50|690716144749|690716144749:17:55020:50|{E20FDE12-092D-4CBE-95C7-8A58A9CBA9D3}
500051132||20260716|2|8608|2|800|690716144749|690716144749:2:8608:800|{096353E9-464E-4EA4-BEC6-0798C32017BC}
500051132||20260716|20|XXX14|1|100|690716144749|690716144749:20:XXX14:100|{156FCB28-4B51-445E-9711-0720B2221583}
500051132||20260716|20|XXX14|2|500|690716144749|690716144749:20:XXX14:500|{618EFFEC-495D-4555-AF5B-39E52B3A12B1}
500051132||20260716|20|XXX14|1|80|690716144749|690716144749:20:XXX14:80|{D0044D8C-0D67-468C-AFA0-E4D72114D586}
570078157||20260716|17|55020|1|50|690716144833|690716144833:17:55020:50|{00F984A1-7B7A-41A2-8472-BA937B0B4BE6}
570078157||20260716|2|8608|2|800|690716144833|690716144833:2:8608:800|{0101184D-B9CF-4014-A743-5D65AF696674}
570078157||20260716|20|XXX14|1|100|690716144833|690716144833:20:XXX14:100|{43AD2D8B-7460-4F23-9D7D-A58E4771FF84}
570078157||20260716|20|XXX14|2|500|690716144833|690716144833:20:XXX14:500|{63362478-9FEB-490A-8481-BFDECEEF790A}
570078157||20260716|20|XXX14|1|80|690716144833|690716144833:20:XXX14:80|{B4757121-C9C7-4544-89FE-7AC35C674960}
500001201||20260716|17|55020|1|50|690716151925|690716151925:17:55020:50|{B4716644-EB76-4A74-BCAC-C9BA97EACBB1}
650059013||20260716|17|55021|1|50|690716170112|690716170112:17:55021:50|{4346D643-29F5-4C2B-B383-F05CE16F2156}
500054197||20260716|15|36506|1|350|690716170157|690716170157:15:36506:350|{56707D48-E971-4649-918E-DF04892AFD30}
500054197||20260716|16|41003|1|250|690716170157|690716170157:16:41003:250|{435F6452-322F-4B08-A1B0-4CE92AD141AF}
500054197||20260716|17|55021|1|50|690716170157|690716170157:17:55021:50|{89F6C2A8-C4BE-4BC5-890E-9AED2FB0DB25}
500002499||20260716|15|31001|1|60|690716191008|690716191008:15:31001:60|{EA1B0A4D-624F-424A-B390-9063D0B6D472}
500002499||20260716|17|55021|1|50|690716191008|690716191008:17:55021:50|{41B35D5B-0367-45C1-8A93-C80C39CE4319}
500035413||20260716|14||2|150|690716214345|690716214345:14::150|{F5A72BA0-BBCD-47E5-AB47-13087BAEDCBE}
500035413||20260716|14|22104|1|120|690716214345|690716214345:14:22104:120|{AF3EF750-BE53-4E0F-A2EE-C434A79ACAA8}
500035413||20260716|14|22105|1|100|690716214345|690716214345:14:22105:100|{073315C7-3DA5-4F7F-BAA5-D792D7D4AE1F}
500035413||20260716|14|22108|1|50|690716214345|690716214345:14:22108:50|{7C3878FB-6610-462A-9F31-3E9D3A0CA84F}
500035413||20260716|15|30101|1|90|690716214345|690716214345:15:30101:90|{48751874-B7A9-429E-AB76-91AEA40F6B01}
500035413||20260716|15|32001|1|100|690716214345|690716214345:15:32001:100|{627E234E-AB1A-4BFF-BF27-FBE9D2F64136}
500035413||20260716|15|32003|1|290|690716214345|690716214345:15:32003:290|{9B1FC1E3-D52B-432B-BAEA-FEA1501EBF47}
500035413||20260716|15|32201|1|40|690716214345|690716214345:15:32201:40|{9690F000-03AA-4647-A9D2-F3539F8C54A0}
500035413||20260716|15|32202|1|40|690716214345|690716214345:15:32202:40|{5A4A6D22-A922-47BE-B9D0-1AD34363D1CF}
500035413||20260716|15|36506|1|350|690716214345|690716214345:15:36506:350|{D727D7B1-5913-4CE0-958B-C0F5C86E52B8}
500035413||20260716|16|41004|1|350|690716214345|690716214345:16:41004:350|{30427CE2-FE43-450B-BBF1-E6616B8EC827}
500035413||20260716|17|55021|1|50|690716214345|690716214345:17:55021:50|{C3A992B4-DF5C-4AE9-A250-CB57929B6F21}
500035413||20260716|17|55820|2|100|690716214345|690716214345:17:55820:100|{D7B8D445-412E-4A80-9CCE-E382D275AF7D}
500035413||20260716|18|52441|1|0|690716214345|690716214345:18:52441:0|{6EED30FB-E2F6-427C-AC00-B2239CC0493A}
500015442||20260717|17|55811|1|140|690717000020|690717000020:17:55811:140|{4D348EB0-9BB9-4A42-9F1A-FB0ED627A95A}
500032848||20260717|15|32203|1|40|690717000031|690717000031:15:32203:40|{EB54FB5B-64DA-4913-9CDA-1DA0BB7A3B55}
500032848||20260717|17|55021|1|50|690717000031|690717000031:17:55021:50|{69B1D53F-EB5C-4D90-BEBC-CCF5AA7775D3}
500032848||20260717|18|52441|1|0|690717000031|690717000031:18:52441:0|{B57906C2-A11D-4155-AB5A-59FCBCBBCC9E}
500032848||20260717|19|71220|1|50|690717000031|690717000031:19:71220:50|{B1A508A7-59C0-4A77-BB69-733C20CCB1FE}
500041285||20260717|15|32203|1|40|690717000036|690717000036:15:32203:40|{0EBA9C7D-570E-4780-A8C5-12ED4A3C7ACA}
500041285||20260717|15|32401|1|150|690717000036|690717000036:15:32401:150|{7D248F9F-67D5-47A3-9152-66BE20B98FF5}
500041285||20260717|17|55021|1|50|690717000036|690717000036:17:55021:50|{2B8308B2-CAD4-4AEE-B39E-34A2145D07A5}
500041285||20260717|18|52441|1|0|690717000036|690717000036:18:52441:0|{4806545B-C935-40C4-A82E-499C101EF2F4}
500041285||20260717|19|71220|1|50|690717000036|690717000036:19:71220:50|{F7B0C809-CEED-4706-AC69-E8146E30EB85}
500047191||20260717|17|55811|1|140|690717000037|690717000037:17:55811:140|{D9A5FED2-C814-406F-83A6-16720D77A463}
500025608||20260717|15|32203|1|40|690717000038|690717000038:15:32203:40|{42B6E0ED-D3D8-47BE-AB27-7B0157CA7D40}
500025608||20260717|15|32401|1|150|690717000038|690717000038:15:32401:150|{EBA9742F-3357-47FA-91DD-225D44D29AA1}
500025608||20260717|17|55021|1|50|690717000038|690717000038:17:55021:50|{62A1C956-5C01-4BAC-AE09-FFFD12AD95FC}
500025608||20260717|18|52441|1|0|690717000038|690717000038:18:52441:0|{D52780C8-C007-4C35-9374-6C32629D6613}
500025608||20260717|19|71220|1|50|690717000038|690717000038:19:71220:50|{C4A991A0-A9AB-47D7-BB07-81A7226D35E7}
500055810||20260717|17|55811|1|140|690717000047|690717000047:17:55811:140|{4C9D2F7F-B2E5-4946-B28F-770F108B47EC}
500043807||20260717|17|55021|1|50|690717000057|690717000057:17:55021:50|{92153A93-5256-4E47-8AA1-519FA998A109}
500043807||20260717|18|52441|1|0|690717000057|690717000057:18:52441:0|{D5B7B813-8A9E-44C4-BEB1-CBACD8D8C737}
500027066||20260717|17|55021|1|50|690717000067|690717000067:17:55021:50|{77891545-0CBC-4E2A-BD00-3D5613AAD0A6}
500027066||20260717|18|52441|1|0|690717000067|690717000067:18:52441:0|{49CF45F9-2022-406C-B2D7-A45761268E4F}
500014775||20260717|15|32203|1|40|690717000068|690717000068:15:32203:40|{955DBFE3-254B-429C-9C94-088A51F57B3E}
500014775||20260717|15|32401|1|150|690717000068|690717000068:15:32401:150|{35A1F74A-AB82-4159-844A-21DE4B53E151}
500014775||20260717|17|55021|1|50|690717000068|690717000068:17:55021:50|{4AAF6218-0B71-4989-9956-0EB50EFABDFF}
500014775||20260717|18|52441|1|0|690717000068|690717000068:18:52441:0|{261821EA-FCB0-44C3-AA56-F5671C7E0C60}
500014775||20260717|19|71220|1|50|690717000068|690717000068:19:71220:50|{A17496DB-675F-4A0A-BD21-C9870B56EB7E}
500062078||20260717|15|32203|1|40|690717000072|690717000072:15:32203:40|{C6F40A60-65DE-42F7-BB8A-809D5A3C039C}
500062078||20260717|15|32401|1|150|690717000072|690717000072:15:32401:150|{7F24FEA0-1F08-4E4B-9EE9-19BA1CDDEE9D}
500062078||20260717|17|55021|1|50|690717000072|690717000072:17:55021:50|{776A31A6-AAB0-40D3-AFE7-21D343E13116}
500062078||20260717|18|52441|1|0|690717000072|690717000072:18:52441:0|{7616E62B-7270-4ABB-BD2E-4B38CE3804E8}
500062078||20260717|19|71220|1|50|690717000072|690717000072:19:71220:50|{F6BC5892-9A7B-4611-9BFD-B7BA024F6299}
500062038||20260717|11||2|0|690717000083|690717000083:11::0|{F11CE879-A90D-4D47-8DA4-96E3701BCEB9}
500062038||20260717|17|55021|1|50|690717000083|690717000083:17:55021:50|{CCBE30B1-5DFA-4888-AC35-195248F3A0B6}
500062038||20260717|18|52441|1|0|690717000083|690717000083:18:52441:0|{A4EE1FD0-B502-4F43-A6EF-5AA495CC797E}
500039672||20260717|17|55021|1|50|690717000085|690717000085:17:55021:50|{E7A0F30B-3265-41C9-9C44-98BDA2A51266}
500039672||20260717|18|52441|1|0|690717000085|690717000085:18:52441:0|{407D7A21-0174-4A77-BA8C-DB8019810320}
500048726||20260717|12|64102|3|400|690717000092|690717000092:12:64102:400|{721E82CE-9906-4C58-A4D1-40A86D3D9E93}
500048726||20260717|17|55021|1|50|690717000092|690717000092:17:55021:50|{C5BA0554-82B1-44E5-8C60-7ABB2516C9F4}
680095482||20260717|17|55020|1|50|690717000112|690717000112:17:55020:50|{4F0B8EE0-D763-4DEC-A702-F2B28F49FBEF}
680095482||20260717|18|52441|1|0|690717000112|690717000112:18:52441:0|{4A538D71-845C-486E-B64E-72C746508575}
590080807||20260717|17|55020|1|50|690717000121|690717000121:17:55020:50|{1E560650-C4D2-496A-87C7-3F17EC38B63F}
590080807||20260717|18|52441|1|0|690717000121|690717000121:18:52441:0|{4B1FF6FE-9065-448B-8152-0384A1B883A4}
500006302||20260717|17|55020|1|50|690717000149|690717000149:17:55020:50|{15726051-DB03-4CA7-BD45-B625886E94AC}
500006302||20260717|17|55824|1|20|690717000149|690717000149:17:55824:20|{4A427F16-B4E3-4563-BF22-780B03DB0D44}
500050563||20260717|17|55020|1|50|690717000155|690717000155:17:55020:50|{BE04143C-A3CE-44CB-80CA-AAD4DEC01535}
500050563||20260717|17|55824|1|20|690717000155|690717000155:17:55824:20|{582452F7-0B52-4338-A349-91E0DAE09476}
500044260||20260717|12|61101|1|170|690717000173|690717000173:12:61101:170|{4C727CD8-581C-4F59-A684-04A308F9D5ED}
500044260||20260717|12|XXX13|2|0|690717000173|690717000173:12:XXX13:0|{BC5695A0-8FF6-4D6F-96C8-788CCEDEAEA9}
500044260||20260717|17|55020|1|50|690717000173|690717000173:17:55020:50|{2AFF0099-DED8-47E5-AC66-B199D4476F63}
540071752||20260717|12|61101|1|170|690717000174|690717000174:12:61101:170|{B3CAA65D-4B79-41AF-90C0-0E4ED237CCF6}
540071752||20260717|12|XXX13|2|0|690717000174|690717000174:12:XXX13:0|{2C563499-D1CE-4885-A0F6-D0CB80CB586C}
540071752||20260717|17|55020|1|50|690717000174|690717000174:17:55020:50|{C1375471-409B-4442-9BDB-BDD9CA3BA9CC}
500010760||20260717|17|55020|1|50|690717000190|690717000190:17:55020:50|{9963DA15-9E87-459F-8267-CC8CEDBB7E04}
500001801||20260717|17|55020|1|50|690717000196|690717000196:17:55020:50|{87C527EE-E588-4F73-9B51-8F12503FB603}
500001801||20260717|20|XXX14|4|60|690717000196|690717000196:20:XXX14:60|{DF7AE38F-E773-44FF-9DB2-D41D686A1F62}
500001801||20260717|20|XXX14|1|80|690717000196|690717000196:20:XXX14:80|{01B9FEC2-9CA1-4F2B-BDCB-45EDF98720DE}
500031534||20260717|17|55021|1|50|690717000221|690717000221:17:55021:50|{1F55FC59-9452-4C82-A498-E8AC93E461FA}
500031534||20260717|20|XXX14|3|500|690717000221|690717000221:20:XXX14:500|{E10F653C-2E04-4C21-8CB8-B726B0E37B08}
500031534||20260717|20|XXX14|2|70|690717000221|690717000221:20:XXX14:70|{BCF2CFC5-B178-4075-9DBD-36C7673806AC}
500031534||20260717|20|XXX14|2|80|690717000221|690717000221:20:XXX14:80|{D82F0E0A-DE56-441B-A0C3-26C82EDB5333}
500005631||20260717|17|55021|1|50|690717000224|690717000224:17:55021:50|{61925950-73FB-4F44-BBA9-417C8C057DFA}
500005631||20260717|20|XXX14|3|500|690717000224|690717000224:20:XXX14:500|{D2330858-9060-47C7-A18C-C1B0191D005A}
500005631||20260717|20|XXX14|1|70|690717000224|690717000224:20:XXX14:70|{04709297-6AC7-45EC-9CD9-96D886B558C4}
500030904||20260717|17|55021|1|50|690717000228|690717000228:17:55021:50|{98CB34F1-FCE7-4471-B168-164CFDD263C9}
500030904||20260717|20|XXX14|1|100|690717000228|690717000228:20:XXX14:100|{6AF1DD3E-FCC0-455F-94D3-5DD28BAADF64}
500030904||20260717|20|XXX14|3|500|690717000228|690717000228:20:XXX14:500|{67DE8196-5F7A-4F13-9829-BF54370B242C}
500030904||20260717|20|XXX14|3|70|690717000228|690717000228:20:XXX14:70|{E485C4F4-BFD1-4655-9760-98509CDCEFD0}
500030904||20260717|20|XXX14|1|80|690717000228|690717000228:20:XXX14:80|{03F3499A-EA36-4011-88BA-BB2D3CF53080}
500000832||20260717|17|55021|1|50|690717000229|690717000229:17:55021:50|{E35D5221-BC8F-4302-823B-C2AD971AC3A2}
500039195||20260717|17|55021|1|50|690717000231|690717000231:17:55021:50|{B739B3F6-E9A3-486D-B343-1C12F27DDA60}
500039195||20260717|20|XXX14|2|500|690717000231|690717000231:20:XXX14:500|{035A460C-E39E-482E-A963-89C8C283EAA0}
500039195||20260717|20|XXX14|2|60|690717000231|690717000231:20:XXX14:60|{26CFB6A2-8953-475B-9DB0-B6058C218BE9}
500039195||20260717|20|XXX14|2|70|690717000231|690717000231:20:XXX14:70|{AC0649D3-2DF6-443B-B92E-5F4A5800460D}
500039195||20260717|20|XXX14|1|80|690717000231|690717000231:20:XXX14:80|{5598775D-9AB8-4033-81DB-319E7CA370ED}
500007208||20260717|15|31004|1|10|690717062522|690717062522:15:31004:10|{AB44F41F-C537-4B53-A7D8-FFD2A8287209}
500007208||20260717|15|32201|1|40|690717062522|690717062522:15:32201:40|{721D2473-2C47-449B-8C13-536C03B8812F}
500007208||20260717|15|32202|1|40|690717062522|690717062522:15:32202:40|{9BAE51A6-C4AC-42A2-B356-145F11D82EA5}
500007208||20260717|15|32203|1|40|690717062522|690717062522:15:32203:40|{6058B463-BFB3-4251-A69B-6E0C4C25CD19}
500007208||20260717|17|55021|1|50|690717062522|690717062522:17:55021:50|{13AEBBBE-5293-401F-9AE7-C7D521C1B75D}
500007208||20260717|18|52441|1|0|690717062522|690717062522:18:52441:0|{4079BBD4-1A5C-418C-A4EF-0E04219AABC4}
500007208||20260717|19|71220|1|50|690717062522|690717062522:19:71220:50|{889EE3A3-3D12-4091-90C4-907C1084012C}
500029268||20260717|11||2|0|690717062844|690717062844:11::0|{539C1255-BD5E-4DFB-818F-6F460FD069C5}
500029268||20260717|15|32203|1|40|690717062844|690717062844:15:32203:40|{F964316D-AB6D-45B9-8247-361F48B92BDF}
500029268||20260717|15|32401|1|150|690717062844|690717062844:15:32401:150|{5D4D19C4-3B57-4275-9BF2-E055388AC362}
500029268||20260717|17|55021|1|50|690717062844|690717062844:17:55021:50|{CABA6A57-61A1-409A-AD3D-A8AC78728DFD}
500029268||20260717|18|52441|1|0|690717062844|690717062844:18:52441:0|{ED4C3CE2-C17D-4EAA-B0BB-2A46BD173633}
500029268||20260717|19|71220|1|50|690717062844|690717062844:19:71220:50|{CA813E39-F709-402F-BE46-2805CB1E57E0}
500012690||20260717|15|32203|1|40|690717063112|690717063112:15:32203:40|{AAAA7597-10D0-4386-AD9B-887E7A1CE229}
500012690||20260717|17|55021|1|50|690717063112|690717063112:17:55021:50|{378726B2-ADDE-4F21-BD15-8520F1F7A1A5}
500012690||20260717|18|52441|1|0|690717063112|690717063112:18:52441:0|{5526EE05-EFF9-4F39-A0F0-CB007E741E0B}
500012690||20260717|19|71220|1|50|690717063112|690717063112:19:71220:50|{23B3A554-F5BF-4EF9-A443-B5128A05FEBA}
500044083||20260717|15|30101|1|90|690717071800|690717071800:15:30101:90|{FD8633DF-ED7B-42C5-9685-9661BBE59D98}
500044083||20260717|15|30105|1|50|690717071800|690717071800:15:30105:50|{D9D895C7-E2E5-4C1C-A8B4-796C07219803}
500044083||20260717|15|32001|1|100|690717071800|690717071800:15:32001:100|{B661F9C3-33B2-47C1-9201-7644559FA820}
500044083||20260717|15|32202|1|40|690717071800|690717071800:15:32202:40|{49668094-D0D5-4156-912D-21422F272303}
500044083||20260717|17|55021|1|50|690717071800|690717071800:17:55021:50|{B0C3546B-F870-47E9-8C28-E4C22B5BDB0B}
500035651||20260717|15|30101|1|90|690717072637|690717072637:15:30101:90|{40EF4E54-49FF-4ECE-93D3-0AA4A61C6AD5}
500035651||20260717|15|31001|1|60|690717072637|690717072637:15:31001:60|{3CFB938E-9397-4980-AA45-F13B8FBD9B2E}
500035651||20260717|15|32001|1|100|690717072637|690717072637:15:32001:100|{D7B11EEC-1166-42DC-930D-8BF82E8CDB24}
500035651||20260717|15|32004|1|200|690717072637|690717072637:15:32004:200|{2A9DB274-D3CE-494D-BA94-22C61E9C6F6C}
500035651||20260717|15|32201|1|40|690717072637|690717072637:15:32201:40|{7F75BF08-9BFD-4B38-B368-7CF75548A42D}
500035651||20260717|15|32202|1|40|690717072637|690717072637:15:32202:40|{564B4974-AD7C-44BD-B745-7368F3B0A299}
500035651||20260717|15|32203|1|40|690717072637|690717072637:15:32203:40|{AA16C03F-8829-47B3-BD73-7C846362A2E3}
500035651||20260717|17|55021|1|50|690717072637|690717072637:17:55021:50|{1F64444E-9E79-4BF1-917E-4CC609570DC0}
500018076||20260717|17|55021|1|50|690717073631|690717073631:17:55021:50|{7B3C9987-2CAD-40FB-B24C-507E0BDE433F}
500059472||20260717|15|32003|1|290|690717074524|690717074524:15:32003:290|{F7895584-09BD-427A-AF72-B681DCF16B23}
500059472||20260717|15|32004|1|200|690717074524|690717074524:15:32004:200|{C1A34CB7-6B82-489A-87DF-29FBFFF875F6}
500059472||20260717|15|32202|1|40|690717074524|690717074524:15:32202:40|{3EB8ECF0-BD64-4245-80BF-87F24AB26326}
500059472||20260717|17|55021|1|50|690717074524|690717074524:17:55021:50|{3FC9B6A4-3D17-4798-8AF5-576D91D56BE3}
500059472||20260717|18|52441|1|0|690717074524|690717074524:18:52441:0|{87B033E4-A9F2-4221-B77E-1B013F6EEF72}
500014266||20260717|17|55020|1|50|690717080648|690717080648:17:55020:50|{59D33CA7-3B19-4210-8818-06750FD07DC3}
590080624||20260717|15|32004|1|200|690717081329|690717081329:15:32004:200|{962CD79C-4B56-48F2-BD55-C6C9C07061C6}
590080624||20260717|17|55020|1|50|690717081329|690717081329:17:55020:50|{C5F6F8B1-B427-4E36-B5B4-2DBC0DBB1EA2}
590080624||20260717|18|52441|1|0|690717081329|690717081329:18:52441:0|{B6CA0930-0F0C-454C-A7C4-451543CA14E2}
590080624||20260717|9|51410|1|200|690717081329|690717081329:9:51410:200|{82E73CD4-14D5-402C-9AE2-5E364AC8DE57}
670093936||20260717|17|55020|1|50|690717083520|690717083520:17:55020:50|{15D24C4B-D720-4335-8B82-250789045880}
670093936||20260717|17|55823|1|20|690717083520|690717083520:17:55823:20|{C0A3B223-CD00-4DF7-80D4-085BC4FFB319}
560075057||20260717|15|30101|1|90|690717084006|690717084006:15:30101:90|{0935DE89-B40F-43FA-87F5-3DEFF6F9A48E}
560075057||20260717|15|30104|1|30|690717084006|690717084006:15:30104:30|{13ED8941-D218-4DEB-B8D8-FD8818EC42A3}
560075057||20260717|15|32001|1|100|690717084006|690717084006:15:32001:100|{D602D926-EE89-4FC1-96D9-207CC3BCA7E7}
560075057||20260717|15|32002|1|195|690717084006|690717084006:15:32002:195|{D8FF2810-530A-4216-A325-FA7E62CF3A40}
560075057||20260717|15|32003|1|290|690717084006|690717084006:15:32003:290|{F0B246BE-1AD2-42A4-92C7-1E5F7CDED4F5}
560075057||20260717|15|32008|1|150|690717084006|690717084006:15:32008:150|{2D725F2D-F0D8-45CF-B19B-24AF5BAD761F}
560075057||20260717|15|32102|1|40|690717084006|690717084006:15:32102:40|{D53C84AC-FE56-4B27-B766-AEA4FF4FBCB1}
560075057||20260717|15|32103|1|40|690717084006|690717084006:15:32103:40|{EE7EA47F-DDC4-4B03-94AA-84FDEE847F64}
560075057||20260717|15|32104|1|40|690717084006|690717084006:15:32104:40|{2DD7892A-EC1E-4D9C-90F5-D680AF51492D}
560075057||20260717|15|32106|1|50|690717084006|690717084006:15:32106:50|{635A5526-22C8-4290-9F8B-AACEDF8BE1A0}
560075057||20260717|15|32107|1|50|690717084006|690717084006:15:32107:50|{9947EB86-1319-4F70-93DE-0E884A1190E0}
560075057||20260717|15|32109|1|50|690717084006|690717084006:15:32109:50|{A0813299-2EDC-4968-9AE2-3BFEE1F611C4}
560075057||20260717|15|32110|1|400|690717084006|690717084006:15:32110:400|{CD0B4C5A-6957-4B64-B7A3-5F2ABA8C9BA2}
560075057||20260717|15|32201|1|40|690717084006|690717084006:15:32201:40|{416FDB8A-2861-4356-98AE-E594BB6C87E6}
560075057||20260717|15|32202|1|40|690717084006|690717084006:15:32202:40|{DB5AEA7F-D2D0-468F-BB5C-54F672803CBB}
560075057||20260717|15|32204|1|170|690717084006|690717084006:15:32204:170|{872E4E35-BCAC-4DD8-8A4D-FC3D7BF4B79F}
560075057||20260717|16|41004|1|350|690717084006|690717084006:16:41004:350|{DDA6735C-FE79-4BFA-BEA9-5307C96A6855}
560075057||20260717|17|55020|1|50|690717084006|690717084006:17:55020:50|{19BB88FB-5D7D-4344-9AC0-983AA8D10402}
560075057||20260717|17|55611|1|90|690717084006|690717084006:17:55611:90|{AD81A2B5-B9FD-4E8A-BC69-012017F669E4}
560075057||20260717|17|55820|2|100|690717084006|690717084006:17:55820:100|{E90B085F-366C-4508-BA34-34DEC99FC084}
560075057||20260717|17|55822|1|20|690717084006|690717084006:17:55822:20|{D2FF0D9F-16B9-4070-B567-6F81A448CCD2}
560075057||20260717|18|52320|1|160|690717084006|690717084006:18:52320:160|{9CBF5F33-5F88-4785-9F21-794556343125}
560075057||20260717|9|51410|1|200|690717084006|690717084006:9:51410:200|{368DBF64-8531-49BC-A4D8-3CEFE185F800}
640091971||20260717|15|30304|1|100|690717084250|690717084250:15:30304:100|{2FC1191B-251C-403D-9210-118AA902F8EB}
640091971||20260717|15|30305|1|80|690717084250|690717084250:15:30305:80|{4D7F4C5B-31D3-44D5-B4FD-6FB2A8E92448}
640091971||20260717|15|30306|1|310|690717084250|690717084250:15:30306:310|{322CA268-8782-4C91-97D0-EDC69D7CDE54}
640091971||20260717|15|30307|1|250|690717084250|690717084250:15:30307:250|{72FFCCE0-0EF3-4B99-BE17-4A549755DE30}
640091971||20260717|15|32613|1|210|690717084250|690717084250:15:32613:210|{30F2AC12-FA75-4A2D-BACE-F879B0257D50}
640091971||20260717|16|41003|1|250|690717084250|690717084250:16:41003:250|{0CE746DF-E0CB-4471-B04F-E9007DD883E1}
640091971||20260717|9|51410|1|200|690717084250|690717084250:9:51410:200|{5201E053-11DE-481E-BD27-9CEFB78E733E}
500011736||20260717|15|30105|1|50|690717090204|690717090204:15:30105:50|{590B7255-FD0B-4644-8FFC-A450C00980BF}
500011736||20260717|15|32203|1|40|690717090204|690717090204:15:32203:40|{C569D2D5-72D9-48A6-9DD7-2296C4594740}
500011736||20260717|15|32310|1|40|690717090204|690717090204:15:32310:40|{DB8CB68B-B106-48CF-85CE-F3508D037ECB}
500011736||20260717|15|32311|1|40|690717090204|690717090204:15:32311:40|{861787F8-E635-4ADA-A3DD-A3E8B30E2514}
500011736||20260717|17|55020|1|50|690717090204|690717090204:17:55020:50|{50026B12-EF08-4CF1-B087-D1C9F666E2A7}
650079326||20260717|12|62501|1|130|690717091000|690717091000:12:62501:130|{96B71B4B-263D-4E22-ABAF-EC23965F091E}
650079326||20260717|16|41202|1|80|690717091000|690717091000:16:41202:80|{1F98DC10-3ACE-45EA-927C-42015B718252}
650079326||20260717|17|55020|1|50|690717091000|690717091000:17:55020:50|{0BF18CFA-EFED-45A9-8882-52B8D3550909}
660093063||20260717|15|32001|1|100|690717091526|690717091526:15:32001:100|{5D805804-EB95-4A4F-A7EC-44366C52CADE}
660093063||20260717|15|32201|1|40|690717091526|690717091526:15:32201:40|{F607797D-FDBB-40F3-993F-B34DFEF2C7BA}
660093063||20260717|15|32202|1|40|690717091526|690717091526:15:32202:40|{75A8B76B-DF61-4A9A-A4F5-7F5769E84671}
660093063||20260717|16|41003|1|250|690717091526|690717091526:16:41003:250|{ED38E8DF-BAA1-4232-87CB-547E44CD9791}
660093063||20260717|17|55020|1|50|690717091526|690717091526:17:55020:50|{18DA9EAA-D990-4D7B-A957-800C92C3112F}
500003622||20260717|17|55020|1|50|690717092249|690717092249:17:55020:50|{96F19006-F130-455C-A27F-690D8AB009CD}
500035159||20260717|15|30101|1|90|690717102644|690717102644:15:30101:90|{43CF3E64-92DC-47D8-A0AE-72950B40C6CB}
500035159||20260717|15|31001|1|60|690717102644|690717102644:15:31001:60|{6AC110F9-90FD-49B2-A482-322C84CA4F6D}
500035159||20260717|15|32001|1|100|690717102644|690717102644:15:32001:100|{7B0EE71B-75F9-4137-AA99-7F4A52B3CE1D}
500035159||20260717|15|32201|1|40|690717102644|690717102644:15:32201:40|{5B7D8370-0F7B-4E41-BCB4-25B87E76F3EB}
500035159||20260717|15|32202|1|40|690717102644|690717102644:15:32202:40|{EB44A1D0-1331-445A-9678-9BECE85440AA}
500035159||20260717|16|41003|1|250|690717102644|690717102644:16:41003:250|{E71FFB11-E6CD-48F8-B9CB-9AD334D4B005}
500035159||20260717|17|55020|1|50|690717102644|690717102644:17:55020:50|{75E6EB86-C062-415D-AC96-2B12409197AC}
500035159||20260717|18|52441|1|0|690717102644|690717102644:18:52441:0|{554E916A-D9C5-487C-B656-EAC5F95DDD1C}
620087140||20260717|16|41003|2|250|690717110938|690717110938:16:41003:250|{F5016388-1423-4F29-AF6F-DE4D60F6A9A0}
620087140||20260717|17|55020|1|50|690717110938|690717110938:17:55020:50|{F04DC6AC-BDF8-4396-A4D0-0F369965880A}
620087140||20260717|18|52441|1|0|690717110938|690717110938:18:52441:0|{4EB95C57-5512-48B7-926D-C6642DF7D2A8}
620087140||20260717|2|8307|1|1000|690717110938|690717110938:2:8307:1000|{BB3A360E-25A9-4030-8312-8FCE449DD7ED}
620087140||20260717|20|XXX14|1|100|690717110938|690717110938:20:XXX14:100|{7D55FAFC-E43D-4BCD-944E-A0E9737321DE}
620087140||20260717|20|XXX14|1|80|690717110938|690717110938:20:XXX14:80|{0F75A258-B2F8-4D82-B30B-8527BE55841C}
650056657||20260717|17|55020|1|50|690717144027|690717144027:17:55020:50|{FB8E0E00-3732-4456-841B-741E0FCE740A}
650056657||20260717|17|55810|1|70|690717144027|690717144027:17:55810:70|{49A630C0-4547-4F7B-AA62-96156C0E4CF9}
670094088||20260717|16|41003|2|250|690717145711|690717145711:16:41003:250|{D05DB2C8-3DB9-4873-86EE-88ADEB0CCEDC}
670094088||20260717|17|55020|1|50|690717145711|690717145711:17:55020:50|{41BF67FA-B2A7-46E8-8C1D-E54A26A749DD}
670094088||20260717|17|55822|2|20|690717145711|690717145711:17:55822:20|{DC9888B6-BDC9-4223-A2B6-78A8056A0B40}
670094088||20260717|18|52441|1|0|690717145711|690717145711:18:52441:0|{E6899042-C157-4BDE-8E44-B525571C85CC}
670094088||20260717|2|8608|2|800|690717145711|690717145711:2:8608:800|{F677FE11-B72C-4EE5-A0AD-5470EA61A13A}
670094088||20260717|20|XXX14|1|100|690717145711|690717145711:20:XXX14:100|{422F484A-13FC-495E-93F8-42E1625D42D6}
670094088||20260717|20|XXX14|1|80|690717145711|690717145711:20:XXX14:80|{70B6E274-9A8C-41D3-A603-823B0B962679}
680095984||20260717|17|55020|1|50|690717153848|690717153848:17:55020:50|{27F0DADE-C9DD-4877-9FA1-D7E91DB36C9F}
680095984||20260717|20|XXX14|1|100|690717153848|690717153848:20:XXX14:100|{472CB6B7-79D5-4B5E-BF9C-05516BD066E6}
680095984||20260717|20|XXX14|3|500|690717153848|690717153848:20:XXX14:500|{A6E040F6-F5B7-47D8-8F55-F4F788B59A83}
680095984||20260717|20|XXX14|1|70|690717153848|690717153848:20:XXX14:70|{92C0B342-D466-4EE2-805E-D5B0842A408C}
680095984||20260717|20|XXX14|1|80|690717153848|690717153848:20:XXX14:80|{978A8230-73C7-4102-864E-159CF38813DF}
500008387||20260717|17|55020|1|50|690717155017|690717155017:17:55020:50|{59572CD4-C167-474D-8429-E52CF47D86E6}
500008387||20260717|17|55822|2|20|690717155017|690717155017:17:55822:20|{E0FDDA9F-9F49-4457-B357-2DCF18A28B37}
500048151||20260717|13|58130|1|250|690717160838|690717160838:13:58130:250|{7D933303-7EF3-4181-8142-AAAE99DD5E0E}
500048151||20260717|17|55021|1|50|690717160838|690717160838:17:55021:50|{B140CDE0-24EB-4E6F-806E-5AF811224956}
500007956||20260717|17|55021|1|50|690717162811|690717162811:17:55021:50|{60512C6A-9500-4BB2-B41D-3DC3DAE4F37F}
520065671||20260717|17|55021|1|50|690717182819|690717182819:17:55021:50|{FCD11391-FCCD-4701-AA6D-94A7479016AE}
520065986||20260717|17|55021|1|50|690717183903|690717183903:17:55021:50|{84DCF485-5CDD-4DDE-B565-25F4F063FA01}
500015442||20260718|17|55811|1|140|690718000004|690718000004:17:55811:140|{8A5BE68B-61F9-4B3C-ACCB-B7B4DDC82B6B}
500047191||20260718|17|55811|1|140|690718000008|690718000008:17:55811:140|{9DFD282D-796C-41A9-A104-9BB1C6334A2F}
500010578||20260718|17|55021|1|50|690718000021|690718000021:17:55021:50|{8FBC4730-5AFA-4B6F-BDF8-4F836B0055CF}
500010578||20260718|20|XXX14|1|100|690718000021|690718000021:20:XXX14:100|{05B98675-C24D-4D1B-A38B-EE1177577A17}
500010578||20260718|20|XXX14|1|80|690718000021|690718000021:20:XXX14:80|{AB7CE3AF-BF16-4A59-9B4A-81126FA00708}
500030542||20260718|17|55020|1|50|690718000023|690718000023:17:55020:50|{07F8CD44-ADF0-47C3-8887-9FA3F26E8E33}
500030542||20260718|20|XXX14|1|100|690718000023|690718000023:20:XXX14:100|{1D44DEAB-E390-404B-9670-674B39339415}
500030542||20260718|20|XXX14|1|80|690718000023|690718000023:20:XXX14:80|{4D191629-7EB8-46BA-BE3B-6F6B0F7A43A6}
500047130||20260718|17|55020|1|50|690718000024|690718000024:17:55020:50|{EDC55841-D648-4C60-96B2-97F93BBBA687}
500047130||20260718|20|XXX14|1|100|690718000024|690718000024:20:XXX14:100|{080B2D95-69DB-4F7C-9164-87BF913AACA2}
500047130||20260718|20|XXX14|1|80|690718000024|690718000024:20:XXX14:80|{98F5F881-79E3-4670-9C1F-361B4C4A7ABF}
500000135||20260718|11||2|0|690718000025|690718000025:11::0|{D6BE417B-D21D-4213-ABFA-B3386FA7A888}
500000135||20260718|17|55020|1|50|690718000025|690718000025:17:55020:50|{B98075D9-3A20-42D3-AF43-FFC699512D54}
500000135||20260718|20|XXX14|1|100|690718000025|690718000025:20:XXX14:100|{2595EC9F-89D9-4CBB-BBA1-81269E3391C2}
500000135||20260718|20|XXX14|1|80|690718000025|690718000025:20:XXX14:80|{D1AA7B4D-2101-4341-8708-52EF0085AEEE}
690097587||20260718|17|55020|1|50|690718000031|690718000031:17:55020:50|{91296B7B-E0E5-4F51-864E-FF1A9FFC2071}
690097587||20260718|20|XXX14|1|100|690718000031|690718000031:20:XXX14:100|{1660ADA9-779F-409D-90BB-FCD53EC43F54}
690097587||20260718|20|XXX14|1|80|690718000031|690718000031:20:XXX14:80|{74407311-6E99-4E26-9118-A092EA3820C8}
580078461||20260718|17|55020|1|50|690718000032|690718000032:17:55020:50|{59DD857C-E3F6-47E8-8BDE-0B601FE14547}
580078461||20260718|20|XXX14|1|100|690718000032|690718000032:20:XXX14:100|{92551B6D-A00D-4EA1-8ECE-FDD1C4FBD914}
580078461||20260718|20|XXX14|1|80|690718000032|690718000032:20:XXX14:80|{788AF210-ECC2-405B-B4FF-A5C980392AED}
500046891||20260718|11||2|0|690718000033|690718000033:11::0|{8C064C0C-72FE-4830-B607-ADCCB489C733}
500046891||20260718|17|55020|1|50|690718000033|690718000033:17:55020:50|{2BCFEEF2-94C6-4594-B934-85F7F496D9FD}
500046891||20260718|20|XXX14|1|100|690718000033|690718000033:20:XXX14:100|{DD47A4D3-2CBB-4EC0-83F9-E035306CE495}
500046891||20260718|20|XXX14|1|80|690718000033|690718000033:20:XXX14:80|{0EE8A6CC-8644-482E-BB6E-B02CE0B86A9C}
500028095||20260718|11||2|0|690718000036|690718000036:11::0|{4643F478-C41D-49D9-9AAB-090F538D26FB}
500028095||20260718|17|55020|1|50|690718000036|690718000036:17:55020:50|{5A11F176-04DC-4679-BFBB-B9F387B8F1A8}
500028095||20260718|20|XXX14|1|100|690718000036|690718000036:20:XXX14:100|{1A3BACA1-BD17-4F03-B665-5A6E50438686}
500028095||20260718|20|XXX14|2|500|690718000036|690718000036:20:XXX14:500|{56D19751-5674-4687-9B86-AF999EFBAD5C}
500028095||20260718|20|XXX14|1|80|690718000036|690718000036:20:XXX14:80|{635645DC-5028-4AD9-AF87-A72B5A1646BB}
690097689||20260718|11||2|0|690718000037|690718000037:11::0|{B37D1F4A-6143-460B-B9C2-599BD4D37B20}
690097689||20260718|17|55020|1|50|690718000037|690718000037:17:55020:50|{5C072687-F120-4AA7-B7E2-94BF4137352B}
690097689||20260718|20|XXX14|1|100|690718000037|690718000037:20:XXX14:100|{F19B577C-3F3C-4286-935F-F439EA174E81}
690097689||20260718|20|XXX14|1|80|690718000037|690718000037:20:XXX14:80|{0C0C963B-2BF1-432D-9212-9445FE7FDBC2}
500002532||20260718|11||2|0|690718000038|690718000038:11::0|{F58E58C0-FADE-42E8-A6F2-B4F350C92A6D}
500002532||20260718|17|55020|1|50|690718000038|690718000038:17:55020:50|{7DE0881B-994D-4616-BCDB-CF59715885D6}
500002532||20260718|20|XXX14|1|100|690718000038|690718000038:20:XXX14:100|{09C363F9-4C3E-4BE2-86AB-84F6F1D20FCF}
500002532||20260718|20|XXX14|2|500|690718000038|690718000038:20:XXX14:500|{C2E65FA8-6C00-483C-A411-57CF049AA21B}
500002532||20260718|20|XXX14|1|80|690718000038|690718000038:20:XXX14:80|{D29AB6C7-EF4F-44E5-80DD-3E77DF84FC94}
500036233||20260718|17|55020|1|50|690718000039|690718000039:17:55020:50|{9A3861C4-9E1F-4ED8-BE39-79C4B90130F0}
500036233||20260718|20|XXX14|1|100|690718000039|690718000039:20:XXX14:100|{61BA57CD-C52D-4996-8BCC-0608A63BE514}
500036233||20260718|20|XXX14|2|500|690718000039|690718000039:20:XXX14:500|{10AF33B6-E51B-45FC-9122-1AE3918AE8F9}
500036233||20260718|20|XXX14|1|80|690718000039|690718000039:20:XXX14:80|{9A3AA0D0-E144-4AAB-9AEA-69E8BCFCD52B}
500002569||20260718|17|55020|1|50|690718000040|690718000040:17:55020:50|{B8F68E85-8E09-4CA6-B3D1-662A85F73F35}
500002569||20260718|20|XXX14|1|100|690718000040|690718000040:20:XXX14:100|{74C369B7-DD4B-4510-A7EC-CEEF3004A1D9}
500002569||20260718|20|XXX14|2|500|690718000040|690718000040:20:XXX14:500|{1024C3CC-3B2F-4F04-B2A7-8D516AB177A0}
500002569||20260718|20|XXX14|1|80|690718000040|690718000040:20:XXX14:80|{20BBA0F6-1FB9-435E-AD64-B632E7E47C88}
500008717||20260718|17|55020|1|50|690718000043|690718000043:17:55020:50|{77ED932E-1180-4402-9738-8D9787D80C25}
500008717||20260718|20|XXX14|1|100|690718000043|690718000043:20:XXX14:100|{3B69DF31-2849-4B6C-9A69-261B7E09F352}
500008717||20260718|20|XXX14|1|80|690718000043|690718000043:20:XXX14:80|{0162DA46-BAB8-4602-88FE-9DB92B4F07B9}
500000835||20260718|17|55020|1|50|690718000044|690718000044:17:55020:50|{01A4CCD5-B12F-4906-9B58-1F18BDAD4459}
500000835||20260718|20|XXX14|1|100|690718000044|690718000044:20:XXX14:100|{976ECA37-41FF-47CE-97C1-5AE92D3FBDDC}
500000835||20260718|20|XXX14|2|500|690718000044|690718000044:20:XXX14:500|{EE69FD03-7F5C-49B1-BAB1-4835750D20D9}
500000835||20260718|20|XXX14|1|80|690718000044|690718000044:20:XXX14:80|{8BCEF549-76EC-4B70-A256-001C07CC3FCF}
500000165||20260718|17|55020|1|50|690718000046|690718000046:17:55020:50|{14EC9CB6-D686-4373-AF80-9889801FC46B}
500000165||20260718|20|XXX14|1|100|690718000046|690718000046:20:XXX14:100|{4B58ED10-98DC-4D68-AE30-F126BE6985AC}
500000165||20260718|20|XXX14|2|500|690718000046|690718000046:20:XXX14:500|{582F43B5-B20E-4365-9461-048DB05E0998}
500000165||20260718|20|XXX14|1|80|690718000046|690718000046:20:XXX14:80|{DC462427-9204-4CC2-B127-2E59F0BD63B5}
500012689||20260718|17|55020|1|50|690718000047|690718000047:17:55020:50|{1489073A-430B-46A7-AF99-9A3795674FF0}
500012689||20260718|20|XXX14|1|100|690718000047|690718000047:20:XXX14:100|{855298EC-C67D-4550-9AAC-CE9C436B185D}
500012689||20260718|20|XXX14|2|500|690718000047|690718000047:20:XXX14:500|{DE669583-8B51-4A7E-A5D5-1271A8ED7AD1}
500012689||20260718|20|XXX14|1|80|690718000047|690718000047:20:XXX14:80|{943B329C-5B3F-40D5-AFBF-02D9955ACC6F}
540071968||20260718|17|55020|1|50|690718000049|690718000049:17:55020:50|{A55297A3-073C-4E2E-8B9E-69269C7B6D55}
540071968||20260718|20|XXX14|1|100|690718000049|690718000049:20:XXX14:100|{52442C62-0B5A-4FE4-A4BC-D2A81ED5D809}
540071968||20260718|20|XXX14|2|500|690718000049|690718000049:20:XXX14:500|{4CAFE44F-BF76-4533-B5ED-F31B18F736E7}
540071968||20260718|20|XXX14|1|80|690718000049|690718000049:20:XXX14:80|{2B2A9D9E-3140-4ABD-A521-815AB83B4AD2}
500003075||20260718|17|55020|1|50|690718000051|690718000051:17:55020:50|{21CBC124-4914-4C7A-9787-FE5423425AB4}
500003075||20260718|20|XXX14|1|100|690718000051|690718000051:20:XXX14:100|{C526C9B5-3D1E-41D1-B05A-4AB468BBB51F}
500003075||20260718|20|XXX14|2|500|690718000051|690718000051:20:XXX14:500|{E4977923-3980-4A41-A0A9-7AAA1E162FDA}
500003075||20260718|20|XXX14|1|80|690718000051|690718000051:20:XXX14:80|{F9121980-00C6-488D-8B80-A469D80A8E16}
500018177||20260718|17|55020|1|50|690718000052|690718000052:17:55020:50|{3AE2F12B-7F06-45EF-A716-F556E396CFBB}
500018177||20260718|20|XXX14|1|100|690718000052|690718000052:20:XXX14:100|{02211762-93F6-47D9-A893-B0CD78B88215}
500018177||20260718|20|XXX14|1|80|690718000052|690718000052:20:XXX14:80|{A5F60D1A-EA92-4393-8A0F-5E007D355DB1}
500026132||20260718|17|55020|1|50|690718000053|690718000053:17:55020:50|{8F927C68-738B-4605-BAAC-9D2FD23DB0D1}
500026132||20260718|20|XXX14|1|100|690718000053|690718000053:20:XXX14:100|{7AA502A7-EA91-452E-985B-AF0DBBEE9DFF}
500026132||20260718|20|XXX14|2|500|690718000053|690718000053:20:XXX14:500|{F9E63B0F-52E6-4386-B8CB-3D47AC432608}
500026132||20260718|20|XXX14|1|80|690718000053|690718000053:20:XXX14:80|{566E3A04-8EE7-4D32-B7A0-5B712793B727}
500008361||20260718|17|55020|1|50|690718000054|690718000054:17:55020:50|{9E238283-DC51-49D7-96AA-AA9BA888BE4D}
500008361||20260718|20|XXX14|1|100|690718000054|690718000054:20:XXX14:100|{50656AC4-24C1-453C-A2CD-83FBF4C2B7C9}
500008361||20260718|20|XXX14|2|500|690718000054|690718000054:20:XXX14:500|{543E73A8-0750-4DCC-848E-AD390903E50B}
500008361||20260718|20|XXX14|1|80|690718000054|690718000054:20:XXX14:80|{9034E496-3358-4DCD-B58E-11CED3C7045A}
500038535||20260718|17|55020|1|50|690718000056|690718000056:17:55020:50|{F0B36418-24A7-49FB-87DB-01EC9B6EE940}
500038535||20260718|20|XXX14|1|100|690718000056|690718000056:20:XXX14:100|{2D8BB11A-37DC-433C-B9E6-71C3740AE71E}
500038535||20260718|20|XXX14|1|80|690718000056|690718000056:20:XXX14:80|{DDBDAEB3-D594-4B82-83EB-0FAB1F51077F}
500013555||20260718|17|55020|1|50|690718000057|690718000057:17:55020:50|{9C6D4528-B51F-49BD-A93E-9D9DB3958995}
500013555||20260718|20|XXX14|1|100|690718000057|690718000057:20:XXX14:100|{8EA0E1E8-11EE-4881-9485-9DD50FFB8206}
500013555||20260718|20|XXX14|1|80|690718000057|690718000057:20:XXX14:80|{A3C1B454-D43E-46F4-A3C4-AAF8436F4E77}
650077198||20260718|11||2|0|690718000058|690718000058:11::0|{91DC6DBB-D341-4EE2-839E-2DE389EFDDB9}
650077198||20260718|17|55020|1|50|690718000058|690718000058:17:55020:50|{5EB7FBA4-828B-4047-9884-46B0CBD1CF1F}
650077198||20260718|20|XXX14|1|100|690718000058|690718000058:20:XXX14:100|{347819FF-2741-4FE2-A31F-C33A000569A5}
650077198||20260718|20|XXX14|2|500|690718000058|690718000058:20:XXX14:500|{15FE9997-DDA2-465C-A2C4-6DFEEF5B8206}
650077198||20260718|20|XXX14|1|80|690718000058|690718000058:20:XXX14:80|{66986D33-6191-4D58-A60F-EB4AAF06875F}
500005110||20260718|17|55020|1|50|690718000059|690718000059:17:55020:50|{D3D8EB2F-B18E-4432-BBC6-7C9133720486}
500005110||20260718|20|XXX14|1|100|690718000059|690718000059:20:XXX14:100|{26468B1F-6B2A-4DC1-BEFB-8FBC593773AA}
500005110||20260718|20|XXX14|2|500|690718000059|690718000059:20:XXX14:500|{C13A0D97-4093-43E8-937C-B3106AA595A2}
500005110||20260718|20|XXX14|1|80|690718000059|690718000059:20:XXX14:80|{9906D0BE-9B95-492E-9C2C-B9C5EAAFE09B}
500018015||20260718|11||2|0|690718000060|690718000060:11::0|{A652501B-C489-4875-897D-C81FCF866FFB}
500018015||20260718|17|55020|1|50|690718000060|690718000060:17:55020:50|{83571B99-E3A4-4011-8008-CD58DBDDA576}
500018015||20260718|20|XXX14|1|100|690718000060|690718000060:20:XXX14:100|{3146951D-18A3-44A8-ABE7-8B2C38A861D5}
500018015||20260718|20|XXX14|2|500|690718000060|690718000060:20:XXX14:500|{72E2D4D4-E7FC-4065-81DB-DB3C2E87D046}
500018015||20260718|20|XXX14|1|80|690718000060|690718000060:20:XXX14:80|{897A7C28-B978-4370-A268-81C99510D99F}
640090964||20260718|11||2|0|690718000062|690718000062:11::0|{814745F7-4738-457B-81E9-644E3E9B8FA3}
640090964||20260718|17|55020|1|50|690718000062|690718000062:17:55020:50|{59DCA20B-A2D2-4957-BC50-8EF470F0C2E3}
640090964||20260718|20|XXX14|1|100|690718000062|690718000062:20:XXX14:100|{37AF6428-3BE0-463A-97F0-33899A526AD8}
640090964||20260718|20|XXX14|2|500|690718000062|690718000062:20:XXX14:500|{36C95D21-FDCB-45B6-9160-F44F5104343F}
640090964||20260718|20|XXX14|1|80|690718000062|690718000062:20:XXX14:80|{2A2C16E1-E566-452C-9B2D-007AC519623A}
510063653||20260718|17|55020|1|50|690718000063|690718000063:17:55020:50|{B7B5A744-3139-473C-8806-9CEEB5CD2B73}
510063653||20260718|20|XXX14|1|100|690718000063|690718000063:20:XXX14:100|{FD46B73A-CE90-47BF-ADA5-E48E619CA69A}
510063653||20260718|20|XXX14|1|80|690718000063|690718000063:20:XXX14:80|{085F43F0-FE08-42FF-82CB-932881F287BC}
500040417||20260718|17|55020|1|50|690718000064|690718000064:17:55020:50|{3BE1F381-083E-4725-9F6A-25DDAB19AE9D}
500040417||20260718|20|XXX14|1|100|690718000064|690718000064:20:XXX14:100|{3C8278F8-DE41-4677-800D-E76D02EAEFE3}
500040417||20260718|20|XXX14|1|80|690718000064|690718000064:20:XXX14:80|{1F82D31C-BADE-4DFF-BCAF-CD168E092B06}
500007709||20260718|17|55020|1|50|690718000065|690718000065:17:55020:50|{100A4F15-592D-446A-A456-40F72749BB89}
500007709||20260718|20|XXX14|1|100|690718000065|690718000065:20:XXX14:100|{F01FCF9D-9BEF-4A61-A255-E002ED2018AE}
500007709||20260718|20|XXX14|1|80|690718000065|690718000065:20:XXX14:80|{04B67B15-D965-4ECD-8D50-8254B2103E98}
690097669||20260718|11||2|0|690718000066|690718000066:11::0|{DAE2A0B5-E429-4CBA-BE47-63E5F515FF6E}
690097669||20260718|17|55020|1|50|690718000066|690718000066:17:55020:50|{E9197255-803E-45CE-AC02-22BAA21D8A70}
690097669||20260718|20|XXX14|1|100|690718000066|690718000066:20:XXX14:100|{6EBF4E5C-90B7-463A-AA83-2CB5668ECA5E}
690097669||20260718|20|XXX14|2|500|690718000066|690718000066:20:XXX14:500|{E0FDB5B3-B3D5-42EC-B802-53BF3BBE2933}
690097669||20260718|20|XXX14|1|80|690718000066|690718000066:20:XXX14:80|{D24C0C07-539F-40DD-A4B6-9889D9E41ECA}
590081146||20260718|17|55020|1|50|690718000069|690718000069:17:55020:50|{CFA6B67B-CC8B-4221-93C7-3B43928A99B8}
590081146||20260718|20|XXX14|1|100|690718000069|690718000069:20:XXX14:100|{B44CCEAD-BD19-4EBE-9238-54033E6106AA}
590081146||20260718|20|XXX14|2|500|690718000069|690718000069:20:XXX14:500|{88C3081E-CF10-4458-9579-EB214A6AFFB9}
590081146||20260718|20|XXX14|1|80|690718000069|690718000069:20:XXX14:80|{F904D477-497E-4987-A345-655AF17328BF}
500009355||20260718|17|55020|1|50|690718000070|690718000070:17:55020:50|{400EA8DA-B927-4A1F-A48D-4AFAB75B5673}
500009355||20260718|20|XXX14|1|100|690718000070|690718000070:20:XXX14:100|{77F5EA1E-9D3F-465D-84CA-DD028E9C89A1}
500009355||20260718|20|XXX14|1|80|690718000070|690718000070:20:XXX14:80|{2B36E4AE-61DB-4B74-B229-6E803B60F712}
500024258||20260718|17|55020|1|50|690718000071|690718000071:17:55020:50|{B60E727D-F364-471A-9A9C-5429C8D2842E}
500024258||20260718|20|XXX14|1|100|690718000071|690718000071:20:XXX14:100|{A91517DE-91CC-4E95-9577-94D87A9E4B81}
500024258||20260718|20|XXX14|1|80|690718000071|690718000071:20:XXX14:80|{6032CDC8-4BB8-4132-8DDD-BFAFBE78842C}
500002530||20260718|17|55020|1|50|690718000075|690718000075:17:55020:50|{786594E6-1534-47F7-B621-3F86B6F71C98}
500002530||20260718|20|XXX14|1|100|690718000075|690718000075:20:XXX14:100|{2C378C68-8B04-4B50-B441-778CD209DDFD}
500002530||20260718|20|XXX14|1|80|690718000075|690718000075:20:XXX14:80|{8AC0FEB2-75FD-4702-84D2-1FD3CAEF144A}
530069956||20260718|17|55020|1|50|690718000076|690718000076:17:55020:50|{7E1C6980-8387-434B-B640-A89BF4E0D30B}
530069956||20260718|20|XXX14|1|100|690718000076|690718000076:20:XXX14:100|{57B7598D-1F5A-4765-8D3C-0BE95A317357}
530069956||20260718|20|XXX14|1|80|690718000076|690718000076:20:XXX14:80|{9D178520-4F5A-4A4F-AD6D-DA15F8B50C87}
500061002||20260718|11||2|0|690718000077|690718000077:11::0|{F4DE5255-2A63-498A-BEE4-06F8E81F73DE}
500061002||20260718|17|55020|1|50|690718000077|690718000077:17:55020:50|{A17B802F-634B-4B41-83C0-B042C6C3ED52}
500061002||20260718|20|XXX14|1|100|690718000077|690718000077:20:XXX14:100|{BF3A15EC-3ABA-4D06-BDBF-C760EA9AAD71}
500061002||20260718|20|XXX14|1|80|690718000077|690718000077:20:XXX14:80|{073F23D4-52ED-48D9-9AAC-888BF6A375F0}
500031287||20260718|17|55020|1|50|690718000078|690718000078:17:55020:50|{A1FD8BCD-8CF6-460C-8A2D-73CBC7BBF817}
500031287||20260718|20|XXX14|1|100|690718000078|690718000078:20:XXX14:100|{0C97A33D-0B66-43CF-B627-6446F71D0961}
500031287||20260718|20|XXX14|2|500|690718000078|690718000078:20:XXX14:500|{BB993EC8-700F-4E45-BABE-7B8FE758B1E4}
500031287||20260718|20|XXX14|1|80|690718000078|690718000078:20:XXX14:80|{4CBDCE24-EC82-48AB-B951-242FADDEF019}
500034752||20260718|17|55020|1|50|690718000079|690718000079:17:55020:50|{A96048DF-7191-4A0A-9B48-DF58B246B3C9}
500034752||20260718|20|XXX14|1|100|690718000079|690718000079:20:XXX14:100|{A85AC735-3B31-496C-8644-7399B1B1F738}
500034752||20260718|20|XXX14|2|500|690718000079|690718000079:20:XXX14:500|{F7A2949C-36F4-4004-94FD-74524F9C5A81}
500034752||20260718|20|XXX14|1|80|690718000079|690718000079:20:XXX14:80|{65C9B7E1-CA07-4211-89A4-5AF74DA3ADC0}
680095939||20260718|17|55020|1|50|690718000080|690718000080:17:55020:50|{AF457A3E-A3D8-4B20-A08B-C5774BBA9FE0}
680095939||20260718|20|XXX14|1|100|690718000080|690718000080:20:XXX14:100|{28EA74F1-0580-4168-BEF6-1B76FCCD43EE}
680095939||20260718|20|XXX14|2|500|690718000080|690718000080:20:XXX14:500|{2DEC19A5-1514-43E0-9DFA-EF2BFAAA551E}
680095939||20260718|20|XXX14|1|80|690718000080|690718000080:20:XXX14:80|{7CE7D463-734A-40FB-8508-CD5105F71BC6}
690097716||20260718|11||2|0|690718000081|690718000081:11::0|{8D94C68F-BB6B-4034-9D85-394655E147A8}
690097716||20260718|17|55020|1|50|690718000081|690718000081:17:55020:50|{8A1388B4-7A57-4D88-B036-B0E366703F5A}
690097716||20260718|20|XXX14|1|100|690718000081|690718000081:20:XXX14:100|{C3D6A615-7514-4548-A932-2B5412E4B79B}
690097716||20260718|20|XXX14|2|500|690718000081|690718000081:20:XXX14:500|{214D9857-9AFA-489C-849D-6ED74BD2BE19}
690097716||20260718|20|XXX14|1|80|690718000081|690718000081:20:XXX14:80|{0327CA21-EA48-43E0-96AB-83B9B2F1F355}
690097717||20260718|11||2|0|690718000082|690718000082:11::0|{6E84AEB3-085F-4AC0-B53D-8FBEBEB10C09}
690097717||20260718|17|55020|1|50|690718000082|690718000082:17:55020:50|{E08AFDB0-3435-47A4-A65A-0C1BEF827FE3}
690097717||20260718|20|XXX14|1|100|690718000082|690718000082:20:XXX14:100|{E33BBDE2-2731-4786-83E7-9CCBAB49B3AF}
690097717||20260718|20|XXX14|2|500|690718000082|690718000082:20:XXX14:500|{F57F75DE-9653-4A1C-AAAC-8E8E34D6648C}
690097717||20260718|20|XXX14|1|80|690718000082|690718000082:20:XXX14:80|{4A9F82A1-6007-46FA-8A01-D6FBE1526B08}
500029978||20260718|11||2|0|690718000083|690718000083:11::0|{6E335820-A4F5-47AC-8DE9-DB70EC0BA0D3}
500029978||20260718|17|55020|1|50|690718000083|690718000083:17:55020:50|{BF8D8B8A-2C2B-481C-A2A8-4D572069DDD5}
500029978||20260718|20|XXX14|1|100|690718000083|690718000083:20:XXX14:100|{F3D4F58A-476B-4E18-AEA7-BFBD6D851C4C}
500029978||20260718|20|XXX14|1|80|690718000083|690718000083:20:XXX14:80|{A476E036-FCCF-4591-BF92-7A16D2BC18B6}
500035980||20260718|11||2|0|690718000084|690718000084:11::0|{A9EC635A-DED1-477F-B4CD-603E5B55FA54}
500035980||20260718|17|55020|1|50|690718000084|690718000084:17:55020:50|{05F701A9-D11A-497C-8F45-94AB174FEA23}
500035980||20260718|20|XXX14|1|100|690718000084|690718000084:20:XXX14:100|{015DA338-7A4C-4E18-8814-1186F07748A5}
500035980||20260718|20|XXX14|1|80|690718000084|690718000084:20:XXX14:80|{C43AFE2E-2765-4940-9190-71BAE3DDF01F}
520066235||20260718|17|55020|1|50|690718000085|690718000085:17:55020:50|{392593CA-DC14-4FCE-A8A4-A0FF2EC4234C}
520066235||20260718|20|XXX14|1|100|690718000085|690718000085:20:XXX14:100|{FB004AAB-41B5-48FA-B608-D8AFDCE6FA1E}
520066235||20260718|20|XXX14|2|500|690718000085|690718000085:20:XXX14:500|{739D4BB8-03DB-4CC8-B208-F59603134499}
520066235||20260718|20|XXX14|1|80|690718000085|690718000085:20:XXX14:80|{01DFFF22-57E2-4417-9363-704010229E63}
590080060||20260718|17|55020|1|50|690718000086|690718000086:17:55020:50|{AE1DD9F4-D2BC-4E08-A8A0-D76F9FB8D09F}
590080060||20260718|20|XXX14|1|100|690718000086|690718000086:20:XXX14:100|{436A6B57-FC1B-4779-B84D-17BF8DAC6022}
590080060||20260718|20|XXX14|1|80|690718000086|690718000086:20:XXX14:80|{FB77C46C-C2E7-4A32-8010-B7E01A603492}
690097589||20260718|17|55020|1|50|690718000089|690718000089:17:55020:50|{24D78C70-7C8C-4B9E-BD00-6983806638ED}
690097589||20260718|20|XXX14|1|100|690718000089|690718000089:20:XXX14:100|{1A8EB2B6-1DE5-4337-BF06-549F2B5F8ABA}
690097589||20260718|20|XXX14|1|80|690718000089|690718000089:20:XXX14:80|{053C7986-F0C3-4561-BBD9-B43270D475C0}
690097763||20260718|11||2|0|690718000091|690718000091:11::0|{B6CA5B41-09A3-4B67-805C-9E1CA0EBD6D3}
690097763||20260718|17|55020|1|50|690718000091|690718000091:17:55020:50|{2AA4CE26-F743-44E0-900E-8B648B81E246}
690097763||20260718|20|XXX14|1|100|690718000091|690718000091:20:XXX14:100|{9B092258-D4C6-47A3-B3BE-EDA2EEA944CE}
690097763||20260718|20|XXX14|1|80|690718000091|690718000091:20:XXX14:80|{DA12E05D-71E6-4BE6-82DD-9AF06328B96C}
500046265||20260718|17|55020|1|50|690718000093|690718000093:17:55020:50|{0C15A813-A4AA-4F2E-B91B-B9142E304E46}
500046265||20260718|20|XXX14|1|100|690718000093|690718000093:20:XXX14:100|{20435E65-AE59-4D26-9E03-A468AEB74641}
500046265||20260718|20|XXX14|2|500|690718000093|690718000093:20:XXX14:500|{977AF0E4-772F-40FD-9A1A-46F4D50197DD}
500046265||20260718|20|XXX14|1|80|690718000093|690718000093:20:XXX14:80|{463C9ACD-9F5E-42AB-8033-749CFCF34606}
500046638||20260718|17|55020|1|50|690718000094|690718000094:17:55020:50|{D842B0B1-68E2-438C-B68F-AF9EF3AD7D24}
500046638||20260718|20|XXX14|1|100|690718000094|690718000094:20:XXX14:100|{622CF876-FC59-4196-AD8B-0680FF782964}
500046638||20260718|20|XXX14|2|500|690718000094|690718000094:20:XXX14:500|{95EC374E-7302-4A68-B01F-1F0231C38DE1}
500046638||20260718|20|XXX14|1|80|690718000094|690718000094:20:XXX14:80|{481335A7-B3A9-45FB-B9A3-4229D7963913}
640092077||20260718|17|55020|1|50|690718000095|690718000095:17:55020:50|{18A3F3ED-25E3-405A-BE91-F2FEA94CE096}
640092077||20260718|20|XXX14|1|100|690718000095|690718000095:20:XXX14:100|{1802D1E5-0F8D-46FF-B850-318EE4D82AF7}
640092077||20260718|20|XXX14|1|80|690718000095|690718000095:20:XXX14:80|{AD180A02-9B22-4A69-ABF6-77BB4D0F7CE1}
500015963||20260718|11||2|0|690718000096|690718000096:11::0|{3AF98C9B-2283-4279-B260-A272C60F9C7B}
500015963||20260718|17|55020|1|50|690718000096|690718000096:17:55020:50|{103CFA29-3107-4FF0-8312-140F17ACAF88}
500015963||20260718|20|XXX14|1|100|690718000096|690718000096:20:XXX14:100|{B8E6700C-B0CC-4545-AC02-88579FC3C507}
500015963||20260718|20|XXX14|1|80|690718000096|690718000096:20:XXX14:80|{53123AAB-F59A-4809-B2BA-1FF3220742BB}
530069211||20260718|17|55020|1|50|690718000097|690718000097:17:55020:50|{7B9D1DC7-E138-42AA-9EA6-D287E09799D4}
530069211||20260718|20|XXX14|1|100|690718000097|690718000097:20:XXX14:100|{799DB7FE-7DF4-4686-A997-711CD384078C}
530069211||20260718|20|XXX14|2|500|690718000097|690718000097:20:XXX14:500|{BDB7BD9A-CF01-4889-86AA-1054BB67C8A0}
530069211||20260718|20|XXX14|1|80|690718000097|690718000097:20:XXX14:80|{20F0D73F-34FF-480A-BCF5-C6FC8DD9D728}
530068976||20260718|11||2|0|690718000098|690718000098:11::0|{8C82A4C9-3A4E-4DAA-9CAC-BE8FEC95FAF6}
530068976||20260718|17|55020|1|50|690718000098|690718000098:17:55020:50|{5460FE8B-8023-42B0-A667-786793D081CF}
530068976||20260718|20|XXX14|1|100|690718000098|690718000098:20:XXX14:100|{BF5E167A-F7C5-4B72-BFE7-697DE04E8CDE}
530068976||20260718|20|XXX14|2|500|690718000098|690718000098:20:XXX14:500|{3A1C57E4-BA55-4588-B0F3-5CA9D64D1B87}
530068976||20260718|20|XXX14|1|80|690718000098|690718000098:20:XXX14:80|{2E45F88E-36A6-41FA-A3D3-943A0380B730}
500003339||20260718|17|55020|1|50|690718000099|690718000099:17:55020:50|{0DB0CD9E-44F4-4EE3-AA96-C9D2F28DBCB4}
500003339||20260718|20|XXX14|1|100|690718000099|690718000099:20:XXX14:100|{44D8AADB-D41E-4CB4-BB13-21DFFB7B220D}
500003339||20260718|20|XXX14|2|500|690718000099|690718000099:20:XXX14:500|{955B7E69-5C4E-422E-87D9-A19998734FE5}
500003339||20260718|20|XXX14|1|80|690718000099|690718000099:20:XXX14:80|{3587D983-3017-4779-9F9F-E9A0871A85B0}
680095989||20260718|17|55020|1|50|690718000104|690718000104:17:55020:50|{073BCEF0-F7BE-43E9-9A60-E5F2B3ED80B3}
680095989||20260718|20|XXX14|1|100|690718000104|690718000104:20:XXX14:100|{061AC2B0-F665-48C4-B81D-AD837A19FCB6}
680095989||20260718|20|XXX14|1|80|690718000104|690718000104:20:XXX14:80|{314F15B3-728D-4C23-A03C-12B25E4B8F5C}
680095990||20260718|17|55020|1|50|690718000105|690718000105:17:55020:50|{1684ED60-5D9D-430C-870D-26C27F31EE5E}
680095990||20260718|20|XXX14|1|100|690718000105|690718000105:20:XXX14:100|{B3E0D47E-14BD-4229-BB82-3364AB86ED24}
680095990||20260718|20|XXX14|1|80|690718000105|690718000105:20:XXX14:80|{40BF19B2-03B3-4978-A88E-171677020471}
500059719||20260718|11||2|0|690718000106|690718000106:11::0|{559B8345-602A-487F-B653-0DB572F400FA}
500059719||20260718|17|55020|1|50|690718000106|690718000106:17:55020:50|{E09B7715-B148-4ADB-AEDC-91416A1F3D34}
500059719||20260718|20|XXX14|1|100|690718000106|690718000106:20:XXX14:100|{A425E301-B57F-4BB0-873C-67BDA6660B4D}
500059719||20260718|20|XXX14|2|500|690718000106|690718000106:20:XXX14:500|{7FA7D80C-6633-45EC-A618-FB0F01DDB879}
500059719||20260718|20|XXX14|1|80|690718000106|690718000106:20:XXX14:80|{D23912E3-5338-413C-95E8-FA05C01511A5}
500009887||20260718|11||2|0|690718000107|690718000107:11::0|{CE05F57C-50BC-4779-AEE5-6A622ED64CEF}
500009887||20260718|17|55020|1|50|690718000107|690718000107:17:55020:50|{D12949AD-EDBE-408A-ADB8-AF9552409EC6}
500009887||20260718|20|XXX14|1|100|690718000107|690718000107:20:XXX14:100|{6C5D6736-2D67-43E0-A98F-F100A4EE6790}
500009887||20260718|20|XXX14|2|500|690718000107|690718000107:20:XXX14:500|{9B2944C3-B29E-4AD0-B8EC-5F3FCD584DA7}
500009887||20260718|20|XXX14|1|80|690718000107|690718000107:20:XXX14:80|{419AF477-E53F-43D7-B369-692E494835DA}
500003995||20260718|11||2|0|690718000108|690718000108:11::0|{90934250-667F-485E-BA7D-B6046F1CE78D}
500003995||20260718|17|55020|1|50|690718000108|690718000108:17:55020:50|{6658D3BA-968A-42DD-8F0E-D4639D14815C}
500003995||20260718|20|XXX14|1|100|690718000108|690718000108:20:XXX14:100|{C3225F63-F611-420D-9CB6-DC5D60E4437D}
500003995||20260718|20|XXX14|2|500|690718000108|690718000108:20:XXX14:500|{296DAE2D-B1F9-4D68-9B83-2CADB06C6745}
500003995||20260718|20|XXX14|1|80|690718000108|690718000108:20:XXX14:80|{69E0D556-9FA1-42AB-88DA-A847C072FA79}
540072298||20260718|20|XXX14|1|100|690718000121|690718000121:20:XXX14:100|{474575FF-AC66-4161-9192-8D226B74A4E1}
540072298||20260718|20|XXX14|1|80|690718000121|690718000121:20:XXX14:80|{EFB74D59-147A-4DE2-97CB-77DEBD84D441}
690097649||20260718|11||2|0|690718000123|690718000123:11::0|{DDB72808-911D-4959-83BF-45BB300A015E}
690097649||20260718|17|55020|1|50|690718000123|690718000123:17:55020:50|{82E0EF9D-468C-4201-8244-A5F0D1EF13E9}
690097649||20260718|20|XXX14|1|100|690718000123|690718000123:20:XXX14:100|{2BD8D0C7-F6EA-4880-B88D-F9EB52190E0C}
690097649||20260718|20|XXX14|1|80|690718000123|690718000123:20:XXX14:80|{B600923A-FE6C-4C44-8705-ABC0B765A429}
500004222||20260718|11||2|0|690718000124|690718000124:11::0|{A408727B-21BC-4BEC-8198-3240B4399A1D}
500004222||20260718|17|55020|1|50|690718000124|690718000124:17:55020:50|{48C93CD7-EA39-4338-B670-41AD31EEE0E3}
500004222||20260718|20|XXX14|1|100|690718000124|690718000124:20:XXX14:100|{0D26EE8F-1277-4F09-BD16-3D6EAF0D297E}
500004222||20260718|20|XXX14|1|80|690718000124|690718000124:20:XXX14:80|{A46C3E66-6920-4334-88C8-E21C086B581C}
500036024||20260718|11||2|0|690718000125|690718000125:11::0|{AE3DE0E2-F580-49C4-8729-4670C5F3CFAA}
500036024||20260718|17|55020|1|50|690718000125|690718000125:17:55020:50|{AA80F07E-EEC9-4CA4-A5F4-24A11BD697DB}
500036024||20260718|20|XXX14|1|100|690718000125|690718000125:20:XXX14:100|{9F56E837-1C84-4E1B-863E-4721FCD89EE3}
500036024||20260718|20|XXX14|1|80|690718000125|690718000125:20:XXX14:80|{A7992767-AF69-48CE-AA56-C1B17BFFA31C}
500006562||20260718|17|55020|1|50|690718000126|690718000126:17:55020:50|{786F3617-8634-4E91-BE1E-F2381F092CAC}
500006562||20260718|20|XXX14|1|100|690718000126|690718000126:20:XXX14:100|{2D1C7475-AEAF-411D-9727-2153E1968097}
500006562||20260718|20|XXX14|1|80|690718000126|690718000126:20:XXX14:80|{70488752-682F-4E65-B442-42E269EDEE64}
500032178||20260718|11||2|0|690718000127|690718000127:11::0|{C2F1D5EB-A221-4A01-A9C6-81E352DF8774}
500032178||20260718|17|55020|1|50|690718000127|690718000127:17:55020:50|{4425B3AD-F493-409A-851E-A6DBCF785A1D}
500032178||20260718|20|XXX14|1|100|690718000127|690718000127:20:XXX14:100|{22EEB8E7-B1DE-487C-B8EB-61C4D1455C04}
500032178||20260718|20|XXX14|1|80|690718000127|690718000127:20:XXX14:80|{6CCDD98D-712D-4E80-B739-9A41A307F2AB}
500020334||20260718|11||2|0|690718000130|690718000130:11::0|{73511A5F-B498-4A79-B3FB-5B576DCC465A}
500020334||20260718|17|55020|1|50|690718000130|690718000130:17:55020:50|{9B78AEDC-5DF9-4B4D-BAB7-87D25E63878E}
500020334||20260718|20|XXX14|1|100|690718000130|690718000130:20:XXX14:100|{A806410F-46A4-4B6E-9994-905EFB98CF77}
500020334||20260718|20|XXX14|1|80|690718000130|690718000130:20:XXX14:80|{F0A5B23F-A870-4635-BB45-DC1C260F9FDF}
500030683||20260718|17|55020|1|50|690718000131|690718000131:17:55020:50|{8C2ADBF2-5F8F-4206-A98B-29ECB02A1E66}
500030683||20260718|20|XXX14|1|100|690718000131|690718000131:20:XXX14:100|{6DA4B5BD-5308-440A-A0CB-A1423A13CAF9}
500030683||20260718|20|XXX14|1|80|690718000131|690718000131:20:XXX14:80|{BFF2204B-C207-4D81-A512-461D0B32834B}
500029595||20260718|17|55020|1|50|690718000132|690718000132:17:55020:50|{02430C73-BC96-4398-9E71-0DC1E80BC764}
500029595||20260718|20|XXX14|1|100|690718000132|690718000132:20:XXX14:100|{F918AF81-A14B-4D08-B055-3A675791EBCA}
500029595||20260718|20|XXX14|2|500|690718000132|690718000132:20:XXX14:500|{3D01E301-ECF6-494F-A045-54ACC3E67B7C}
500029595||20260718|20|XXX14|1|80|690718000132|690718000132:20:XXX14:80|{112F0A07-7BE9-43CD-AF21-456E888B01E3}
500003322||20260718|17|55020|1|50|690718000133|690718000133:17:55020:50|{798ED109-24CE-4AE2-B994-EC34AD9EC0FC}
500003322||20260718|20|XXX14|1|100|690718000133|690718000133:20:XXX14:100|{D773A76A-6DE6-4A26-A3C4-17D502A649F7}
500003322||20260718|20|XXX14|2|500|690718000133|690718000133:20:XXX14:500|{28474CBB-FD3F-4260-8C16-EBEF720ED101}
500003322||20260718|20|XXX14|1|80|690718000133|690718000133:20:XXX14:80|{164A13C4-3D80-4E87-B3CD-9E75F1A7481C}
500001297||20260718|17|55020|1|50|690718000134|690718000134:17:55020:50|{D9CC2FA2-09C3-4AE4-AFF5-71F2951021A1}
500001297||20260718|20|XXX14|1|100|690718000134|690718000134:20:XXX14:100|{6418D8A7-A788-49CB-A266-AEB6DFB9102C}
500001297||20260718|20|XXX14|1|80|690718000134|690718000134:20:XXX14:80|{7FD069CE-7BF2-40AE-B3E0-D1D145D972E2}
500000820||20260718|17|55020|1|50|690718000135|690718000135:17:55020:50|{6330009D-849B-49F9-96E4-05737B112C5B}
500000820||20260718|20|XXX14|1|100|690718000135|690718000135:20:XXX14:100|{7CDB4222-507F-423B-B681-87F6BED52BFF}
500000820||20260718|20|XXX14|1|80|690718000135|690718000135:20:XXX14:80|{B32F3A30-1498-4095-824E-4D37ABAD1B07}
500003974||20260718|17|55020|1|50|690718000136|690718000136:17:55020:50|{08EEC3ED-8A8A-444D-A718-E75D07EF1504}
500003974||20260718|20|XXX14|1|100|690718000136|690718000136:20:XXX14:100|{31F6B640-E442-477E-8788-60B9918B2981}
500003974||20260718|20|XXX14|1|80|690718000136|690718000136:20:XXX14:80|{DF65B614-532E-463C-8B95-6E8A57909162}
500003567||20260718|17|55020|1|50|690718000137|690718000137:17:55020:50|{CA33AE71-900C-4287-98B3-24052ED37D47}
500003567||20260718|20|XXX14|1|100|690718000137|690718000137:20:XXX14:100|{81F9EB34-99E3-4180-B67F-3DE8774B0FB8}
500003567||20260718|20|XXX14|1|80|690718000137|690718000137:20:XXX14:80|{372BD2E7-0DCB-4801-A8E1-7ED02E7A4E44}
650056895||20260718|17|55020|1|50|690718000138|690718000138:17:55020:50|{6D11D321-85D2-4F6E-8D7E-731B938A91AF}
650056895||20260718|20|XXX14|1|100|690718000138|690718000138:20:XXX14:100|{75F12CB8-07C9-4665-8EBB-BEF0343BCC21}
650056895||20260718|20|XXX14|1|80|690718000138|690718000138:20:XXX14:80|{27DA5215-0F23-4659-AD01-56BA103F0C37}
500028237||20260718|17|55020|1|50|690718000139|690718000139:17:55020:50|{44C91591-B42F-4649-8FBA-3341C558F131}
500028237||20260718|20|XXX14|1|100|690718000139|690718000139:20:XXX14:100|{D1A44016-3B12-4FD1-820A-8A5479AAE6B9}
500028237||20260718|20|XXX14|1|80|690718000139|690718000139:20:XXX14:80|{163D91EA-84E4-41DB-A0A3-4BFC554A0881}
690097765||20260718|11||2|0|690718000142|690718000142:11::0|{24A13409-3857-4E93-ADDD-478A3A60ABA7}
690097765||20260718|17|55020|1|50|690718000142|690718000142:17:55020:50|{34DBE443-E563-4F41-98B3-3B0341C583C6}
690097765||20260718|20|XXX14|1|100|690718000142|690718000142:20:XXX14:100|{D5883BC2-49CD-4A07-82D5-8F226CA01475}
690097765||20260718|20|XXX14|1|80|690718000142|690718000142:20:XXX14:80|{7010E517-476D-47BF-8640-84AB878D7528}
690097767||20260718|17|55020|1|50|690718000143|690718000143:17:55020:50|{54CA138D-8702-440D-9E86-74FBE2AD4C64}
690097767||20260718|20|XXX14|1|100|690718000143|690718000143:20:XXX14:100|{7032F170-57F7-465C-B346-F51CE599F7A3}
690097767||20260718|20|XXX14|1|80|690718000143|690718000143:20:XXX14:80|{E150B761-93AC-415C-B665-298FA0544715}
690097766||20260718|11||2|0|690718000145|690718000145:11::0|{A17AEF1E-CCFB-445A-993D-FC02A51F2B77}
690097766||20260718|17|55020|1|50|690718000145|690718000145:17:55020:50|{D2797BFC-DEFA-4E0F-8749-1C40B958BB0B}
690097766||20260718|20|XXX14|1|100|690718000145|690718000145:20:XXX14:100|{FA231ECC-722A-46EA-B390-2181D8AAC17C}
690097766||20260718|20|XXX14|1|80|690718000145|690718000145:20:XXX14:80|{83AA633C-DCB2-40A5-A591-EA6AE0A772DA}
500013675||20260718|11||2|0|690718000146|690718000146:11::0|{B4EBD745-E0E8-405C-9B3B-A2C9F85D7098}
500013675||20260718|17|55020|1|50|690718000146|690718000146:17:55020:50|{B9DEB91B-AC1C-4927-ABB9-295D772D5684}
500013675||20260718|20|XXX14|1|100|690718000146|690718000146:20:XXX14:100|{B6406225-03D3-49A9-859E-5A59DD1AD3F6}
500013675||20260718|20|XXX14|1|80|690718000146|690718000146:20:XXX14:80|{F1282903-8F97-4ABB-9FB9-8FFA8313761F}
650089041||20260718|11||2|0|690718000147|690718000147:11::0|{F9A089B2-83F3-479C-A91E-E8FD934B7D3C}
650089041||20260718|17|55020|1|50|690718000147|690718000147:17:55020:50|{6A3DAC52-3A2F-46B7-A4D8-7899E33B0C70}
650089041||20260718|20|XXX14|1|100|690718000147|690718000147:20:XXX14:100|{EE778F38-9165-4686-8198-F6CEEE946635}
650089041||20260718|20|XXX14|1|80|690718000147|690718000147:20:XXX14:80|{D292C83D-2D1D-4D5E-B230-A94E20103F71}
680095709||20260718|11||2|0|690718000148|690718000148:11::0|{C5913567-826B-4B2E-A56D-7D3183A2009F}
680095709||20260718|17|55020|1|50|690718000148|690718000148:17:55020:50|{D2F96BB6-4BAB-4182-90C5-38C955146C95}
680095709||20260718|20|XXX14|1|100|690718000148|690718000148:20:XXX14:100|{0E378D84-2D49-4668-92B2-DDB1A9C1915C}
680095709||20260718|20|XXX14|1|80|690718000148|690718000148:20:XXX14:80|{4FEE4E5D-CDFA-40B9-BA75-6881D9A807D3}
680096271||20260718|17|55020|1|50|690718000149|690718000149:17:55020:50|{9A697C18-016C-49F5-81A6-ED9CBB451151}
680096271||20260718|20|XXX14|1|100|690718000149|690718000149:20:XXX14:100|{B7B14519-C9FA-4E33-9841-5293BCCFED4B}
680096271||20260718|20|XXX14|1|80|690718000149|690718000149:20:XXX14:80|{7E45948C-2490-42AE-B82F-AF42E7ED33D4}
500055040||20260718|11||2|0|690718000150|690718000150:11::0|{CE96E51E-6ED0-4C42-9722-C1DF9D234734}
500055040||20260718|17|55020|1|50|690718000150|690718000150:17:55020:50|{DEBE3549-1315-4EA7-A265-B09A6F2B1BD7}
500055040||20260718|20|XXX14|1|100|690718000150|690718000150:20:XXX14:100|{72FAEB8C-A2FA-443F-B4F2-52FD8CDCBE02}
500055040||20260718|20|XXX14|1|80|690718000150|690718000150:20:XXX14:80|{96ACBBB9-A48B-45D4-93CC-8C442DB38E62}
640089829||20260718|17|55020|1|50|690718000151|690718000151:17:55020:50|{BC321FD5-681E-4332-B14B-8D6C078D6D67}
640089829||20260718|20|XXX14|1|100|690718000151|690718000151:20:XXX14:100|{4B583303-139F-4333-9845-433AC6FD1B18}
640089829||20260718|20|XXX14|1|80|690718000151|690718000151:20:XXX14:80|{BFAC1C18-4503-48DC-B789-7E6399ABE704}
610084384||20260718|17|55020|1|50|690718000152|690718000152:17:55020:50|{8FA6AA57-53D9-4824-98C0-C09C91EDD7F1}
610084384||20260718|20|XXX14|1|100|690718000152|690718000152:20:XXX14:100|{D77EF460-4C4B-41A7-8AF3-7F7839F6AC0E}
610084384||20260718|20|XXX14|1|80|690718000152|690718000152:20:XXX14:80|{BC44AE28-DF31-4568-B5B4-7746013D60F9}
530069609||20260718|11||2|0|690718000166|690718000166:11::0|{EE065339-3C00-4F0E-B001-6418516A25D8}
530069609||20260718|17|55020|1|50|690718000166|690718000166:17:55020:50|{9FE628F5-E4B6-4143-A688-19B8462385EC}
530069609||20260718|20|XXX14|1|100|690718000166|690718000166:20:XXX14:100|{BA1DC3C4-B4E7-493D-B0B4-C600CCC6E6D8}
530069609||20260718|20|XXX14|1|80|690718000166|690718000166:20:XXX14:80|{8693E8EF-37FE-455E-B96B-9177CC01FFC7}
540072719||20260718|11||2|0|690718000167|690718000167:11::0|{8534FBE5-DE02-4288-9D21-7316FA84C538}
540072719||20260718|17|55020|1|50|690718000167|690718000167:17:55020:50|{AA63CFD0-F63D-481D-947B-C1FC6535DD13}
540072719||20260718|20|XXX14|1|100|690718000167|690718000167:20:XXX14:100|{C8BB80E5-588D-4FB5-AE0E-6D5DE1BE3ED7}
540072719||20260718|20|XXX14|1|80|690718000167|690718000167:20:XXX14:80|{D5D7544B-0F9D-4A84-8C10-A684EABF4EB1}
500000652||20260718|17|55020|1|50|690718000177|690718000177:17:55020:50|{0CBFD816-85CC-446B-8B1A-ACDCC962B124}
500000652||20260718|20|XXX14|1|100|690718000177|690718000177:20:XXX14:100|{A5419939-1E8E-43F4-B9C3-1ADE1EC08450}
500000652||20260718|20|XXX14|1|80|690718000177|690718000177:20:XXX14:80|{CD9B7B43-D1B3-4C7A-BC94-34582F78105B}
500052653||20260718|11||2|0|690718000178|690718000178:11::0|{46191D4C-01DA-4248-99E9-6F04D507E437}
500052653||20260718|17|55020|1|50|690718000178|690718000178:17:55020:50|{4BFABE5A-768B-4A72-A5E5-9F5F04F69086}
500052653||20260718|20|XXX14|1|100|690718000178|690718000178:20:XXX14:100|{51F7FE5B-ACF4-4CB0-BB3D-917E7FC93A16}
500052653||20260718|20|XXX14|1|80|690718000178|690718000178:20:XXX14:80|{AC1F32B3-B44C-4251-860D-A4302A1D8216}
500044287||20260718|11||2|0|690718000179|690718000179:11::0|{521BA4E0-9FC7-4376-ADA2-70E3EB520C74}
500044287||20260718|17|55020|1|50|690718000179|690718000179:17:55020:50|{62EE26A5-6DC6-48FC-AA5F-2AA229D1E0A0}
500044287||20260718|20|XXX14|1|100|690718000179|690718000179:20:XXX14:100|{DD661EE8-3A6F-4FCC-BE15-3F8AF4C25318}
500044287||20260718|20|XXX14|1|80|690718000179|690718000179:20:XXX14:80|{D568AF38-2E22-4B06-AF9E-2DB290CE38E7}
590080843||20260718|11||2|0|690718000180|690718000180:11::0|{DF177BAA-30FE-4E6B-B06D-7E281993F63B}
590080843||20260718|17|55020|1|50|690718000180|690718000180:17:55020:50|{8EB79CF4-B869-4E52-9B10-4E0F57AD8CF8}
590080843||20260718|20|XXX14|1|100|690718000180|690718000180:20:XXX14:100|{0BC3B67B-4B9E-4C46-A4E5-A1FC87FB6D1F}
590080843||20260718|20|XXX14|1|80|690718000180|690718000180:20:XXX14:80|{56306BE3-5A49-4E3A-94C4-820C1AB3E698}
590080844||20260718|11||2|0|690718000181|690718000181:11::0|{50509335-4C7E-400B-98E1-F431B8AA3419}
590080844||20260718|17|55020|1|50|690718000181|690718000181:17:55020:50|{4682693B-E235-4FB5-AB05-5FEA7A914207}
590080844||20260718|20|XXX14|1|100|690718000181|690718000181:20:XXX14:100|{44060F05-9AC3-4CB3-9478-266FC053E2A5}
590080844||20260718|20|XXX14|1|80|690718000181|690718000181:20:XXX14:80|{39147BCC-BAF2-4A87-8A86-E6FAA7A9C8A9}
500048487||20260718|17|55020|1|50|690718000182|690718000182:17:55020:50|{FC455EEA-24C3-441F-806B-EE9631179F3C}
500048487||20260718|17|55611|1|90|690718000182|690718000182:17:55611:90|{4DF6B19E-1F80-4F54-9F11-B6B1A070A13D}
500012314||20260718|17|55020|1|50|690718000185|690718000185:17:55020:50|{D5D78511-2B11-4834-9DA2-FD75B0A0F2F2}
500012314||20260718|20|XXX14|1|100|690718000185|690718000185:20:XXX14:100|{337C82C6-CBC9-40C8-8652-12909D45256E}
500012314||20260718|20|XXX14|1|80|690718000185|690718000185:20:XXX14:80|{7E1C20CF-EED0-4951-A6CA-73D934128956}
640089893||20260718|11||2|0|690718000186|690718000186:11::0|{74E808EF-D804-4CFC-82E4-4F52A4A30C33}
640089893||20260718|17|55020|1|50|690718000186|690718000186:17:55020:50|{A0596F7E-DE43-49DE-9E6A-EE571B5A7E75}
640089893||20260718|20|XXX14|1|100|690718000186|690718000186:20:XXX14:100|{CDD7DA89-DE45-4302-978E-3AA4F400ED5A}
640089893||20260718|20|XXX14|1|80|690718000186|690718000186:20:XXX14:80|{6C45B641-4299-4C0E-809D-24A9DDA19E05}
500019343||20260718|17|55020|1|50|690718000187|690718000187:17:55020:50|{3AFBAF8C-A212-408C-BDA5-32A305276106}
500019343||20260718|20|XXX14|1|100|690718000187|690718000187:20:XXX14:100|{86701566-8A25-4EE1-8886-40C3010D2C3B}
500019343||20260718|20|XXX14|1|80|690718000187|690718000187:20:XXX14:80|{067FF540-6282-4761-AD55-C584EB9DECAA}
560076143||20260718|11||2|0|690718000189|690718000189:11::0|{447C6616-223F-4658-891E-1C833835E4D5}
560076143||20260718|17|55020|1|50|690718000189|690718000189:17:55020:50|{06D1BC83-8A72-47DA-AEB2-7C3EE74C8500}
560076143||20260718|20|XXX14|1|100|690718000189|690718000189:20:XXX14:100|{CE72DCF4-8165-436E-A036-D55C627A7E8D}
560076143||20260718|20|XXX14|1|80|690718000189|690718000189:20:XXX14:80|{9F885191-F094-4A05-9160-CFCA36CEFCE9}
520066694||20260718|17|55020|1|50|690718000190|690718000190:17:55020:50|{D8342028-74BF-4C2E-A08C-C22C29C64548}
520066694||20260718|20|XXX14|1|100|690718000190|690718000190:20:XXX14:100|{24A200D9-0DDC-4D1C-95AF-169B00A921C8}
520066694||20260718|20|XXX14|1|80|690718000190|690718000190:20:XXX14:80|{27323CBF-B16C-44FF-A0CE-DC920E796FFE}
500022120||20260718|11||2|0|690718000191|690718000191:11::0|{879CF5FD-EB0A-41C4-9241-68458CD86D4F}
500022120||20260718|17|55020|1|50|690718000191|690718000191:17:55020:50|{1A9723FC-048A-43CE-85B6-DAA666B81CE4}
500022120||20260718|20|XXX14|1|100|690718000191|690718000191:20:XXX14:100|{F13BBCF2-BEDB-4400-A5B0-55DD9A16CFA1}
500022120||20260718|20|XXX14|1|80|690718000191|690718000191:20:XXX14:80|{8FA02A8E-D423-4E96-9BBB-C6277F7EA58E}
550073214||20260718|17|55020|1|50|690718000192|690718000192:17:55020:50|{4CB66B24-B148-4FDE-B947-E0696ECFD9B8}
550073214||20260718|20|XXX14|1|100|690718000192|690718000192:20:XXX14:100|{59678132-140E-46A3-8B6C-5DA8F652FBC8}
550073214||20260718|20|XXX14|1|80|690718000192|690718000192:20:XXX14:80|{CAE2021B-1811-475B-A8A3-BD05739B4320}
510064333||20260718|17|55020|1|50|690718000193|690718000193:17:55020:50|{BD9A04E0-00E3-41E5-B799-59FE781A0751}
500003721||20260718|17|55020|1|50|690718000194|690718000194:17:55020:50|{6F68D043-74F0-4684-B357-5D79F10A710C}
500003721||20260718|20|XXX14|1|100|690718000194|690718000194:20:XXX14:100|{5E39BB30-B3E3-4D33-979E-22AF9BFF243E}
500003721||20260718|20|XXX14|1|80|690718000194|690718000194:20:XXX14:80|{1C2EDC89-B313-44DC-9997-A037C5F21E70}
500002546||20260718|11||2|0|690718000195|690718000195:11::0|{FE358740-253A-4A27-892F-004DD2CC3362}
500002546||20260718|17|55020|1|50|690718000195|690718000195:17:55020:50|{E3D5FD70-B067-41CB-A4CF-34BB5684B92F}
500002546||20260718|20|XXX14|1|100|690718000195|690718000195:20:XXX14:100|{F569ED7F-BD7C-4E34-88B4-C907942091B3}
500002546||20260718|20|XXX14|1|80|690718000195|690718000195:20:XXX14:80|{6DBAAC25-7E82-47D8-B803-A92355507736}
680096824||20260718|11||2|0|690718000196|690718000196:11::0|{F325F032-BA38-436C-AE36-D66729046C6B}
680096824||20260718|17|55020|1|50|690718000196|690718000196:17:55020:50|{C0DED85C-D29C-4AE3-A2B3-74A5DF1079B3}
680096824||20260718|20|XXX14|1|100|690718000196|690718000196:20:XXX14:100|{689AE866-6EF7-48B8-8C4C-184BAC8C70C9}
680096824||20260718|20|XXX14|1|80|690718000196|690718000196:20:XXX14:80|{B0E4D7AC-3D4C-40CF-B50A-0F34BAAC1B67}
560076238||20260718|17|55020|1|50|690718000197|690718000197:17:55020:50|{214E299C-1FCA-4608-9F31-F840CD3370F5}
560076238||20260718|20|XXX14|1|100|690718000197|690718000197:20:XXX14:100|{C9122EB9-38D1-4351-8C76-230C89FFF398}
560076238||20260718|20|XXX14|1|80|690718000197|690718000197:20:XXX14:80|{CD4C608B-1C75-4DF0-A1DE-4A05D313BBCA}
560076250||20260718|17|55020|1|50|690718000198|690718000198:17:55020:50|{89BF6AC0-E5C5-4BBD-9168-3199580E8B6D}
560076250||20260718|20|XXX14|1|100|690718000198|690718000198:20:XXX14:100|{FCFCCC2C-FD9B-46E5-994C-A4301DFBCBD5}
560076250||20260718|20|XXX14|1|80|690718000198|690718000198:20:XXX14:80|{039D56D6-A488-49AF-9BFC-0A3146A0F080}
500015824||20260718|17|55020|1|50|690718000200|690718000200:17:55020:50|{F79832E4-7717-4198-BCC3-DC4468E01E03}
500015824||20260718|20|XXX14|1|100|690718000200|690718000200:20:XXX14:100|{67E6441D-04B1-4810-A899-E42E289E37E4}
500015824||20260718|20|XXX14|1|80|690718000200|690718000200:20:XXX14:80|{16478515-72C6-4B8D-B46A-A472630BD62E}
550074432||20260718|11||2|0|690718000201|690718000201:11::0|{C0FCECC8-432E-41E8-816C-D3C9C1FA1F2D}
550074432||20260718|17|55020|1|50|690718000201|690718000201:17:55020:50|{C662054B-0205-49CB-A034-ADEB0431C4AF}
550074432||20260718|20|XXX14|1|100|690718000201|690718000201:20:XXX14:100|{B39C8D70-D915-46E3-A12A-555032B40768}
550074432||20260718|20|XXX14|1|80|690718000201|690718000201:20:XXX14:80|{CDC37032-B0D6-416A-8672-7DEA5CABDE16}
690097687||20260718|11||2|0|690718000202|690718000202:11::0|{72E37290-7E59-4633-AA36-E732A015E87C}
690097687||20260718|17|55020|1|50|690718000202|690718000202:17:55020:50|{502934C0-2045-41EA-96A5-90E36248F9A8}
690097687||20260718|20|XXX14|1|100|690718000202|690718000202:20:XXX14:100|{C85D61E5-BF51-4F72-B8E1-00D3A501498A}
690097687||20260718|20|XXX14|1|80|690718000202|690718000202:20:XXX14:80|{819ACDDD-F8BB-40AD-A416-6B37183B2388}
500045203||20260718|17|55020|1|50|690718000203|690718000203:17:55020:50|{250F16A4-593D-4EC7-931F-54FFE0C89C2F}
500045203||20260718|20|XXX14|1|100|690718000203|690718000203:20:XXX14:100|{5DD5936A-0CCD-42F6-92F4-2DE605EF0665}
500045203||20260718|20|XXX14|1|80|690718000203|690718000203:20:XXX14:80|{4AED1E17-8FFD-4B3C-B3F7-5A79783EB0BF}
500042019||20260718|11||2|0|690718000204|690718000204:11::0|{89A500A0-3F98-4F90-A074-3C66E2BEB3CC}
500042019||20260718|17|55020|1|50|690718000204|690718000204:17:55020:50|{CB5721C5-3229-45A6-8591-7B8541E30669}
500042019||20260718|20|XXX14|1|100|690718000204|690718000204:20:XXX14:100|{6499DE86-F8EE-4A42-AC23-F42F53987758}
500042019||20260718|20|XXX14|1|80|690718000204|690718000204:20:XXX14:80|{BF31902D-A0F0-4986-A199-2874697DA135}
600082781||20260718|13|58130|1|250|690718000205|690718000205:13:58130:250|{8B178070-08E0-42D2-9909-B3754896FAE9}
600082781||20260718|17|55020|1|50|690718000205|690718000205:17:55020:50|{2EA308A4-D0C3-43BF-8CE7-9C7E5C09776A}
680095929||20260718|17|55020|1|50|690718000206|690718000206:17:55020:50|{D6AF83F3-06E0-4C3B-A47F-FF057D942756}
680095929||20260718|20|XXX14|1|100|690718000206|690718000206:20:XXX14:100|{501AA5CB-B05D-4242-AC5E-5791BD012449}
680095929||20260718|20|XXX14|1|80|690718000206|690718000206:20:XXX14:80|{CBDD2018-84BE-4453-BD10-197299F8FDE2}
500053749||20260718|11||2|0|690718000209|690718000209:11::0|{9B4C5977-0E3C-4BAA-9B28-9C85C360E4C9}
500053749||20260718|17|55020|1|50|690718000209|690718000209:17:55020:50|{03B25CC5-331B-4FE5-8B3F-667206B69E89}
500053749||20260718|20|XXX14|1|100|690718000209|690718000209:20:XXX14:100|{B32D59DC-E825-415D-8AC6-F999FE6C2C15}
500053749||20260718|20|XXX14|1|80|690718000209|690718000209:20:XXX14:80|{2DEAC54D-8324-4638-8A7F-B8B120845962}
500024022||20260718|17|55020|1|50|690718000212|690718000212:17:55020:50|{6A3E0023-0608-4456-84B4-5014F5382979}
500024022||20260718|20|XXX14|1|100|690718000212|690718000212:20:XXX14:100|{4E40FF37-B70B-4903-B681-04E7181063BF}
500024022||20260718|20|XXX14|1|80|690718000212|690718000212:20:XXX14:80|{1A92AEDA-8F15-4EF9-8406-23C1482FF219}
500024273||20260718|17|55020|1|50|690718000213|690718000213:17:55020:50|{97753154-1289-42B8-840B-BBB2546DA409}
500024273||20260718|20|XXX14|1|100|690718000213|690718000213:20:XXX14:100|{A50185CA-E49B-4BAC-AE22-631EE1CCC077}
500024273||20260718|20|XXX14|1|80|690718000213|690718000213:20:XXX14:80|{118E5048-B43C-47CE-88B0-384F02F386B1}
690097724||20260718|17|55020|1|50|690718000214|690718000214:17:55020:50|{521EC387-5CA5-4C27-8A32-5D539C9E0EF4}
690097724||20260718|20|XXX14|1|100|690718000214|690718000214:20:XXX14:100|{C62BEEE6-FD7D-40EC-8495-89639F9D0837}
690097724||20260718|20|XXX14|1|80|690718000214|690718000214:20:XXX14:80|{4FB04368-A52C-4B49-B581-38E4D254D52B}
690097723||20260718|17|55020|1|50|690718000215|690718000215:17:55020:50|{6C34877C-104E-4310-B35E-59B15A277FF4}
690097723||20260718|20|XXX14|1|100|690718000215|690718000215:20:XXX14:100|{174340AB-6A48-4FC7-A07D-7DB9897EDC0A}
690097723||20260718|20|XXX14|1|80|690718000215|690718000215:20:XXX14:80|{C593D7B4-6C8C-489D-94C6-D59AE8DF378E}
690097725||20260718|11||2|0|690718000216|690718000216:11::0|{C0D0EC20-B784-49E1-B69F-8C1A7A35574B}
690097725||20260718|17|55020|1|50|690718000216|690718000216:17:55020:50|{1945CFA7-28D0-4789-8291-F3687E9C353E}
690097725||20260718|20|XXX14|1|100|690718000216|690718000216:20:XXX14:100|{F00E37F8-D8F9-4940-99E4-67EA02601D01}
690097725||20260718|20|XXX14|1|80|690718000216|690718000216:20:XXX14:80|{47016F4C-FCF9-4957-89BC-86BBCA604D2E}
690097743||20260718|17|55020|1|50|690718000220|690718000220:17:55020:50|{6B701D2A-0651-4DA4-96BF-2F3B5E1C6552}
690097743||20260718|20|XXX14|1|100|690718000220|690718000220:20:XXX14:100|{4822E249-5FAE-4D1A-9B75-E21D43BA5B24}
690097743||20260718|20|XXX14|1|80|690718000220|690718000220:20:XXX14:80|{7C44AD33-82AC-4A1D-A650-5993EC1EF214}
500009828||20260718|17|55020|1|50|690718000222|690718000222:17:55020:50|{CCAD2A0F-B512-4388-A625-932E5AD4ADF5}
500009828||20260718|20|XXX14|1|100|690718000222|690718000222:20:XXX14:100|{79747442-DA0B-4D04-9BA9-0779D4904AC3}
500009828||20260718|20|XXX14|1|80|690718000222|690718000222:20:XXX14:80|{7090065A-3571-4F16-B9CE-4983CDDE4877}
500016975||20260718|11||2|0|690718000225|690718000225:11::0|{CDCC9C72-3AF1-4C28-ADDC-A91EB278842F}
680095482||20260718|17|55021|1|50|690718004608|690718004608:17:55021:50|{F870C2D4-D03F-4A69-B7D6-F4FBF32AF860}
680095482||20260718|17|55822|2|20|690718004608|690718004608:17:55822:20|{A071E52A-301A-4987-9348-BC1AF1A50B35}
500015504||20260718|17|55020|1|50|690718091254|690718091254:17:55020:50|{A00FE4A5-12F6-4020-925C-38D8CA00EAAA}
500015504||20260718|20|XXX14|1|100|690718091254|690718091254:20:XXX14:100|{E76BF5DC-D7F2-4BA9-B7E3-F010836EB113}
500015504||20260718|20|XXX14|2|500|690718091254|690718091254:20:XXX14:500|{1AECABB9-AE64-4D12-92AC-C4E3C6FEEADC}
500015504||20260718|20|XXX14|1|80|690718091254|690718091254:20:XXX14:80|{E94327AE-2525-417A-901E-22A06F4864D1}
580079166||20260718|17|55020|1|50|690718091343|690718091343:17:55020:50|{5B99A7D4-998C-430C-96D8-BFD911AB9F0F}
580079166||20260718|20|XXX14|1|100|690718091343|690718091343:20:XXX14:100|{C22F5D24-6D4F-4BE6-A1AF-D9E4562671E9}
580079166||20260718|20|XXX14|2|500|690718091343|690718091343:20:XXX14:500|{225CA21B-2104-4C90-A48A-3BA7A408EB91}
580079166||20260718|20|XXX14|1|80|690718091343|690718091343:20:XXX14:80|{3F43B5AE-4ADC-460E-ABF7-47D6A60A7E98}
690097879||20260718|17|55811|1|140|690718093300|690718093300:17:55811:140|{F8B9F800-D7AB-445E-9D94-E4E0B97FC7CF}
500026794||20260718|15|30101|1|90|690718093949|690718093949:15:30101:90|{773D4B50-AFC1-4653-BDA9-ACD7773B2C38}
500026794||20260718|15|31001|1|60|690718093949|690718093949:15:31001:60|{9F17DB32-33C5-4F83-AADE-DE750C30FAAE}
500026794||20260718|15|32001|1|100|690718093949|690718093949:15:32001:100|{9B6B957C-9AAE-4234-ADA1-0C011D0AA1D0}
500026794||20260718|15|32003|1|290|690718093949|690718093949:15:32003:290|{5BC04381-5548-4BDC-9963-1703970223F0}
500026794||20260718|15|32201|1|40|690718093949|690718093949:15:32201:40|{7DA02915-5185-4E8D-99B6-825283BD46DD}
500026794||20260718|15|32202|1|40|690718093949|690718093949:15:32202:40|{1BA6BC4F-4532-42BD-A868-4079FB6C0027}
500026794||20260718|16|41003|1|250|690718093949|690718093949:16:41003:250|{D7B01601-10AB-403E-BA85-7C5BE80A45A7}
500026794||20260718|17|55020|1|50|690718093949|690718093949:17:55020:50|{6E46F3B6-CADD-4E54-A060-2620531C437E}
500026794||20260718|17|55822|2|20|690718093949|690718093949:17:55822:20|{DDBC55A0-492E-40CA-992E-5FD5B83FDCA0}
630087951||20260718|15|36506|1|350|690718103134|690718103134:15:36506:350|{9431A1A0-A0AA-427D-B6E1-DC3970EAC109}
630087951||20260718|17|55020|1|50|690718103134|690718103134:17:55020:50|{6A89348A-0B08-4AE0-88BD-54D1A8DF08D4}
500028707||20260718|17|55020|1|50|690718104542|690718104542:17:55020:50|{F85A1E3D-234E-4043-9070-82A2B5BB5BCD}
500028707||20260718|20|XXX14|1|100|690718104542|690718104542:20:XXX14:100|{8E4D8E35-1FF8-4C4C-B2D3-26B37CDE8CDA}
500028707||20260718|20|XXX14|1|80|690718104542|690718104542:20:XXX14:80|{DC20315A-A709-4435-9AE8-D70D65C9D6AA}
530068009||20260718|17|55020|1|50|690718111149|690718111149:17:55020:50|{7E87D353-5828-4A45-8BC7-64BE821FD39A}
530070372||20260718|17|55020|1|50|690718113741|690718113741:17:55020:50|{9D5F694B-36CB-4D12-BC6E-C0F5D455EF33}
500029744||20260718|17|55020|1|50|690718114757|690718114757:17:55020:50|{C25CD9AC-DA1D-490F-8170-D11E7075AF04}
500062022||20260718|17|55020|1|50|690718131818|690718131818:17:55020:50|{F9C18A8A-D17F-4E49-82B2-9D94CB950818}
500015888||20260718|17|55020|1|50|690718131845|690718131845:17:55020:50|{D738009B-A3E5-47A3-97CB-FB44B963F546}
500059483||20260718|17|55020|1|50|690718131919|690718131919:17:55020:50|{69DE50B8-27F5-41DD-A36F-1E33005B11BE}
520065671||20260718|17|55020|1|50|690718132003|690718132003:17:55020:50|{CC3BB066-02B3-41C1-91B9-71BDB4B9E93E}
520065671||20260718|20|XXX14|1|100|690718132003|690718132003:20:XXX14:100|{BBB07D2B-8932-455D-A53E-0E0889601417}
520065671||20260718|20|XXX14|1|80|690718132003|690718132003:20:XXX14:80|{3ECA00F9-F7C1-43A6-9DCA-AED02749FF8A}
570078264||20260718|17|55020|1|50|690718132833|690718132833:17:55020:50|{E57805E9-5AD6-453A-80F5-AD2DB5FBC817}
570078264||20260718|17|55823|1|20|690718132833|690718132833:17:55823:20|{6C53F52F-71EC-45A3-BA15-631F8542C1CD}
520066695||20260718|17|55020|1|50|690718133444|690718133444:17:55020:50|{500C73C1-F2A7-42B3-8BB2-9A1E5621D892}
520066695||20260718|20|XXX14|1|100|690718133444|690718133444:20:XXX14:100|{3647BD26-9F18-4495-ACDE-F412F6649773}
520066695||20260718|20|XXX14|1|80|690718133444|690718133444:20:XXX14:80|{05844545-F823-40CE-87D6-9403C8B8E446}
500004381||20260718|13|58130|1|250|690718135301|690718135301:13:58130:250|{07E181F9-28CC-4B3F-9641-052E4E69669B}
500004381||20260718|17|55020|1|50|690718135301|690718135301:17:55020:50|{69691242-80FE-4589-944F-9DE427D11E66}
500051868||20260718|17|55020|1|50|690718142817|690718142817:17:55020:50|{29ACE0D0-3FE2-4CBD-A1BD-7A2F9C82F8E0}
570078157||20260718|17|55020|1|50|690718142840|690718142840:17:55020:50|{5EAD6ECF-06B5-45E2-8358-FAB3220948C1}
650056657||20260718|17|55020|1|50|690718152123|690718152123:17:55020:50|{F9B82001-24D1-48C0-9980-D4FBAEF0BA68}
650056657||20260718|17|55810|1|70|690718152123|690718152123:17:55810:70|{35E977E1-D23A-45EC-BD93-C9B9C536301C}
500011755||20260718|17|55020|1|50|690718152758|690718152758:17:55020:50|{7A6A8FD7-82E2-4F0B-828F-15BAF22BE3FB}
500011755||20260718|20|XXX14|1|100|690718152758|690718152758:20:XXX14:100|{50A2943C-4FBF-46DF-828B-849E07DE95B9}
500011755||20260718|20|XXX14|1|80|690718152758|690718152758:20:XXX14:80|{7793B006-22F1-4462-AA24-CBD447A62052}
670094448||20260718|17|55020|1|50|690718152838|690718152838:17:55020:50|{E9D30439-F0DE-462E-B7A2-18B0EEF1D367}
670094448||20260718|20|XXX14|1|100|690718152838|690718152838:20:XXX14:100|{99A2DDCB-5EC7-42F2-8854-D87DBB1F418E}
670094448||20260718|20|XXX14|1|80|690718152838|690718152838:20:XXX14:80|{5DD6C929-FD99-4082-98AD-625EB44EA864}
670094451||20260718|17|55020|1|50|690718152955|690718152955:17:55020:50|{50A67655-1403-4C27-B1CF-FC069423798A}
670094451||20260718|20|XXX14|1|100|690718152955|690718152955:20:XXX14:100|{9F33E962-61B6-406F-B154-C58376461BF2}
670094451||20260718|20|XXX14|1|80|690718152955|690718152955:20:XXX14:80|{DFCB1CEF-FDA3-4722-9725-B4C8C52341D0}
500025070||20260718|17|55020|1|50|690718154209|690718154209:17:55020:50|{7FB8747E-F304-40DB-9876-F2F60E6F451C}
500025070||20260718|20|XXX14|1|100|690718154209|690718154209:20:XXX14:100|{C62D08F0-DADD-4EC5-807F-17C4911403D7}
500025070||20260718|20|XXX14|1|80|690718154209|690718154209:20:XXX14:80|{40E0C390-E296-46DA-99AD-3993287E7449}
500044281||20260718|16|41003|2|250|690718184023|690718184023:16:41003:250|{EC0572EB-66F9-48A9-A7DD-E0187B37CE25}
500044281||20260718|17|55021|1|50|690718184023|690718184023:17:55021:50|{1019FD7F-7694-446B-AE13-54CA1B98A4AB}
500044281||20260718|17|55823|1|20|690718184023|690718184023:17:55823:20|{7E1469C2-E704-4869-B3AF-859476EBDB0C}
500044281||20260718|19|71834|1|330|690718184023|690718184023:19:71834:330|{23E52E67-6621-4193-A1FF-2DE5271E10A8}
500011207||20260718|17|55021|1|50|690718192705|690718192705:17:55021:50|{823C1317-57FB-45D9-9B40-0A45BF6E3497}
500015442||20260719|17|55811|1|140|690719000002|690719000002:17:55811:140|{DC748557-81D4-41B3-A41C-36DB17FF0BC6}
500055810||20260719|17|55021|1|50|690719000007|690719000007:17:55021:50|{273195B2-B59E-4A5C-842B-C5032F72DE26}
500055810||20260719|17|55811|1|140|690719000007|690719000007:17:55811:140|{19603DCB-404B-42BB-B48C-53C4D75DB72E}
500047191||20260719|17|55021|1|50|690719000008|690719000008:17:55021:50|{A4D00779-D24C-4326-BA85-D4BAC3597258}
500047191||20260719|17|55811|1|140|690719000008|690719000008:17:55811:140|{FDBF57F8-EC1B-443E-BB1E-0512F3988370}
630087580||20260719|13|58131|1|250|690719000016|690719000016:13:58131:250|{5689ABD7-7C0D-4ABE-8AEA-A63D2F8EC3B6}
630087580||20260719|17|55020|1|50|690719000016|690719000016:17:55020:50|{B826CDC2-05C2-4514-9186-AF4CA558B2D1}
550073124||20260719|17|55020|1|50|690719000019|690719000019:17:55020:50|{D8D1D5A3-6105-4DDE-B27A-8D43DD487562}
550073124||20260719|20|XXX14|2|500|690719000019|690719000019:20:XXX14:500|{9915DFCB-FDCE-460F-9CC9-96B82DE54C71}
550073124||20260719|20|XXX14|2|60|690719000019|690719000019:20:XXX14:60|{EB2AF62E-BD17-4A6F-B936-ED60CB1E371C}
550073124||20260719|20|XXX14|2|70|690719000019|690719000019:20:XXX14:70|{C23386AE-B347-4987-B259-C3256F39F064}
550073124||20260719|20|XXX14|1|80|690719000019|690719000019:20:XXX14:80|{653BA54C-1F17-4BDA-B948-D142991E66D0}
500026688||20260719|17|55020|1|50|690719000049|690719000049:17:55020:50|{12D1C995-CDF8-459F-8026-D7805052B4FF}
500026688||20260719|17|55823|1|20|690719000049|690719000049:17:55823:20|{C6CA6C83-5FFE-4FE0-9D5E-90C27CDFCA65}
680095825||20260719|17|55020|1|50|690719000051|690719000051:17:55020:50|{0BEABF64-418E-4143-99BA-4CDDC6F95B63}
680095825||20260719|17|55823|1|20|690719000051|690719000051:17:55823:20|{69938D27-89EF-4E21-A8C1-5A9FC970AB5D}
670093985||20260719|15|30101|1|90|690719042023|690719042023:15:30101:90|{A08177BF-ADCD-40C4-8378-A7B384AED5CF}
670093985||20260719|15|31001|1|60|690719042023|690719042023:15:31001:60|{17EEFFC4-243C-49DE-B37C-371C1F96F445}
670093985||20260719|17|55021|1|50|690719042023|690719042023:17:55021:50|{697CBCE4-7B05-43F3-86C7-0498CADF4FBE}
670093985||20260719|17|55820|1|100|690719042023|690719042023:17:55820:100|{7FC6851D-BDC9-4704-8503-3B3E2397377C}
670093985||20260719|17|55822|2|20|690719042023|690719042023:17:55822:20|{A8A6B452-0988-4417-A829-2B340A14AFC7}
500048111||20260719|17|55021|1|50|690719063232|690719063232:17:55021:50|{74503FAC-8ACC-448C-9950-BFB25B4C3299}
500048111||20260719|17|55811|1|140|690719063232|690719063232:17:55811:140|{D8E04F45-A53E-4E13-B168-475F09BC666A}
500048111||20260719|19|71830|1|385|690719063232|690719063232:19:71830:385|{D5B05C58-5CE2-4CBB-9207-B46C01FCC022}
500004504||20260719|17|55021|1|50|690719071806|690719071806:17:55021:50|{EC32E4D7-F77B-429B-9C41-CE69688A5250}
500004504||20260719|17|55811|1|140|690719071806|690719071806:17:55811:140|{10F72C17-5DE6-4532-B6EA-EC54ACDF2971}
500004504||20260719|17|55824|2|20|690719071806|690719071806:17:55824:20|{9E20FFE9-2491-459A-BF6F-107CEE5ADD77}
500005596||20260719|17|55021|1|50|690719075314|690719075314:17:55021:50|{B8DB309F-DA10-4D1E-9736-2294954B7431}
500005596||20260719|17|55824|2|20|690719075314|690719075314:17:55824:20|{7ED72F1B-81EB-4DA9-BDC1-03DF923D610F}
500045523||20260719|17|55020|1|50|690719081641|690719081641:17:55020:50|{D6CD2CB9-AE83-4E63-9949-C07E14F26B6E}
600082873||20260719|13|58131|1|250|690719084519|690719084519:13:58131:250|{CC63D44C-2962-470F-A8F9-F315FEE84D44}
600082873||20260719|17|55020|1|50|690719084519|690719084519:17:55020:50|{CE08F01C-2E63-4849-BBEB-FCDADCB9FAE9}
500060282||20260719|17|55020|1|50|690719141451|690719141451:17:55020:50|{F1FE7F9A-6BEA-40DF-8FDC-C0DEEA78BD2D}
500060282||20260719|17|55320|1|50|690719141451|690719141451:17:55320:50|{6A4384E5-5BF1-4797-B7F6-01363E2ACC83}
500054964||20260720|15|32203|1|40|690720000001|690720000001:15:32203:40|{280743E8-EF9A-4F1A-81C1-860069034E83}
500054964||20260720|15|32401|1|150|690720000001|690720000001:15:32401:150|{5D2D94E7-533F-4577-B095-E3E127AC872F}
500054964||20260720|17|55021|1|50|690720000001|690720000001:17:55021:50|{190EB45C-169F-4053-84EE-F2BA0B6CBDE5}
500054964||20260720|18|52441|1|0|690720000001|690720000001:18:52441:0|{D9CA85DA-66D3-4172-A727-C657D13C6EB7}
500054964||20260720|19|71220|1|50|690720000001|690720000001:19:71220:50|{BAFB990C-F947-4F5C-967A-0E592F8E6571}
500015442||20260720|17|55021|1|50|690720000005|690720000005:17:55021:50|{47B56F88-E704-42E2-A46A-CC7971554D32}
500015442||20260720|17|55811|1|140|690720000005|690720000005:17:55811:140|{DCA255EB-49C6-4F76-8A5B-136EBCB0E8F8}
680096237||20260720|15|32203|1|40|690720000013|690720000013:15:32203:40|{C77D6415-71FB-40E3-8118-834641AFF023}
680096237||20260720|15|32401|1|150|690720000013|690720000013:15:32401:150|{9172F460-45A3-4FA1-9824-F4DE0C841138}
680096237||20260720|17|55021|1|50|690720000013|690720000013:17:55021:50|{706366B4-EF64-4B73-9655-6236852E32B1}
680096237||20260720|18|52441|1|0|690720000013|690720000013:18:52441:0|{76B78EBC-095C-4AB9-8383-A029D1978223}
680096237||20260720|19|71220|1|50|690720000013|690720000013:19:71220:50|{197FA21F-2738-484F-BC5B-0BB133F5E6E8}
500041930||20260720|15|32203|1|40|690720000016|690720000016:15:32203:40|{2251858F-1BBB-41CE-AE91-1F1CD204F184}
500041930||20260720|17|55021|1|50|690720000016|690720000016:17:55021:50|{B7665A91-9CDD-4A5B-A42B-FEC99544E6C2}
500041930||20260720|18|52441|1|0|690720000016|690720000016:18:52441:0|{63126D68-7176-4C52-8A67-3278826402BF}
500041930||20260720|19|71220|1|50|690720000016|690720000016:19:71220:50|{46F8E9FC-686E-47E4-A9DC-2ABA575E41B2}
500047191||20260720|17|55811|1|140|690720000025|690720000025:17:55811:140|{51D3D1B4-A86D-477E-A142-DF368B2BA5E6}
500037160||20260720|15|32103|1|40|690720000051|690720000051:15:32103:40|{934D7548-513D-46B6-8E7D-75D78648F7AF}
500037160||20260720|15|32202|1|40|690720000051|690720000051:15:32202:40|{A3A95170-08B3-4090-AF81-EE41624A5D62}
500037160||20260720|17|55021|1|50|690720000051|690720000051:17:55021:50|{0AB771B6-E2C1-4E7A-B872-797EA24202D8}
500037160||20260720|18|52441|1|0|690720000051|690720000051:18:52441:0|{1C5B29E0-C662-4118-8569-227D764ED3F6}
500055810||20260720|17|55811|1|140|690720000052|690720000052:17:55811:140|{18B70095-C53E-42B4-A0FB-D13793CD55C0}
500030940||20260720|17|55021|1|50|690720000063|690720000063:17:55021:50|{11535EF8-484A-40D4-BE40-64B7A10173C6}
500030940||20260720|18|52441|1|0|690720000063|690720000063:18:52441:0|{3616F282-C350-4440-B52C-EBA5E056E5E9}
620087206||20260720|12|67211|1|500|690720000066|690720000066:12:67211:500|{3C239526-9291-46B5-8F7D-600917E9310B}
620087206||20260720|17|55021|1|50|690720000066|690720000066:17:55021:50|{941D62E3-7112-469C-B8A3-8BE6A29E5549}
500032873||20260720|17|55021|1|50|690720000089|690720000089:17:55021:50|{A4C13EBE-323B-411B-96FF-AC0D899F4F2B}
500005039||20260720|13|58130|1|250|690720000093|690720000093:13:58130:250|{99200C6F-0B1D-4F94-A684-AB760B17A72F}
500005039||20260720|17|55021|1|50|690720000093|690720000093:17:55021:50|{823FBB8D-3E4E-4482-AC34-CB0EE32D1140}
500012694||20260720|17|55021|1|50|690720000102|690720000102:17:55021:50|{BCE16496-0615-468D-8D8A-93922A752869}
500012694||20260720|18|52441|1|0|690720000102|690720000102:18:52441:0|{9E7A9235-574C-477B-BBCC-DBF03340DE01}
500000557||20260720|12|62102|3|350|690720000110|690720000110:12:62102:350|{5CAF239C-95C0-4CC8-B9FF-FA0F62A1AED0}
500000557||20260720|12|62501|1|130|690720000110|690720000110:12:62501:130|{8827640D-06FC-47B7-B015-2129F908E9D9}
500000557||20260720|12|62508|3|1000|690720000110|690720000110:12:62508:1000|{DE6DD5BB-DCBF-4C05-897D-95692EAF55C8}
500000557||20260720|17|55020|1|50|690720000110|690720000110:17:55020:50|{C1552159-4866-46C6-95F1-E1B70AF493AB}
500000557||20260720|17|55810|1|70|690720000110|690720000110:17:55810:70|{26D4BA0A-A06B-4D97-9B25-E57ED9240855}
500011392||20260720|17|55020|1|50|690720000142|690720000142:17:55020:50|{F1E12F9E-D500-4BFB-A4C3-3E8C4D6F5999}
500011392||20260720|20|XXX14|3|500|690720000142|690720000142:20:XXX14:500|{0F36D8C7-6A5F-4274-A483-A3DEE4B5882E}
500011392||20260720|20|XXX14|2|70|690720000142|690720000142:20:XXX14:70|{A41D7CD9-2148-4D91-9B20-4666BCFAD302}
500010556||20260720|15|32103|1|40|690720000148|690720000148:15:32103:40|{609D400C-D0A0-4AD8-AFE1-EE495E68B0AA}
500010556||20260720|15|32202|1|40|690720000148|690720000148:15:32202:40|{61FB035F-25A1-4B87-B231-7013CCCE8CA7}
500010556||20260720|17|55020|1|50|690720000148|690720000148:17:55020:50|{B4797DB8-3A56-442C-98FC-A04EE88D5A18}
500010556||20260720|18|52441|1|0|690720000148|690720000148:18:52441:0|{A4BD0855-C06F-4F8C-B3BE-BDDA315A7FF1}
500011705||20260720|15|30104|1|30|690720000159|690720000159:15:30104:30|{B9F1052C-291D-446A-A8C2-1E5D0F93A760}
500037693||20260720|15|30104|1|30|690720000200|690720000200:15:30104:30|{D77291F4-29A1-4F57-BAE0-4A1925BA2065}
580078861||20260720|15|32608|1|170|690720000224|690720000224:15:32608:170|{5FE96AEC-0200-4EE9-A4E2-0060E979B6CF}
580078861||20260720|15|32612|1|170|690720000224|690720000224:15:32612:170|{1DE2226D-761A-499E-B1C4-725A7859BDBC}
580078861||20260720|17|55020|1|50|690720000224|690720000224:17:55020:50|{F720608B-9BB4-4D8D-A6E9-8510791512B8}
590080325||20260720|17|55020|1|50|690720000226|690720000226:17:55020:50|{D5FA57B1-5977-46B8-A35C-1B873FB52252}
590080325||20260720|20|XXX14|3|500|690720000226|690720000226:20:XXX14:500|{225A9A9B-B5A9-451F-B469-E90108A9EE46}
590080325||20260720|20|XXX14|2|60|690720000226|690720000226:20:XXX14:60|{9071AF70-E1B4-4CF9-A60F-A25C55D9606F}
590080325||20260720|20|XXX14|4|70|690720000226|690720000226:20:XXX14:70|{BF13237E-A4E9-422A-92DC-FB2E9537465C}
590080325||20260720|20|XXX14|1|80|690720000226|690720000226:20:XXX14:80|{4FB04AD3-E67A-464D-8F66-4A63EFC388AD}
690097836||20260720|13|58201|1|150|690720000227|690720000227:13:58201:150|{6123BFBA-C813-4D33-BCD7-CB84E0852F6F}
500004383||20260720|17|55020|1|50|690720000234|690720000234:17:55020:50|{C3720BE3-DA36-4309-9A58-CA2370E4A7BB}
500004383||20260720|20|XXX14|1|100|690720000234|690720000234:20:XXX14:100|{0511C99E-5CB5-4E01-8A08-36E51A1ACB88}
500004383||20260720|20|XXX14|3|500|690720000234|690720000234:20:XXX14:500|{FDBD2306-A2A3-401D-BE96-8BCFC730EE81}
500004383||20260720|20|XXX14|3|60|690720000234|690720000234:20:XXX14:60|{4EB87C6C-9253-43CD-826C-B13A994E200A}
500004383||20260720|20|XXX14|1|80|690720000234|690720000234:20:XXX14:80|{80B6F333-5782-4B8A-B355-BC296A4A7B76}
500001609||20260720|17|55020|1|50|690720000235|690720000235:17:55020:50|{D25B92C7-F864-4015-96E5-A156020F6C5B}
500001609||20260720|20|XXX14|1|100|690720000235|690720000235:20:XXX14:100|{AFE7044D-A3B1-4908-A108-51273BE8BC39}
500001609||20260720|20|XXX14|3|500|690720000235|690720000235:20:XXX14:500|{CBD9B24D-3E47-4B54-9B5A-59782F43D5D6}
500001609||20260720|20|XXX14|4|60|690720000235|690720000235:20:XXX14:60|{B0EA3CB4-9C69-40C9-827A-F4B4676E3BEE}
500001609||20260720|20|XXX14|1|80|690720000235|690720000235:20:XXX14:80|{D39E2915-F44E-49C2-B838-3A83BF7CF51D}
540071883||20260720|13|58130|1|250|690720000242|690720000242:13:58130:250|{8E90EF50-A7EA-4D2D-817C-2D54FEC88BAF}
540071883||20260720|17|55021|1|50|690720000242|690720000242:17:55021:50|{C634138B-0C4F-4170-953F-F5871E421A80}
500054442||20260720|17|55021|1|50|690720000246|690720000246:17:55021:50|{EEDC5F66-5166-476E-9293-FE560AE0BB8E}
500054442||20260720|20|XXX14|1|100|690720000246|690720000246:20:XXX14:100|{0BCF47A6-6949-4366-BCFB-FE00F3FCC235}
500054442||20260720|20|XXX14|3|500|690720000246|690720000246:20:XXX14:500|{8A913963-C1F1-44DD-BC9E-FFFF9E4F2896}
500054442||20260720|20|XXX14|3|70|690720000246|690720000246:20:XXX14:70|{8459605C-4333-4BEF-B721-DA307ACE0C61}
500054442||20260720|20|XXX14|1|80|690720000246|690720000246:20:XXX14:80|{6CED8C5E-C7CB-420C-B288-83B687830577}
670093985||20260720|17|55021|1|50|690720000250|690720000250:17:55021:50|{96A2E6F6-3DF2-49A1-91EB-C53F54E2CB72}
670093985||20260720|17|55810|1|70|690720000250|690720000250:17:55810:70|{FA5D5516-1CEC-46B6-B3FC-3BE795C509C3}
500030941||20260720|17|55020|1|50|690720083311|690720083311:17:55020:50|{0BF88244-EB1C-496B-9281-92FF8DC50EA5}
500030941||20260720|2|8307|1|1000|690720083311|690720083311:2:8307:1000|{9C2FEED3-9491-41FB-808D-4AE60AE4BBAC}
500030941||20260720|2|8703|1|190|690720083311|690720083311:2:8703:190|{BA2012EB-3276-4C41-AC4B-58D1E486E7E0}
500030941||20260720|20|XXX14|1|100|690720083311|690720083311:20:XXX14:100|{F22A4BED-E957-43B1-9FCE-9D6DC7825CC5}
500030941||20260720|20|XXX14|3|500|690720083311|690720083311:20:XXX14:500|{4C6BABB1-180C-43D6-9AF5-090010211442}
500030941||20260720|20|XXX14|2|70|690720083311|690720083311:20:XXX14:70|{FA90B43B-0BCA-4C5B-8510-F97200BC13A7}
500030941||20260720|20|XXX14|1|80|690720083311|690720083311:20:XXX14:80|{C655D186-CB33-49F2-BD3E-9094232288B8}
600083656||20260720|17|55020|1|50|690720083732|690720083732:17:55020:50|{DD273C18-FEE5-4B06-853E-9006DD8A2E0A}
500024273||20260720|17|55020|1|50|690720090419|690720090419:17:55020:50|{13EA6B71-1634-4582-8D0C-9043589629BA}
500000366||20260720|16|41202|1|80|690720093251|690720093251:16:41202:80|{2056C965-0AEE-4599-8CA9-6C20DB85C779}
500000366||20260720|17|55020|1|50|690720093251|690720093251:17:55020:50|{8166B8AD-E39F-4C35-9DFC-1BFFBC3C2913}
500010798||20260720|15|30101|1|90|690720094346|690720094346:15:30101:90|{D163DF08-8754-467A-80EE-2FDEEE99C4E4}
500010798||20260720|15|32001|1|100|690720094346|690720094346:15:32001:100|{4C476DEE-9198-4EAF-8E48-1F915497A928}
500010798||20260720|15|32201|1|40|690720094346|690720094346:15:32201:40|{898978B4-D647-4B12-8A9A-F23B27495B9C}
500010798||20260720|15|32202|1|40|690720094346|690720094346:15:32202:40|{4DCF3F89-A957-444B-9235-D188B74410E2}
500010798||20260720|15|35001|3|60|690720094346|690720094346:15:35001:60|{FF20B0CD-C61E-418B-954D-4641F4F48002}
500010798||20260720|16|41003|1|250|690720094346|690720094346:16:41003:250|{50307778-7F96-4E3A-942A-25D942C6C7B0}
500010798||20260720|17|55020|1|50|690720094346|690720094346:17:55020:50|{B2DB9A16-DEC3-4B6B-A7F5-76C6132DA384}
500037405||20260720|17|55020|1|50|690720102244|690720102244:17:55020:50|{97AE3BC7-089A-43A1-829A-66F6DF85E953}
500037405||20260720|20|XXX14|1|100|690720102244|690720102244:20:XXX14:100|{9E4D2DBD-48CB-45CF-BC23-85E5AB3BC451}
500037405||20260720|20|XXX14|2|500|690720102244|690720102244:20:XXX14:500|{F46ADF1D-5560-494A-9C10-60CF73B753EE}
500037405||20260720|20|XXX14|1|80|690720102244|690720102244:20:XXX14:80|{53740CE0-8059-430F-A328-22EC5D6CCC27}
500055663||20260720|17|55020|1|50|690720102306|690720102306:17:55020:50|{23E91EF5-DB14-4C28-AA1E-CB1C8EB8C98F}
500055663||20260720|20|XXX14|1|100|690720102306|690720102306:20:XXX14:100|{32AD00E8-BEC8-476C-BE04-57BAE90C32A3}
500055663||20260720|20|XXX14|3|500|690720102306|690720102306:20:XXX14:500|{128BDC1E-A996-4E6F-B4B3-D23D5662FD77}
500055663||20260720|20|XXX14|4|60|690720102306|690720102306:20:XXX14:60|{A03337C3-6029-44E2-AA74-5A81EC31B879}
500055663||20260720|20|XXX14|1|80|690720102306|690720102306:20:XXX14:80|{02C7E322-5A47-4F1B-9644-1C9375FEA415}
500009018||20260720|17|55020|1|50|690720102330|690720102330:17:55020:50|{4B738249-FD08-44C0-A81E-475980B9D7CD}
500009018||20260720|20|XXX14|1|100|690720102330|690720102330:20:XXX14:100|{1A331E4C-6032-4E0E-B51D-330E593755E5}
500009018||20260720|20|XXX14|3|500|690720102330|690720102330:20:XXX14:500|{E1F43A4E-A533-435D-B95A-976EF169F26D}
500009018||20260720|20|XXX14|4|60|690720102330|690720102330:20:XXX14:60|{EEA3B8E1-CF6E-4CAF-80B8-A8561C8CA428}
500009018||20260720|20|XXX14|1|80|690720102330|690720102330:20:XXX14:80|{B3B76B3D-C27E-430D-BEEF-A7B07FBD1B1A}
500031446||20260720|17|55020|1|50|690720102551|690720102551:17:55020:50|{08F4842C-A617-443F-B204-A26331A4395D}
500031446||20260720|20|XXX14|1|100|690720102551|690720102551:20:XXX14:100|{0ED8CB51-5411-439A-A2D1-28E5A791925D}
500031446||20260720|20|XXX14|1|80|690720102551|690720102551:20:XXX14:80|{B36DD40E-28AB-4E94-AFCA-2C86963EB23B}
510064359||20260720|17|55020|1|50|690720102555|690720102555:17:55020:50|{3AE595B1-8AB3-4565-8699-AA7D260FBAF5}
500016026||20260720|17|55020|1|50|690720102912|690720102912:17:55020:50|{51F23BDD-2BEE-48F1-B425-AD8C16F09603}
500016026||20260720|20|XXX14|1|100|690720102912|690720102912:20:XXX14:100|{FEF534F9-1C20-400E-A5F1-101FBCBF1E93}
500016026||20260720|20|XXX14|2|500|690720102912|690720102912:20:XXX14:500|{13B0357C-3ABF-408C-A9AC-04EEDFA0900F}
500016026||20260720|20|XXX14|1|80|690720102912|690720102912:20:XXX14:80|{821CEBD1-4A5C-45D2-9711-1D8C50DC3C32}
500008912||20260720|13|58130|1|250|690720103337|690720103337:13:58130:250|{3326B3B1-D5CA-4E60-810C-6426BD0A1E39}
500008912||20260720|17|55020|1|50|690720103337|690720103337:17:55020:50|{04BB1A4C-FBF6-4663-B409-98E0F17E0931}
500008912||20260720|20|XXX14|1|100|690720103337|690720103337:20:XXX14:100|{30DA90A5-E93B-4025-96EC-96C59DA88E32}
500008912||20260720|20|XXX14|2|500|690720103337|690720103337:20:XXX14:500|{F1A8135D-BC9D-4399-A3CD-AC8C01C141BD}
500008912||20260720|20|XXX14|1|80|690720103337|690720103337:20:XXX14:80|{E795FB59-12A3-4F52-8EA1-56D70D54178A}
500051132||20260720|17|55020|1|50|690720110014|690720110014:17:55020:50|{F63A34FA-F364-4D90-ABEE-FC09944322D2}
500051132||20260720|20|XXX14|1|100|690720110014|690720110014:20:XXX14:100|{C21A55B5-D8A0-418E-BC50-AF76BA594B9C}
500051132||20260720|20|XXX14|3|500|690720110014|690720110014:20:XXX14:500|{CA75AECD-EF31-430D-B014-B10D98E9F31D}
500051132||20260720|20|XXX14|2|60|690720110014|690720110014:20:XXX14:60|{76815C5F-127B-4A86-9744-579240404D95}
500051132||20260720|20|XXX14|1|80|690720110014|690720110014:20:XXX14:80|{C29C426A-B1A1-4837-BE38-A3B026A88687}
500015110||20260720|17|55020|1|50|690720131020|690720131020:17:55020:50|{8429B8B1-9D7A-4227-B855-C522FB080FD5}
690096948||20260720|12|63101|1|700|690720131116|690720131116:12:63101:700|{4D71FCEB-2124-475E-8441-E6A8234466A2}
690096948||20260720|12|67212|1|600|690720131116|690720131116:12:67212:600|{4BCE86CA-4E58-4068-9973-FD6E38E0CCE3}
690096948||20260720|16|41202|1|80|690720131116|690720131116:16:41202:80|{5AAAC6AB-5672-4826-8E2E-237B129434B1}
690096948||20260720|17|55020|1|50|690720131116|690720131116:17:55020:50|{0D1B80B3-4D99-4912-95B9-CF3DD930E992}
500029178||20260720|16|41003|2|250|690720133937|690720133937:16:41003:250|{4D71F0CD-A501-4657-9153-67EF64534EBB}
500029178||20260720|17|55020|1|50|690720133937|690720133937:17:55020:50|{4E6F49F1-8972-4ADB-8A7C-6EE40E90BFE3}
500029178||20260720|19|71725|1|300|690720133937|690720133937:19:71725:300|{6852A88C-DA9B-4DCE-93D6-CC728E744263}
500029178||20260720|2|8301|1|250|690720133937|690720133937:2:8301:250|{66D2C733-513E-473D-8954-27FCBF8B9A43}
500010793||20260720|17|55020|1|50|690720141646|690720141646:17:55020:50|{BA729B1C-E81E-4D7E-9CAC-7FC6BC0A4C39}
500010793||20260720|17|55822|2|20|690720141646|690720141646:17:55822:20|{7F6CE19D-D79A-4F4C-AE80-EADF49CAD8BE}
500055044||20260720|13|58130|1|250|690720142203|690720142203:13:58130:250|{5C0A3DCD-AE15-488F-A0F1-144681B9A0B7}
500055044||20260720|17|55020|1|50|690720142203|690720142203:17:55020:50|{81566474-19D4-4842-8CA4-2BBAC944A782}
500048111||20260720|17|55810|1|70|690720170252|690720170252:17:55810:70|{5FEC8724-BC6E-4B34-A809-6A4C9BDB88CF}
560076298||20260720|17|55021|1|50|690720175915|690720175915:17:55021:50|{98C9D8DC-0820-4904-BE49-D09057E09D09}
560076298||20260720|20|XXX14|1|100|690720175915|690720175915:20:XXX14:100|{D8AC9CA6-0357-4857-9954-764271D15F3A}
560076298||20260720|20|XXX14|2|500|690720175915|690720175915:20:XXX14:500|{7E982427-EA4C-4F0A-B93A-744C821CDD0C}
560076298||20260720|20|XXX14|1|80|690720175915|690720175915:20:XXX14:80|{68AF749F-5C6E-4610-9C51-95247F97ECF9}
500004917||20260720|17|55021|1|50|690720175950|690720175950:17:55021:50|{8E9A9EE7-29A5-4BC8-9F37-59281F9F4640}
500004917||20260720|20|XXX14|1|100|690720175950|690720175950:20:XXX14:100|{1B1E9E1E-B703-46F6-8FDF-CA70181D9A6C}
500004917||20260720|20|XXX14|2|500|690720175950|690720175950:20:XXX14:500|{568A36B9-1EA9-4477-8B4B-48F760A56C54}
500004917||20260720|20|XXX14|1|80|690720175950|690720175950:20:XXX14:80|{B09CBA48-52E9-440A-8CFD-F854065691D0}
500018076||20260720|15|32307|1|260|690720191807|690720191807:15:32307:260|{F7462E6F-9E05-4064-9412-9E88C861DF78}
500018076||20260720|17|55021|1|50|690720191807|690720191807:17:55021:50|{C55E556D-CF2E-4178-9EEA-A6D5A75EB3A6}
500018076||20260720|17|55822|1|20|690720191807|690720191807:17:55822:20|{4BF1462D-8B3B-4A74-A140-0F0CBADDCF1B}
500018076||20260720|9|51410|1|200|690720191807|690720191807:9:51410:200|{9EE41816-4100-4047-B833-D15A23AD0C33}
500014528||20260720|16|41003|2|250|690720193307|690720193307:16:41003:250|{97C4AA56-2921-4FF3-9CD9-558176CD34F6}
500014528||20260720|17|55021|1|50|690720193307|690720193307:17:55021:50|{BC8CBB2F-D2B4-4585-B256-57F2B50E2D12}
500014528||20260720|17|55811|1|140|690720193307|690720193307:17:55811:140|{AD482E4F-1D2F-463A-992C-AF69A0227026}
500014528||20260720|19|71830|1|385|690720193307|690720193307:19:71830:385|{634240D9-3A07-41F8-B1DB-A214585F379B}
500044895||20260720|17|55021|1|50|690720201237|690720201237:17:55021:50|{C5D65133-3314-4987-ACCD-F09DDF1635CB}
500044895||20260720|18|52441|1|0|690720201237|690720201237:18:52441:0|{337E9657-A7C0-406E-9E63-A5556F6683F6}
500000261||20260721|15|32103|1|40|690721000001|690721000001:15:32103:40|{3F0B10B7-7C8D-4CC5-81FB-0491761E9D02}
500000261||20260721|15|32202|1|40|690721000001|690721000001:15:32202:40|{0F0C272B-9340-41A2-8889-70AD9B4E8A05}
500000261||20260721|15|32203|1|40|690721000001|690721000001:15:32203:40|{EACAE2BC-6464-47A6-A6F8-92380B2944A3}
500000261||20260721|15|32205|1|60|690721000001|690721000001:15:32205:60|{5BA0B63F-133E-48AA-8C89-873F4756154F}
500000261||20260721|15|32401|1|150|690721000001|690721000001:15:32401:150|{A75D0CCE-E6A3-428C-9C4F-590F8AB092CB}
500000261||20260721|17|55021|1|50|690721000001|690721000001:17:55021:50|{6FE69034-B53A-4F7F-AAA0-63A1FAB84429}
500000261||20260721|18|52441|1|0|690721000001|690721000001:18:52441:0|{F3F535B2-2E56-4F46-8D90-FF417B6068F6}
500000261||20260721|19|71220|1|50|690721000001|690721000001:19:71220:50|{BEF7C96C-5A61-4ACA-B661-15ECC2AAF746}
500015442||20260721|17|55811|1|140|690721000006|690721000006:17:55811:140|{92D6D0FA-474E-4381-A063-A74C655245D5}
530070323||20260721|11||2|0|690721000009|690721000009:11::0|{BFF30C07-AAC0-452E-BE50-62FA34EA3587}
530070323||20260721|15|32203|1|40|690721000009|690721000009:15:32203:40|{CD9B1E28-9635-4DE2-9F59-138FB60625EC}
530070323||20260721|17|55021|1|50|690721000009|690721000009:17:55021:50|{D57F2522-BC26-4A49-9B50-D88EC48F4176}
530070323||20260721|18|52441|1|0|690721000009|690721000009:18:52441:0|{33BB3D2C-0BBD-4DED-92BE-2B3B864443D4}
530070323||20260721|19|71220|1|50|690721000009|690721000009:19:71220:50|{8BE7281E-C420-4FE0-8A4D-B1C89864238A}
640089743||20260721|11||2|0|690721000019|690721000019:11::0|{F593C9D8-6CC5-4873-9497-711FF6665985}
640089743||20260721|15|32203|1|40|690721000019|690721000019:15:32203:40|{3DB41C64-E475-4CF3-98E1-F5EE750BF22C}
640089743||20260721|17|55021|1|50|690721000019|690721000019:17:55021:50|{063DEE2B-1BDE-4787-8D0E-A310CA6083B7}
640089743||20260721|18|52441|1|0|690721000019|690721000019:18:52441:0|{05AB3690-DA3E-4747-B987-993078E3F6EB}
640089743||20260721|19|71220|1|50|690721000019|690721000019:19:71220:50|{D6B4A92E-4460-4086-873A-990F2924A6DD}
500039516||20260721|11||2|0|690721000048|690721000048:11::0|{7EBC7622-0125-4BB4-A89D-AC67FCD0818C}
500039516||20260721|15|32203|1|40|690721000048|690721000048:15:32203:40|{FBBFB843-C8E0-4355-8EA5-E395DC874D8B}
500039516||20260721|17|55021|1|50|690721000048|690721000048:17:55021:50|{FD4B4049-096E-46E4-B717-C6B012528333}
500039516||20260721|18|52441|1|0|690721000048|690721000048:18:52441:0|{6BF34AD5-FE67-4543-BCCE-02D7F8A884E8}
500015142||20260721|15|32001|1|100|690721000051|690721000051:15:32001:100|{D4D8B149-04C8-47C2-B83B-98853108640D}
500015142||20260721|15|32201|1|40|690721000051|690721000051:15:32201:40|{80240EC9-13E0-48D5-8D52-2E643CB03092}
500015142||20260721|15|32202|1|40|690721000051|690721000051:15:32202:40|{90E72CEB-BC5C-4D7B-858A-F055026E0E35}
500015142||20260721|17|55021|1|50|690721000051|690721000051:17:55021:50|{C830F067-DCBF-4B9D-B21A-486DAE45706D}
500021353||20260721|15|32203|1|40|690721000055|690721000055:15:32203:40|{7ECE6D52-23AF-4F6E-B11F-A89DF9EAE3B2}
500021353||20260721|17|55021|1|50|690721000055|690721000055:17:55021:50|{17528A70-A88F-4E15-85BD-18650B888AC2}
500021353||20260721|18|52441|1|0|690721000055|690721000055:18:52441:0|{85B724A1-3257-421E-A607-8ADB60357A3E}
500021353||20260721|19|71220|1|50|690721000055|690721000055:19:71220:50|{5FA733AB-CA88-4D58-B568-7019E778D74C}
500055810||20260721|17|55811|1|140|690721000064|690721000064:17:55811:140|{28953434-A03F-49DB-9977-C8438A4539A9}
500005430||20260721|15|30104|1|30|690721000072|690721000072:15:30104:30|{50BF04D8-0F62-4C28-BB54-0039DB9E4C01}
500005430||20260721|15|32001|1|100|690721000072|690721000072:15:32001:100|{8A7CAE97-D4E1-46BB-95FF-9C21FCAE0EB4}
500005430||20260721|15|32201|1|40|690721000072|690721000072:15:32201:40|{2399A843-76C9-4BC9-954A-9CB352E5E6BA}
500005430||20260721|15|32202|1|40|690721000072|690721000072:15:32202:40|{BFC8D86E-CB60-418B-980C-9C045E206E87}
500005430||20260721|17|55021|1|50|690721000072|690721000072:17:55021:50|{D07D0019-3977-4DBC-BD36-9AD61A7518BA}
500002532||20260721|15|32004|1|200|690721000077|690721000077:15:32004:200|{EFAE2F72-3B36-485B-B662-905FE54A32ED}
500002532||20260721|17|55021|1|50|690721000077|690721000077:17:55021:50|{26C951A3-1395-4BE3-B961-E68B84ED3438}
500002532||20260721|18|52441|1|0|690721000077|690721000077:18:52441:0|{06E03E76-7B3F-4B2F-9ED1-16DB9F9F6B67}
500002532||20260721|19|71220|1|50|690721000077|690721000077:19:71220:50|{4E651AD0-5CAA-479C-8672-76ECAB0EB34F}
500048222||20260721|11||2|0|690721000083|690721000083:11::0|{FDED1E43-DEA1-4BC6-AF03-C10B284DA85C}
500048222||20260721|15|32203|1|40|690721000083|690721000083:15:32203:40|{955A0CFB-A907-495D-8AA1-00DF1F937CBF}
500048222||20260721|15|32401|1|150|690721000083|690721000083:15:32401:150|{C1CD28B3-AE7E-4D61-868E-B29CBA3DF657}
500048222||20260721|17|55021|1|50|690721000083|690721000083:17:55021:50|{C78E6F06-D3A3-444E-ACFB-AC140A78DF22}
500048222||20260721|18|52441|1|0|690721000083|690721000083:18:52441:0|{B781B755-4930-4F61-B368-7DE8BA77AAAD}
500048222||20260721|19|71220|1|50|690721000083|690721000083:19:71220:50|{6DD4BAF4-C715-4209-8177-44DE4019E2C6}
620087206||20260721|12|67211|1|500|690721000128|690721000128:12:67211:500|{91350874-8132-4CCA-9828-A447E4710A16}
620087206||20260721|12|XXX13|2|0|690721000128|690721000128:12:XXX13:0|{83A1FACD-3654-4C7D-A019-C655B0934894}
620087206||20260721|17|55021|1|50|690721000128|690721000128:17:55021:50|{DC2107AB-9D10-42FF-A404-38A2A14B5600}
500033399||20260721|15|30101|1|90|690721000131|690721000131:15:30101:90|{98B290A2-6D35-47CD-9EA7-4A24E8544D3D}
500033399||20260721|15|32001|1|100|690721000131|690721000131:15:32001:100|{0E0063C9-FDD8-4FFF-9AE5-4106D9C93F52}
500033399||20260721|15|32201|1|40|690721000131|690721000131:15:32201:40|{BC4AD56C-69A3-49E4-9913-77108A90208D}
500033399||20260721|15|32202|1|40|690721000131|690721000131:15:32202:40|{29DB067E-AE0E-4F35-B212-75051B93D088}
500033399||20260721|17|55021|1|50|690721000131|690721000131:17:55021:50|{B50C08E6-4D8E-4F3C-9DF5-F1FAD10B74F4}
500033964||20260721|13|58130|1|250|690721000137|690721000137:13:58130:250|{561A2325-B4F2-4E2B-BDED-8E05DAF76EE9}
500033964||20260721|15|32004|1|200|690721000137|690721000137:15:32004:200|{1E03221C-C158-4031-A08D-4F22FB0D216F}
500033964||20260721|15|32203|1|40|690721000137|690721000137:15:32203:40|{6AFF3932-0184-4CAD-B2F3-DFE8D0C4B36C}
500033964||20260721|15|32401|1|150|690721000137|690721000137:15:32401:150|{F50D2F55-97A2-4A73-85DA-2E73C0866C51}
500033964||20260721|17|55021|1|50|690721000137|690721000137:17:55021:50|{2596ECAB-BB62-4D64-9D0B-22ECD4E65E29}
500033964||20260721|17|55824|1|20|690721000137|690721000137:17:55824:20|{18B40746-DC44-4DED-9DCF-1E313A2B9D57}
500033964||20260721|18|52441|1|0|690721000137|690721000137:18:52441:0|{9D53810B-A2C4-4E3E-83D0-31255D745F5B}
500033964||20260721|19|71220|1|50|690721000137|690721000137:19:71220:50|{C253637D-63C7-450D-AADE-47B847F8A777}
670094682||20260721|17|55021|1|50|690721000154|690721000154:17:55021:50|{20D9016D-29C1-433E-90BC-9FA9BC7CAA5E}
580078918||20260721|15|30101|1|90|690721000158|690721000158:15:30101:90|{4F1EF1B0-118D-44B0-963E-CD5C86998BA0}
580078918||20260721|15|32001|1|100|690721000158|690721000158:15:32001:100|{CA74D50B-A1D8-4F23-87C3-8844557747A8}
580078918||20260721|15|32004|1|200|690721000158|690721000158:15:32004:200|{3DB6DECB-F280-4FC4-87F8-1C5556641DF6}
580078918||20260721|15|32106|1|50|690721000158|690721000158:15:32106:50|{F074E515-3C49-4BBE-A7E7-8A36C4953A79}
580078918||20260721|15|32107|1|50|690721000158|690721000158:15:32107:50|{1D1A1765-36E3-4228-AAD7-CB74C8549832}
580078918||20260721|15|32109|1|50|690721000158|690721000158:15:32109:50|{F3ACB3CC-FFAB-4C30-BBC7-5D81C2A5B5CE}
580078918||20260721|15|32203|2|40|690721000158|690721000158:15:32203:40|{CED77C1C-A40C-4D6C-909A-1B4261C1F7F0}
580078918||20260721|15|32401|1|150|690721000158|690721000158:15:32401:150|{EE5F1DC4-6586-4AFA-9D35-9ACAF51B21ED}
580078918||20260721|17|55021|1|50|690721000158|690721000158:17:55021:50|{1E55F383-D8F7-432E-A6AB-10EC61A94BEF}
500040284||20260721|15|32203|1|40|690721000159|690721000159:15:32203:40|{21FAEDD9-9F5F-402D-A65E-9CDA3EB872AA}
500040284||20260721|17|55021|1|50|690721000159|690721000159:17:55021:50|{5077C201-8CFB-4BA5-AFAB-B3DDBA79FD2A}
500040284||20260721|18|52441|1|0|690721000159|690721000159:18:52441:0|{958EA792-A924-4697-A551-3D9A981BC7CD}
500040284||20260721|19|71220|1|50|690721000159|690721000159:19:71220:50|{F8D55C61-B08A-4759-9B79-FDBBA4FB2696}
630087580||20260721|13|58130|1|250|690721000213|690721000213:13:58130:250|{ED82A63A-8843-4395-A275-ED1DCDE347F1}
630087580||20260721|17|55020|1|50|690721000213|690721000213:17:55020:50|{1268ADF7-67FC-4DCF-A07A-5641A6A2F9D6}
500024022||20260721|12|62106|1|1000|690721000216|690721000216:12:62106:1000|{6B8118F4-F696-40EC-9B50-A72AC618C4B6}
500024022||20260721|12|62205|1|400|690721000216|690721000216:12:62205:400|{76AA263B-22C0-4D64-9A23-CC0B9CCD12C2}
500024022||20260721|12|62501|1|130|690721000216|690721000216:12:62501:130|{C88C1C6F-DAF1-40C0-9B58-D2F77A99825D}
500024022||20260721|12|62508|2|1000|690721000216|690721000216:12:62508:1000|{BEABA6A7-EECC-4243-85BD-A69FD5CCD30D}
500024022||20260721|16|41202|1|80|690721000216|690721000216:16:41202:80|{9DC4749A-097D-4EB0-9CB8-9C35FA4482A3}
500024022||20260721|17|55020|1|50|690721000216|690721000216:17:55020:50|{830A833B-8A36-4289-A448-76AB31BBEBFC}
500062046||20260721|13|58130|1|250|690721000223|690721000223:13:58130:250|{831A788D-212A-4695-A9AB-C9CDA0847822}
500062046||20260721|17|55020|1|50|690721000223|690721000223:17:55020:50|{635B26A4-B9C1-488D-983A-DD347008A85A}
680095923||20260721|12|62102|1|350|690721000228|690721000228:12:62102:350|{AF904704-2749-41C7-9A61-9D266167A072}
680095923||20260721|12|62501|1|130|690721000228|690721000228:12:62501:130|{627CF4C9-6960-40AE-8515-08669C660E3F}
680095923||20260721|12|62508|2|1000|690721000228|690721000228:12:62508:1000|{38B7DEF8-3C31-4FAE-BFA9-1E619B82E1F3}
680095923||20260721|17|55020|1|50|690721000228|690721000228:17:55020:50|{665D0685-32FD-4A60-A203-9FD4A871EABD}
500002569||20260721|17|55021|1|50|690721000269|690721000269:17:55021:50|{6CA70026-6590-4243-ADA2-F8BB65A482B2}
500002569||20260721|20|XXX14|3|500|690721000269|690721000269:20:XXX14:500|{264F55CE-1E2F-45B5-B58D-5871A5D39A18}
500002569||20260721|20|XXX14|2|70|690721000269|690721000269:20:XXX14:70|{E566D705-76C9-42B4-875A-3FD544D54920}
500002569||20260721|20|XXX14|1|80|690721000269|690721000269:20:XXX14:80|{E48200BE-669E-4879-BEAA-E8684CBB9182}
500005174||20260721|13|58130|1|250|690721000275|690721000275:13:58130:250|{4C7AE09F-3BC9-40B9-BF48-7E20F6B4E722}
500005174||20260721|17|55021|1|50|690721000275|690721000275:17:55021:50|{02E4BCBC-F83E-499E-AF49-3F093F0C1FC3}
500057645||20260721|17|55021|1|50|690721000282|690721000282:17:55021:50|{4129482A-CF29-4A6A-89A6-84650BE630F4}
500057645||20260721|20|XXX14|1|100|690721000282|690721000282:20:XXX14:100|{944F9C0F-070D-44B8-89AF-CDC262BE6910}
500057645||20260721|20|XXX14|3|500|690721000282|690721000282:20:XXX14:500|{1A894FFD-182D-4E66-AFE0-283120A5F40F}
500057645||20260721|20|XXX14|3|70|690721000282|690721000282:20:XXX14:70|{D5588B02-9ED8-4F60-836D-6BF7E5AF3232}
500057645||20260721|20|XXX14|1|80|690721000282|690721000282:20:XXX14:80|{1DF3136A-5560-43C0-810C-9EC40591F54D}
530067696||20260721|17|55021|1|50|690721000283|690721000283:17:55021:50|{E8928DFF-0D41-4C93-B940-9708DC382A37}
530067696||20260721|20|XXX14|1|100|690721000283|690721000283:20:XXX14:100|{65D33D6E-A5BC-4CDD-8823-B6DEE56569BF}
530067696||20260721|20|XXX14|3|500|690721000283|690721000283:20:XXX14:500|{E4C4F1C5-4AF7-444B-97F6-E6CDD5D9CF49}
530067696||20260721|20|XXX14|2|70|690721000283|690721000283:20:XXX14:70|{CFF605D0-AF25-4D7E-BB8C-CDD3F8876C18}
530067696||20260721|20|XXX14|1|80|690721000283|690721000283:20:XXX14:80|{CECEF47B-12BC-46D1-B770-1CD58A41E926}
500001145||20260721|17|55021|1|50|690721000285|690721000285:17:55021:50|{C3BE61EA-2306-454C-8141-5C17F033B299}
500001145||20260721|17|55822|2|20|690721000285|690721000285:17:55822:20|{FDC384BB-CA56-42DC-A54F-E008A9EA6AFD}
500001145||20260721|9|51410|1|200|690721000285|690721000285:9:51410:200|{C9FE2D18-2FF5-4826-B880-AF3FCA6B5095}
510063237||20260721|17|55021|1|50|690721034606|690721034606:17:55021:50|{AD93DE87-02F6-4F5E-9DFE-302C5E5713C8}
510063237||20260721|17|55320|3|50|690721034606|690721034606:17:55320:50|{4BC40099-B94A-4E53-97DD-634D8C53266C}
510063237||20260721|17|55822|1|20|690721034606|690721034606:17:55822:20|{3734F684-C1CF-401A-AEE2-A76B81510B53}
510063237||20260721|18|52441|1|0|690721034606|690721034606:18:52441:0|{96235D10-C9F1-4346-A01C-4C980E0D27A3}
690097889||20260721|12|62101|1|200|690721070717|690721070717:12:62101:200|{79A8AFEB-4C35-4CC9-985A-79D3899D87F0}
690097889||20260721|12|XXX13|2|0|690721070717|690721070717:12:XXX13:0|{60D1F480-D13F-45A5-950E-F6A50658C502}
690097889||20260721|17|55021|1|50|690721070717|690721070717:17:55021:50|{F645995B-5E8C-4C3D-B75C-9DB5EFA4DC1B}
500002905||20260721|15|32202|1|40|690721073401|690721073401:15:32202:40|{5714D151-5A6A-48C8-B175-14CBA489B522}
500002905||20260721|15|32203|1|40|690721073401|690721073401:15:32203:40|{E9AB7A9D-6E3A-42DB-9411-63E618F555A0}
500002905||20260721|17|55021|1|50|690721073401|690721073401:17:55021:50|{A1F0E309-263E-443B-A7E8-F5EC4A330B7E}
640090015||20260721|15|30101|1|90|690721074054|690721074054:15:30101:90|{FF8FDFC8-CEC4-4166-A2DD-E5EE3DD7AB0D}
640090015||20260721|15|30105|1|50|690721074054|690721074054:15:30105:50|{8767D7B0-503E-48D2-96E3-18AF1AC65AF2}
640090015||20260721|15|32310|1|40|690721074054|690721074054:15:32310:40|{EC2A4F8D-9519-4B07-B3F5-CB040E1FAD91}
640090015||20260721|15|32311|1|40|690721074054|690721074054:15:32311:40|{C1C14603-73CB-4EA1-B7E2-E06A3C7E117A}
640090015||20260721|17|55021|1|50|690721074054|690721074054:17:55021:50|{64192314-4C39-4F54-9C80-534D31632FDB}
500043578||20260721|17|55020|1|50|690721082343|690721082343:17:55020:50|{A9E218BB-088B-44D6-BCB1-4DBACB15D216}
530068868||20260721|17|55020|1|50|690721090447|690721090447:17:55020:50|{68C4B179-7834-4EF7-9C4A-73E09F8A2D73}
530067765||20260721|17|55020|1|50|690721090840|690721090840:17:55020:50|{7FA45F9B-D53A-40B6-9961-F3E52BD90B8A}
500029076||20260721|15|32001|1|100|690721091451|690721091451:15:32001:100|{E125A213-B198-4D07-B69B-644899814268}
500029076||20260721|15|32004|1|200|690721091451|690721091451:15:32004:200|{0AD88374-D0EA-4218-8134-5794CD5336A4}
500029076||20260721|17|55020|1|50|690721091451|690721091451:17:55020:50|{E75EB707-22F8-4167-BC6E-BEC0F98B77B9}
500044895||20260721|15|36506|1|350|690721092420|690721092420:15:36506:350|{EDB98ECF-D854-4402-BB99-1F6881D38672}
500044895||20260721|17|55020|1|50|690721092420|690721092420:17:55020:50|{A35A333B-A62F-437E-B432-DBB60D609523}
500010798||20260721|16|44301|1|6000|690721092522|690721092522:16:44301:6000|{53ACD2B2-75E8-4F87-AF7E-3335758E0F70}
500010798||20260721|16|44901|2|1100|690721092522|690721092522:16:44901:1100|{89F8CAE1-32C5-486A-9EBB-121442325440}
500010798||20260721|17|55020|1|50|690721092522|690721092522:17:55020:50|{B6184413-4E54-403B-A32F-A959693FE823}
500010798||20260721|17|55820|1|100|690721092522|690721092522:17:55820:100|{D89FE262-F093-4A25-BD3C-92B46B8EDF2A}
500044040||20260721|17|55020|1|50|690721112603|690721112603:17:55020:50|{784526ED-802B-4797-996C-F4EC3C3DF530}
500018076||20260721|17|55020|1|50|690721121324|690721121324:17:55020:50|{DE6D6BE5-C19F-4D66-938B-CE8A764EA645}
500018076||20260721|17|55822|2|20|690721121324|690721121324:17:55822:20|{C0A4772B-A2E1-4034-B427-E7D22367EE6D}
680096777||20260721|17|55020|1|50|690721135240|690721135240:17:55020:50|{CADE9C59-D5D6-4584-9CA7-D7F5A54B475B}
680096076||20260721|17|55020|1|50|690721135808|690721135808:17:55020:50|{9A2F08ED-9141-4AB6-B3B6-44E70F650A5F}
680096076||20260721|2|8608|1|800|690721135808|690721135808:2:8608:800|{6CEB8A67-E56F-4CEF-AADE-511CA1F70D38}
680096076||20260721|20|XXX14|1|100|690721135808|690721135808:20:XXX14:100|{72F539E0-9AFD-4881-A592-B3A83F8309C3}
680096076||20260721|20|XXX14|3|500|690721135808|690721135808:20:XXX14:500|{0F1F3E9D-46C8-48D7-A72A-D646E70B37F4}
680096076||20260721|20|XXX14|3|70|690721135808|690721135808:20:XXX14:70|{EF2CD88D-8D6C-4C88-B702-941DFE7A344D}
680096076||20260721|20|XXX14|1|80|690721135808|690721135808:20:XXX14:80|{8701F9BC-E05A-4DBB-BD1B-C46272191130}
500003591||20260721|17|55020|1|50|690721135841|690721135841:17:55020:50|{089059EC-B734-4D26-AAED-A54B44F015F6}
500003591||20260721|2|8307|1|1000|690721135841|690721135841:2:8307:1000|{8C6A7AB0-4BD3-4715-86BB-162FB40DCB94}
500003591||20260721|20|XXX14|1|100|690721135841|690721135841:20:XXX14:100|{E4C0E249-E7A4-4F66-BC87-03297D772462}
500003591||20260721|20|XXX14|3|500|690721135841|690721135841:20:XXX14:500|{1F1606CA-C186-48E8-A8CB-8914A467381B}
500003591||20260721|20|XXX14|3|70|690721135841|690721135841:20:XXX14:70|{F1417653-5F16-43DA-863A-9FDED87725E2}
500003591||20260721|20|XXX14|1|80|690721135841|690721135841:20:XXX14:80|{614F41C1-1943-43AD-8E43-9208AE5DCDBE}
500006582||20260721|17|55020|1|50|690721140020|690721140020:17:55020:50|{96999C5C-AAF4-46C7-86EC-3B6BAF2A285A}
500055612||20260721|15|30101|1|90|690721140150|690721140150:15:30101:90|{54AEB940-7751-4F89-8875-558768C7010C}
500055612||20260721|15|32001|1|100|690721140150|690721140150:15:32001:100|{E6C93239-CFA5-404A-8EE4-F3468FF1063D}
500055612||20260721|15|32201|1|40|690721140150|690721140150:15:32201:40|{38158B60-B0E6-4D8B-AEAA-91DE977FD63E}
500055612||20260721|15|32202|1|40|690721140150|690721140150:15:32202:40|{4C3063F5-2B67-44DB-A3FD-1CA6D9C8E08C}
500055612||20260721|16|41003|2|250|690721140150|690721140150:16:41003:250|{796BD534-A984-406C-8683-D630E5D4A130}
500055612||20260721|17|55020|1|50|690721140150|690721140150:17:55020:50|{245531E9-4348-4B0D-9FBE-6EA02E763BEF}
500055612||20260721|17|55811|1|140|690721140150|690721140150:17:55811:140|{D0C44A93-E44C-49E1-AA7F-5C6B823E9788}
500055612||20260721|17|55820|1|100|690721140150|690721140150:17:55820:100|{E4F06D80-44C5-4F31-91B9-140A34970039}
500055612||20260721|17|55822|1|20|690721140150|690721140150:17:55822:20|{EF438D4C-2C69-4EDE-9AAE-66F74CD91A1F}
500055612||20260721|19|71738|1|500|690721140150|690721140150:19:71738:500|{DB36A7C8-9745-4780-B348-2922978FE2B1}
510063057||20260721|17|55020|1|50|690721141219|690721141219:17:55020:50|{A48EA569-F9AD-4741-881F-A895E75560BE}
650056657||20260721|17|55810|1|70|690721150957|690721150957:17:55810:70|{6C62AC09-93C9-4BD3-AAD7-8EA03A2DF793}
500008317||20260721|15|36506|1|350|690721152825|690721152825:15:36506:350|{9FD2AE7C-92CE-4E21-8268-94C87A3D5D1C}
500008317||20260721|17|55020|1|50|690721152825|690721152825:17:55020:50|{C531CAF3-2DF5-4E4E-9771-58E2F147F9F7}
500012530||20260721|11||20|3|690721154645|690721154645:11::3|{D70D0936-65EA-4272-BD97-5E5508B6E1CE}
500048111||20260721|17|55021|1|50|690721161859|690721161859:17:55021:50|{02265494-DE2B-4993-9727-1093AD7BEA66}
500048111||20260721|17|55810|1|70|690721161859|690721161859:17:55810:70|{673C5F11-87C1-469B-895E-0B7E92CFB457}
650052916||20260721|16|41003|2|250|690721172847|690721172847:16:41003:250|{DA1376BE-C7D3-4D0E-BD48-E45F0990D0AA}
650052916||20260721|17|55021|1|50|690721172847|690721172847:17:55021:50|{77BE7198-AF0A-4595-8BF9-6B7A336A8E36}
650052916||20260721|17|55823|1|20|690721172847|690721172847:17:55823:20|{803539EA-5B4A-4830-A374-8087CAD1E01B}
650052880||20260721|17|55021|1|50|690721202417|690721202417:17:55021:50|{2DA44B5C-8E38-4A6F-8F70-8E12580C6933}
500015442||20260722|17|55811|1|140|690722000003|690722000003:17:55811:140|{04BD0045-6962-4856-873F-D60B65D65025}
500015157||20260722|15|32203|1|40|690722000024|690722000024:15:32203:40|{B8B118E7-487D-477A-85DA-4D7CCC021EBB}
500015157||20260722|17|55021|1|50|690722000024|690722000024:17:55021:50|{F5D8AEEE-1072-4582-BDE7-4F5F72A538A1}
500015157||20260722|18|52441|1|0|690722000024|690722000024:18:52441:0|{6C97A307-268D-4EBF-B161-05A5ECCFF9DB}
500015157||20260722|19|71220|1|50|690722000024|690722000024:19:71220:50|{323F9436-BB2F-46A8-B765-79CF7DE09E71}
500010626||20260722|15|32203|1|40|690722000025|690722000025:15:32203:40|{E0E734CD-903F-4D3E-A00B-8F27A09D84ED}
500010626||20260722|17|55021|1|50|690722000025|690722000025:17:55021:50|{1060E1FB-889A-4B91-9D26-FBCD25B74197}
500010626||20260722|18|52441|1|0|690722000025|690722000025:18:52441:0|{B32E9B97-FB3F-481B-82D5-1915D6F663BE}
570077083||20260722|11||2|0|690722000039|690722000039:11::0|{C5A6CBC0-5A89-4C7A-9565-08A99D65BA4D}
570077083||20260722|17|55021|1|50|690722000039|690722000039:17:55021:50|{AC445BAB-D3DA-4E45-B3EA-9C6547C2EFA2}
570077083||20260722|18|52441|1|0|690722000039|690722000039:18:52441:0|{64C9788F-6EFD-45C5-8A29-7C0861E500E9}
500020551||20260722|11||2|0|690722000040|690722000040:11::0|{B3116833-5FC0-4E72-8A0F-DF4B1CD7F921}
500020551||20260722|15|30101|1|90|690722000040|690722000040:15:30101:90|{46631EA3-813D-4EEA-9FAE-07D037BCA44E}
500020551||20260722|15|32003|1|290|690722000040|690722000040:15:32003:290|{698C5A9B-246B-4C1B-93E9-BF99BC706967}
500020551||20260722|15|32103|1|40|690722000040|690722000040:15:32103:40|{D53CB197-0E70-4CB5-800D-A0BCE17A3D85}
500020551||20260722|15|32201|1|40|690722000040|690722000040:15:32201:40|{A09074C0-1244-4FED-A505-78F5AAB91BED}
500020551||20260722|15|32202|1|40|690722000040|690722000040:15:32202:40|{111F8CBB-DA74-4273-A9F5-B2F0928D47D7}
500020551||20260722|15|32203|1|40|690722000040|690722000040:15:32203:40|{E44D5584-7E07-4259-AC42-077A4DA6C12C}
500020551||20260722|15|32401|1|150|690722000040|690722000040:15:32401:150|{4F3DC6BE-1919-4DF4-A19D-BF82C9B8E2C7}
500020551||20260722|15|36333|1|2300|690722000040|690722000040:15:36333:2300|{EB2EC4B9-5A52-4E71-BBD7-34A2F5D7CC91}
500020551||20260722|15|36350|1|220|690722000040|690722000040:15:36350:220|{15A3E9D4-6321-4087-9C5B-9E7881726F6A}
500020551||20260722|15|37302|1|250|690722000040|690722000040:15:37302:250|{81A16CFE-B121-44DB-BE27-31BABE9CD236}
500020551||20260722|17|55021|1|50|690722000040|690722000040:17:55021:50|{0BD68D5F-45FB-4254-8D56-8FC9210DAD55}
500020551||20260722|18|52441|1|0|690722000040|690722000040:18:52441:0|{34610CC8-8C34-4B68-B68B-A06709D4E436}
500020551||20260722|19|71220|1|50|690722000040|690722000040:19:71220:50|{CBBA28EC-F81A-4185-AAB7-AFF007B43648}
500047191||20260722|17|55811|1|140|690722000055|690722000055:17:55811:140|{6BB61F5E-26AA-4B7C-A60A-E1287D9A3437}
500027188||20260722|17|55021|1|50|690722000079|690722000079:17:55021:50|{0C8F69CC-2B42-472C-A1F0-9770263D6E94}
620087206||20260722|12|67212|1|600|690722000093|690722000093:12:67212:600|{8264B80B-F93F-4627-8094-D4478ED36E41}
620087206||20260722|12|XXX13|2|0|690722000093|690722000093:12:XXX13:0|{99A45341-5682-415A-852E-9671A596A832}
620087206||20260722|17|55021|1|50|690722000093|690722000093:17:55021:50|{BFACE4CF-731D-468B-9772-BF4611E2846D}
500031718||20260722|15|30104|1|30|690722000101|690722000101:15:30104:30|{E3046647-E6AA-4C97-9963-00E385CBB5B2}
500031718||20260722|15|32103|1|40|690722000101|690722000101:15:32103:40|{7D77ED26-D44D-44CD-9AC3-11933614F88E}
500031718||20260722|15|32201|1|40|690722000101|690722000101:15:32201:40|{BF7D3689-E438-4A88-84A4-56E56670D45B}
500031718||20260722|15|32202|1|40|690722000101|690722000101:15:32202:40|{261B7E42-4C56-4FA1-8252-17C989950706}
500031718||20260722|15|32203|1|40|690722000101|690722000101:15:32203:40|{CCC593DE-88DE-4389-842D-24594C496EBB}
500031718||20260722|15|32401|1|150|690722000101|690722000101:15:32401:150|{CC371A6F-9A61-44DA-A9F6-0FFE427F30D0}
500031718||20260722|16|41003|1|250|690722000101|690722000101:16:41003:250|{D9FD7666-C740-4B87-9ABA-056E7B2338F8}
500031718||20260722|17|55021|1|50|690722000101|690722000101:17:55021:50|{23FA54AE-D353-4D6E-A1AE-67BECFC51105}
500031718||20260722|18|52441|1|0|690722000101|690722000101:18:52441:0|{DD44AD15-2833-40FA-9FB2-4D188F37F9F0}
500031718||20260722|19|71220|1|50|690722000101|690722000101:19:71220:50|{A8CF3C2C-E235-48F3-AF6C-0B5E92CE8945}
500029371||20260722|17|55021|1|50|690722000118|690722000118:17:55021:50|{5A2EC5CB-084C-4798-B614-A5991E1CF52C}
500029371||20260722|18|52441|1|0|690722000118|690722000118:18:52441:0|{DD8163AD-92A6-4387-93C3-91855BE8F5C4}
530067278||20260722|15|32203|1|40|690722000119|690722000119:15:32203:40|{D88B76A7-0B07-4E15-AD0A-4200A36FAD63}
530067278||20260722|17|55021|1|50|690722000119|690722000119:17:55021:50|{69B842FC-7291-46C7-945B-1F39E58EEF91}
530067278||20260722|18|52441|1|0|690722000119|690722000119:18:52441:0|{48E6534E-9B51-42AC-9440-7C5024F03415}
530067278||20260722|19|71220|1|50|690722000119|690722000119:19:71220:50|{DEF705A9-0947-4933-8537-FFE9C16335D9}
690096948||20260722|12|XXX13|2|0|690722000120|690722000120:12:XXX13:0|{94F4A0EF-2602-46AB-90CC-25CBA3136218}
690096948||20260722|16|41202|1|80|690722000120|690722000120:16:41202:80|{F87D2BA4-A8B1-411C-9304-EF2704D1753F}
690096948||20260722|17|55021|1|50|690722000120|690722000120:17:55021:50|{6A89988E-4951-4710-8181-88B5C4F018E4}
540071691||20260722|15|32203|1|40|690722000122|690722000122:15:32203:40|{4E293A7F-3C38-4D8E-ADCA-DEDFD93A2322}
540071691||20260722|15|32401|1|150|690722000122|690722000122:15:32401:150|{2E5D3E7C-8D69-4CD7-BB86-1BDB84AAF136}
540071691||20260722|17|55021|1|50|690722000122|690722000122:17:55021:50|{89C275A0-4F1C-4635-8F61-0969BD252297}
540071691||20260722|18|52441|1|0|690722000122|690722000122:18:52441:0|{755E23C1-5124-4D25-8FAA-4F53296078B3}
540071691||20260722|19|71220|1|50|690722000122|690722000122:19:71220:50|{DC59ED19-DCD3-4381-B673-EB4D669C8D59}
540072297||20260722|15|32203|1|40|690722000123|690722000123:15:32203:40|{339B98DF-C0C2-4517-AA6F-2FB199C90A75}
540072297||20260722|17|55021|1|50|690722000123|690722000123:17:55021:50|{B2D15E06-028C-4462-88DE-6B335CD19BB6}
540072297||20260722|18|52441|1|0|690722000123|690722000123:18:52441:0|{04774284-A6E4-4CA8-9A1F-53644156C5D1}
540072297||20260722|19|71220|1|50|690722000123|690722000123:19:71220:50|{550E7B28-FB3A-4F11-B0E0-734D971CD575}
510064144||20260722|12|64101|1|280|690722000153|690722000153:12:64101:280|{E76CF326-F580-4778-A649-BF7771829D1B}
510064144||20260722|12|XXX13|2|0|690722000153|690722000153:12:XXX13:0|{A36E0C58-5AFB-4C15-8E2C-67CB8E45FA6A}
510064144||20260722|17|55020|1|50|690722000153|690722000153:17:55020:50|{CC6906C0-02B5-4D6A-B091-ACC6B3B867C9}
510064144||20260722|20|56002|1|65|690722000153|690722000153:20:56002:65|{69F99365-A275-4BCC-99BA-A96FFCA8E35E}
510064144||20260722|20|56004|1|75|690722000153|690722000153:20:56004:75|{8B98EAF4-C2CA-48A4-8B72-CEF2453B7E6C}
510064144||20260722|20|56121|1|75|690722000153|690722000153:20:56121:75|{13693DA2-013B-4FAC-B5A3-BB1371F139C1}
510064144||20260722|20|XXX14|1|500|690722000153|690722000153:20:XXX14:500|{C525D56E-C6C6-495C-811A-BA7D1F7D0920}
670095153||20260722|17|55020|1|50|690722000156|690722000156:17:55020:50|{C5D70A91-665C-4CF0-AB9C-DE10217BDCBB}
670095153||20260722|17|55810|1|70|690722000156|690722000156:17:55810:70|{90BE4872-CF94-4F2B-A740-1269776DD031}
500009939||20260722|17|55020|1|50|690722000157|690722000157:17:55020:50|{05FF62DA-EAF9-44B4-8E0C-B4201CD7BE36}
500009939||20260722|17|55822|2|20|690722000157|690722000157:17:55822:20|{27784AEC-93D6-47C2-B0E9-B7553DBC4DBC}
500003263||20260722|13|58130|1|250|690722000175|690722000175:13:58130:250|{AC463942-5440-4428-A41B-529235CD2EA3}
500003263||20260722|17|55020|1|50|690722000175|690722000175:17:55020:50|{C7A5DBAA-EB0B-44F6-ACB2-E8ADA1CE0878}
500019042||20260722|17|55020|1|50|690722000180|690722000180:17:55020:50|{07F8843E-74C9-49A8-A408-0C6437E976FD}
500019042||20260722|20|56004|1|75|690722000180|690722000180:20:56004:75|{B1786222-11FC-4E0E-86FA-B50822636A82}
500019042||20260722|20|XXX14|1|500|690722000180|690722000180:20:XXX14:500|{9F015B85-CB2E-4DD8-A4F5-7D533A50F4D2}
500019042||20260722|20|XXX14|1|70|690722000180|690722000180:20:XXX14:70|{F45EBD70-1ED9-4C28-BFBE-DBDC2DBA7A44}
580078863||20260722|13|58130|1|250|690722000185|690722000185:13:58130:250|{AFAA01DE-8D35-4E21-8439-20FE92157C64}
580078863||20260722|17|55020|1|50|690722000185|690722000185:17:55020:50|{FB9BE768-BC7B-477C-862F-BE2464625C22}
670094850||20260722|15|30101|1|90|690722000192|690722000192:15:30101:90|{73113618-208C-41C1-A985-4642E5B8F0E7}
670094850||20260722|15|31001|1|60|690722000192|690722000192:15:31001:60|{231B07FC-3CBD-4AEC-AA14-958B4C1D32A6}
670094850||20260722|15|36006|1|100|690722000192|690722000192:15:36006:100|{50F6AD69-803C-4B82-A34F-E0ABC8C8AE7E}
670094850||20260722|15|36318|1|130|690722000192|690722000192:15:36318:130|{52E14BEE-2705-46FE-B564-BF0CF0998B01}
670094850||20260722|15|36350|1|220|690722000192|690722000192:15:36350:220|{0DF59AE5-682A-4FC2-9023-BEDD7C3835E8}
670094850||20260722|17|55020|1|50|690722000192|690722000192:17:55020:50|{D040140C-776B-4875-B419-EF8B983336EC}
670094850||20260722|18|52621|1|200|690722000192|690722000192:18:52621:200|{3CF1714C-CEDE-4EAA-AE48-ECDD98ECD308}
670094850||20260722|4|30010|1|400|690722000192|690722000192:4:30010:400|{9F077C7B-0E52-42C2-9DCC-90852583617A}
670094850||20260722|4|30011|1|360|690722000192|690722000192:4:30011:360|{F4F5C0E2-5A92-4A3C-BEBC-1217F100A324}
670094850||20260722|4|30013|1|190|690722000192|690722000192:4:30013:190|{E7D786E4-5004-4BA2-A6D1-5C102C0AE8F8}
670094850||20260722|4|30016|1|135|690722000192|690722000192:4:30016:135|{F88D50D3-9600-47B2-9393-B627DA92B224}
500057645||20260722|13|58130|1|250|690722000226|690722000226:13:58130:250|{5DFF0C6B-3AC7-4BA7-ADEA-69443D11EC33}
500057645||20260722|17|55020|1|50|690722000226|690722000226:17:55020:50|{8F2225AF-5D25-4BE9-861D-77B35A9E0113}
500017379||20260722|17|55020|1|50|690722000227|690722000227:17:55020:50|{34E0F62F-5EE2-4B25-997D-590A3AE014D4}
500017379||20260722|20|XXX14|3|500|690722000227|690722000227:20:XXX14:500|{605B0DA9-158E-4082-8ABF-7A492498AC95}
500017379||20260722|20|XXX14|2|60|690722000227|690722000227:20:XXX14:60|{E3C8AF31-7AC4-4C79-8931-5AB9E943991B}
500017379||20260722|20|XXX14|1|80|690722000227|690722000227:20:XXX14:80|{55C996B7-39BE-40A2-B8FA-228384BCE8AD}
500005174||20260722|13|58201|1|150|690722000228|690722000228:13:58201:150|{CEFF1D13-243C-4CFC-AE25-727F73A673D3}
500005174||20260722|17|55020|1|50|690722000228|690722000228:17:55020:50|{7CB153E2-1F70-4E1A-8D4F-6A6CECA4534E}
500028315||20260722|17|55020|1|50|690722000230|690722000230:17:55020:50|{CCBE8B63-1E54-4516-A954-2D43E487FFC6}
500028315||20260722|20|XXX14|1|100|690722000230|690722000230:20:XXX14:100|{4F557DED-660A-4FBB-BED8-D3884D83C202}
500028315||20260722|20|XXX14|3|500|690722000230|690722000230:20:XXX14:500|{8A8D5D4B-FEE2-4DD9-84B1-D20E9ED89CC3}
500028315||20260722|20|XXX14|2|70|690722000230|690722000230:20:XXX14:70|{8E2BEACC-C434-4C38-B71E-439605D8013A}
670095190||20260722|13|58130|1|250|690722000236|690722000236:13:58130:250|{35D84031-A34E-4E18-BCEC-825ABC57AFFD}
670095190||20260722|17|55021|1|50|690722000236|690722000236:17:55021:50|{C9021E81-19F9-478B-80F6-9D982CA73940}
500055810||20260722|17|55021|1|50|690722063040|690722063040:17:55021:50|{2212C611-A24C-40D8-96F2-E5D618A6982B}
500055810||20260722|17|55811|1|140|690722063040|690722063040:17:55811:140|{D91A1DAB-572F-4FAA-8DEA-E101FECE9616}
500000261||20260722|15|30101|1|90|690722072833|690722072833:15:30101:90|{58091A94-7C7A-4134-BC0B-CCB1B0C422C7}
500000261||20260722|15|32001|1|100|690722072833|690722072833:15:32001:100|{F6ED0BFB-D521-4CC3-B0DF-155A12156F7B}
500000261||20260722|15|32201|1|40|690722072833|690722072833:15:32201:40|{72A9E231-9B2D-4153-995D-441ADABBC0B8}
500000261||20260722|15|32202|1|40|690722072833|690722072833:15:32202:40|{3F020970-7FDA-4215-BA14-206E564D1BFF}
500000261||20260722|15|32307|1|260|690722072833|690722072833:15:32307:260|{61772831-B8AD-422D-97C5-949B48C23957}
500000261||20260722|16|41004|1|350|690722072833|690722072833:16:41004:350|{9A5FF518-23DA-4E59-97E2-49415262F978}
500000261||20260722|17|55021|1|50|690722072833|690722072833:17:55021:50|{5564A024-8F1F-4044-8F13-0E4BA6A5A35A}
500000261||20260722|17|55820|1|100|690722072833|690722072833:17:55820:100|{6DED3C74-12CE-4134-983C-65055DD5E2D5}
500000261||20260722|17|55822|2|20|690722072833|690722072833:17:55822:20|{EBA2DE39-CA8E-4DEC-B8F3-D0C7AEF3242E}
500000261||20260722|9|51410|1|200|690722072833|690722072833:9:51410:200|{D3277F35-5012-4283-BF7A-0F1BC335797D}
500046175||20260722|17|55021|1|50|690722073701|690722073701:17:55021:50|{46AB1AFA-587B-4B46-8AF1-56EFDF9BA416}
500046175||20260722|18|52441|1|0|690722073701|690722073701:18:52441:0|{63B0A622-7933-4057-A4C3-2CB2E5F0CD45}
500028925||20260722|17|55020|1|50|690722081413|690722081413:17:55020:50|{E2F5284E-31BB-4529-9B5C-F97808A4F36F}
500019289||20260722|16|41003|1|250|690722081643|690722081643:16:41003:250|{FE7F6DFE-3D01-4C1A-8663-D0465B278275}
500019289||20260722|17|55020|1|50|690722081643|690722081643:17:55020:50|{5A9DD785-8102-4C48-8B1D-010EE1EC1A68}
500019289||20260722|18|52441|1|0|690722081643|690722081643:18:52441:0|{B1DF9ED6-0E19-4357-93A7-CB9202123B11}
500006380||20260722|17|55020|1|50|690722084934|690722084934:17:55020:50|{0109ECD7-738D-4D9E-9C44-E0CC02A345C6}
500006380||20260722|17|55822|1|20|690722084934|690722084934:17:55822:20|{3FAA9FF5-338D-40CE-80C3-42E4569D3902}
500006380||20260722|18|52441|1|0|690722084934|690722084934:18:52441:0|{94D067D9-8847-494D-8920-2C534F8D0107}
500012952||20260722|17|55020|1|50|690722093932|690722093932:17:55020:50|{4EFF142E-B558-4929-BB68-6001EECB18F7}
500012952||20260722|17|55820|1|100|690722093932|690722093932:17:55820:100|{00C12F09-E0C5-4C7F-9BA2-45400405A88C}
500012952||20260722|17|55822|2|20|690722093932|690722093932:17:55822:20|{EE5DFEC9-DD50-46A9-8EEA-09CA2FA480B9}
500012952||20260722|9|51410|1|200|690722093932|690722093932:9:51410:200|{A5D23C6F-9712-46AC-9F78-255365D6DF3B}
680096365||20260722|17|55020|1|50|690722100454|690722100454:17:55020:50|{8BD5C07E-88A8-4943-B271-7E6D36342325}
680096365||20260722|2|8608|1|800|690722100454|690722100454:2:8608:800|{2A729FCB-D986-4719-9FD8-D80D18F775F2}
680096365||20260722|20|XXX14|1|100|690722100454|690722100454:20:XXX14:100|{D0937C0A-B4F0-41DC-9762-4D77EC9F3B1C}
680096365||20260722|20|XXX14|3|500|690722100454|690722100454:20:XXX14:500|{15345798-BE69-4225-B806-4EB48BA2441F}
680096365||20260722|20|XXX14|1|80|690722100454|690722100454:20:XXX14:80|{8AB4CF6A-88ED-4418-9687-74F70A41DC6A}
500033532||20260722|17|55020|1|50|690722100924|690722100924:17:55020:50|{74AF3AC1-DF18-4774-8B29-2CC1241018EA}
500014415||20260722|17|55020|1|50|690722101850|690722101850:17:55020:50|{95592838-146D-41FB-B053-9CDAB7E87726}
500014415||20260722|20|XXX14|1|100|690722101850|690722101850:20:XXX14:100|{5ABA2324-8822-4A1B-AE38-7533962EE563}
500014415||20260722|20|XXX14|3|500|690722101850|690722101850:20:XXX14:500|{89CE9952-CBF2-4264-88AA-20894F92E125}
500014415||20260722|20|XXX14|1|80|690722101850|690722101850:20:XXX14:80|{5E4B8450-ED07-42DE-83AA-D18B316E9F63}
500003400||20260722|17|55020|1|50|690722101924|690722101924:17:55020:50|{6C2136CF-E231-4FB3-8014-B7396D28D38F}
500003400||20260722|20|XXX14|1|100|690722101924|690722101924:20:XXX14:100|{905D5443-30E3-4F0C-B2CE-9181060D7A57}
500003400||20260722|20|XXX14|3|500|690722101924|690722101924:20:XXX14:500|{7607F470-94A3-425F-AFB8-808A8476C574}
500003400||20260722|20|XXX14|1|80|690722101924|690722101924:20:XXX14:80|{FD042495-7FEF-43F5-B4A5-8076F24C3060}
530070056||20260722|17|55020|1|50|690722130826|690722130826:17:55020:50|{7B2980E2-58B6-4713-96C6-1A0D3B6E6D6E}
650056657||20260722|17|55020|1|50|690722152243|690722152243:17:55020:50|{FF619684-2EA2-465B-8EC0-9D482557184E}
650056657||20260722|17|55810|1|70|690722152243|690722152243:17:55810:70|{CD8D671A-ED07-417C-BE31-DAC70C775769}
500048111||20260722|17|55811|1|140|690722163148|690722163148:17:55811:140|{716AC193-09DA-45AB-A4B4-1755EFF62818}
500008061||20260722|17|55021|1|50|690722164002|690722164002:17:55021:50|{D2BEFC3F-DDF6-4CE8-93EF-127F647E3025}
500008061||20260722|20|XXX14|1|100|690722164002|690722164002:20:XXX14:100|{2A449939-D42B-479C-80CE-923AD046ED8F}
500008061||20260722|20|XXX14|3|500|690722164002|690722164002:20:XXX14:500|{DE118A54-57CE-48A7-BE52-BE4CAA34EA09}
500008061||20260722|20|XXX14|1|70|690722164002|690722164002:20:XXX14:70|{4FDDA365-D524-40DB-AB79-B5C91EF9359B}
500008061||20260722|20|XXX14|2|80|690722164002|690722164002:20:XXX14:80|{B13A3176-A6E0-4684-8FA2-6D473441E020}
590080966||20260722|17|55021|1|50|690722165536|690722165536:17:55021:50|{478793C7-1676-4054-B600-8AF8B0108FDA}
590080966||20260722|18|52441|1|0|690722165536|690722165536:18:52441:0|{283FCDB6-7B46-412D-9FB7-A7D1FBA60069}
620085811||20260722|17|55021|1|50|690722173306|690722173306:17:55021:50|{15B67B84-1C55-4C40-B40B-4949C1CF6A2D}
500015442||20260723|17|55811|1|140|690723000002|690723000002:17:55811:140|{8AC78E05-5257-4FB4-87C5-0878442A2DEA}
500029426||20260723|11||30|3|690723000003|690723000003:11::3|{EEE74B4A-8D21-4078-9FB4-12A6065233CC}
500029426||20260723|15|30101|1|90|690723000003|690723000003:15:30101:90|{309FE6FD-FAA7-4A14-A029-AB42209522DB}
500029426||20260723|15|32001|1|100|690723000003|690723000003:15:32001:100|{FF9BE76D-8B95-4912-A3B2-3BAAA42F516C}
500029426||20260723|15|32201|1|40|690723000003|690723000003:15:32201:40|{FD286A86-E0FC-48CE-A665-4015D7C09C68}
500029426||20260723|15|32202|1|40|690723000003|690723000003:15:32202:40|{D064F6C5-E6D5-41B5-BA88-AD1C141A8F50}
500029426||20260723|15|32203|1|40|690723000003|690723000003:15:32203:40|{353EF3AD-156F-4E89-9B63-5CE9F9891C95}
500029426||20260723|17|55021|1|50|690723000003|690723000003:17:55021:50|{17A01472-8F0A-49DE-9F12-3BB96442A3DB}
500029426||20260723|19|71220|1|50|690723000003|690723000003:19:71220:50|{55D305F7-980D-4472-9F81-2E033679D4BB}
500047191||20260723|17|55811|1|140|690723000018|690723000018:17:55811:140|{F5D3C76B-6282-4703-ADA6-2D9B0177DB03}
500023002||20260723|15|32203|1|40|690723000030|690723000030:15:32203:40|{D3E39839-FB37-4E1E-BAD0-612578B1A111}
500023002||20260723|17|55021|1|50|690723000030|690723000030:17:55021:50|{C4D5F7BE-D075-46C2-9446-3361A47E983A}
500023002||20260723|19|71220|1|50|690723000030|690723000030:19:71220:50|{D65C5DB7-7B0C-45DE-9689-EF38F88119B8}
500042762||20260723|15|30104|1|30|690723000031|690723000031:15:30104:30|{62C21747-19C3-45E2-A8E4-F83EF9369A89}
500042762||20260723|15|32001|1|100|690723000031|690723000031:15:32001:100|{89E3FF8D-4C39-4267-A7EA-C53BC76D441C}
500042762||20260723|15|32201|1|40|690723000031|690723000031:15:32201:40|{46EA9D83-546E-4ECA-A739-67FE3F3BD7BC}
500042762||20260723|15|32202|1|40|690723000031|690723000031:15:32202:40|{1A7A8824-5ADF-4E97-8089-B20074B3044C}
500042762||20260723|17|55021|1|50|690723000031|690723000031:17:55021:50|{D3738528-B386-4FC0-9C7F-13CFDF793E2C}
500042762||20260723|19|71220|1|50|690723000031|690723000031:19:71220:50|{CBD5EEBA-8F21-4978-97D6-BBD2FFA63AA2}
620087206||20260723|12|62102|2|350|690723000036|690723000036:12:62102:350|{FC4F0981-0B7F-41C3-AB1C-CD3E62920331}
620087206||20260723|12|62501|1|130|690723000036|690723000036:12:62501:130|{01062B28-7C89-41FD-9D1C-14F7DFC1C307}
620087206||20260723|12|62508|2|1000|690723000036|690723000036:12:62508:1000|{0A212409-33EF-42BB-BA74-2E6B3DCB4663}
620087206||20260723|16|41202|1|80|690723000036|690723000036:16:41202:80|{F2157C57-59FF-448C-AEA4-605F55FBBA04}
620087206||20260723|17|55021|1|50|690723000036|690723000036:17:55021:50|{DE9E4A18-439C-4130-AB12-0B029B7CEC37}
690097889||20260723|12|64101|1|280|690723000041|690723000041:12:64101:280|{74810B83-B4D0-40AB-8D11-DAAF14048D78}
690097889||20260723|12|64102|4|400|690723000041|690723000041:12:64102:400|{8259E47B-CCC6-497F-8310-810FF1348081}
690097889||20260723|12|XXX13|2|0|690723000041|690723000041:12:XXX13:0|{55ECD305-4936-402A-9648-0123681C0472}
690097889||20260723|17|55021|1|50|690723000041|690723000041:17:55021:50|{96430C25-9D5E-4DBF-9720-4C5ABD5E5B6E}
500055612||20260723|17|55810|1|70|690723000058|690723000058:17:55810:70|{C91C06F3-B479-49A0-8FD1-C00F914ACD0D}
500055810||20260723|17|55020|1|50|690723000066|690723000066:17:55020:50|{27209963-4C90-4802-920D-C5791D2B1DF0}
500055810||20260723|17|55811|1|140|690723000066|690723000066:17:55811:140|{EDD42A21-0C25-4579-9F9D-4DF3B7D28EE4}
500059387||20260723|15|35001|2|60|690723000071|690723000071:15:35001:60|{5E5A8479-04F5-41A3-A830-BD82476F43EF}
500059387||20260723|17|55020|1|50|690723000071|690723000071:17:55020:50|{2B532160-DA59-4823-BE7A-FBBF08C2DD97}
560076250||20260723|12|62101|1|200|690723000076|690723000076:12:62101:200|{6CD54F30-B778-4732-B191-34386C2A7632}
560076250||20260723|12|XXX13|2|0|690723000076|690723000076:12:XXX13:0|{E5E6E86D-802A-44BD-868D-5370006C579E}
560076250||20260723|17|55020|1|50|690723000076|690723000076:17:55020:50|{AB5630AA-16BA-4E0C-9823-6CD6A67FDC15}
630088525||20260723|17|55020|1|50|690723000084|690723000084:17:55020:50|{DC9EF2E0-8D94-42D9-9C37-CED9BE6E0376}
630088525||20260723|20|XXX14|1|100|690723000084|690723000084:20:XXX14:100|{FA5C7361-CA3A-495B-8CC8-8193CCDA5FE0}
630088525||20260723|20|XXX14|3|500|690723000084|690723000084:20:XXX14:500|{41CE10EB-D437-4FD1-BD1F-C75146F1C179}
630088525||20260723|20|XXX14|1|70|690723000084|690723000084:20:XXX14:70|{718D0FC6-7309-48B8-BEE7-80D14B1D1EF9}
630088525||20260723|20|XXX14|1|80|690723000084|690723000084:20:XXX14:80|{33A10666-2328-4CBA-AC1D-C5E94A51A234}
540072622||20260723|13|58001|1|150|690723000088|690723000088:13:58001:150|{E989C4BB-E84B-4DBF-930F-73D0909DD8D9}
670094530||20260723|13|58001|1|150|690723000089|690723000089:13:58001:150|{F1FE12DD-500E-44F0-B568-0D10F9468010}
540072562||20260723|13|58001|1|150|690723000096|690723000096:13:58001:150|{4E555CD1-8C95-4F8E-B603-38A0F02EB60A}
500009611||20260723|13|58001|1|150|690723000102|690723000102:13:58001:150|{E1241D9D-98A8-455B-8748-9480A02B467B}
690097823||20260723|13|58001|1|150|690723000104|690723000104:13:58001:150|{F155F346-0B10-4D63-8257-CBD6B31C941F}
690097823||20260723|13|XXX15|1|100|690723000104|690723000104:13:XXX15:100|{CB7EA03A-EFA0-42CB-8B6C-30B9F9563777}
500021353||20260723|13|58001|1|150|690723000108|690723000108:13:58001:150|{9B96DF43-880E-4EE9-95DB-FEFF5B27DE04}
600083306||20260723|12|64102|2|400|690723000112|690723000112:12:64102:400|{3A4C8DC5-2005-4F77-B333-EB1A3F6382D0}
600083306||20260723|17|55020|1|50|690723000112|690723000112:17:55020:50|{A5F2450C-D818-4190-AD3F-A6BF98B7A4FE}
500025587||20260723|13|58001|1|150|690723000113|690723000113:13:58001:150|{D66C85BF-4017-4C48-90DF-E3662123CBDA}
690097372||20260723|15|35001|2|60|690723000120|690723000120:15:35001:60|{E7E3F8AB-8EA8-45DD-86D0-E3FE6E82A93E}
690097372||20260723|16|41003|1|250|690723000120|690723000120:16:41003:250|{D59CBC13-7392-4353-AAC6-659A71BFD1DC}
690097372||20260723|17|55020|1|50|690723000120|690723000120:17:55020:50|{C5DF356A-E803-4B0A-99EC-211192FD81A1}
520066106||20260723|12|63112|1|3500|690723000121|690723000121:12:63112:3500|{B860F554-B722-46B9-8609-FA429AFDC360}
520066106||20260723|17|55020|1|50|690723000121|690723000121:17:55020:50|{E98A4458-8B0A-427E-9AE0-61449F98240F}
500000366||20260723|12|62102|4|350|690723000123|690723000123:12:62102:350|{8A2F941D-5EC3-4DC1-B2C2-8EEA950354E1}
500000366||20260723|12|62204|1|400|690723000123|690723000123:12:62204:400|{836F6A8E-4C1E-4BB8-98B6-5CB816EEDD52}
500000366||20260723|12|62205|1|400|690723000123|690723000123:12:62205:400|{71DBF81B-D57B-4950-A2E0-2F9F3903E43B}
500000366||20260723|12|62501|1|130|690723000123|690723000123:12:62501:130|{D1368D81-5BCE-4D7E-B12E-5700B5477691}
500000366||20260723|12|62503|1|250|690723000123|690723000123:12:62503:250|{39E3F356-6370-4EDA-B470-AC89648C2067}
500000366||20260723|12|62508|2|1000|690723000123|690723000123:12:62508:1000|{585F01C5-6148-4994-8019-6CD154AF2273}
500000366||20260723|15|38001|1|240|690723000123|690723000123:15:38001:240|{E3BB3790-73D5-4914-AA73-9CA198F7EED9}
500000366||20260723|16|41202|1|80|690723000123|690723000123:16:41202:80|{E4335596-A9D6-4F8F-9D2B-C876B5AFEEB0}
500000366||20260723|16|44201|1|5000|690723000123|690723000123:16:44201:5000|{093F3208-A531-47DF-B061-C8FC28E80AAD}
500000366||20260723|17|55020|1|50|690723000123|690723000123:17:55020:50|{0278C6CF-CDF7-482C-9DAF-250FA56AD7E2}
500017379||20260723|13|58001|1|150|690723000130|690723000130:13:58001:150|{B4A87A27-670D-424A-BB65-705C3FA779A5}
500001378||20260723|13|58001|1|150|690723000146|690723000146:13:58001:150|{94865CA7-6796-4D0E-8D10-519419BA6592}
500001378||20260723|13|XXX15|1|100|690723000146|690723000146:13:XXX15:100|{C3333563-A53A-4A3B-AE00-BBFF9D6FA112}
660093017||20260723|13|58001|1|150|690723000159|690723000159:13:58001:150|{B03A0B51-B0B6-4733-B3FB-BB6E10E6E41F}
500002868||20260723|13|58001|1|150|690723000161|690723000161:13:58001:150|{8819A722-CFAB-47E3-B10A-198E0AB5B4BF}
500005174||20260723|13|58130|1|250|690723000163|690723000163:13:58130:250|{0E521DB1-0A54-4449-AE99-2F87DF0B39F2}
500015250||20260723|13|58130|1|250|690723000165|690723000165:13:58130:250|{57DEDBC1-F5F2-4FE2-A2C8-7D1CD1A1BFE6}
500015250||20260723|17|55021|1|50|690723000165|690723000165:17:55021:50|{3EDAB16B-F376-4959-8273-EE01C3F19D39}
500031709||20260723|17|55021|1|50|690723000177|690723000177:17:55021:50|{245B7969-D3C2-499C-867B-C68EE24D3BB5}
500031709||20260723|20|XXX14|2|500|690723000177|690723000177:20:XXX14:500|{3D29B3C5-B43C-41FE-92BD-EFCB0B170C20}
500031709||20260723|20|XXX14|2|60|690723000177|690723000177:20:XXX14:60|{431EE825-8542-480A-B5DE-F73E28E585C1}
500031709||20260723|20|XXX14|1|70|690723000177|690723000177:20:XXX14:70|{90A7C450-2628-484A-B561-6FB47E655009}
500031709||20260723|20|XXX14|1|80|690723000177|690723000177:20:XXX14:80|{F2EEF6C3-3520-453A-8D28-A15ABC7F6484}
500005985||20260723|15|30101|1|90|690723050108|690723050108:15:30101:90|{64BB64CB-5E42-41C5-9F42-CFF008D00B5F}
500005985||20260723|15|30201|2|75|690723050108|690723050108:15:30201:75|{DCBB056B-7A0D-4542-89CB-925BBDCB4C34}
500005985||20260723|15|32001|1|100|690723050108|690723050108:15:32001:100|{4AB4531B-4D91-4560-90F5-E82609DA49E0}
500005985||20260723|15|32003|1|290|690723050108|690723050108:15:32003:290|{2DF801A0-BB3B-44ED-AD8B-255E13EBF94E}
500005985||20260723|15|32201|1|40|690723050108|690723050108:15:32201:40|{1B8DD20E-E611-403E-9B95-36CF2E417CAD}
500005985||20260723|15|32202|1|40|690723050108|690723050108:15:32202:40|{723BC215-B60F-4F69-B30F-FF628C4E78C2}
500005985||20260723|15|36506|1|350|690723050108|690723050108:15:36506:350|{A17CD89B-00E1-4F54-8793-816D4342E240}
500005985||20260723|16|41004|1|350|690723050108|690723050108:16:41004:350|{8EBD557E-5E40-4365-A208-C577E5A480ED}
500005985||20260723|17|55021|1|50|690723050108|690723050108:17:55021:50|{6603B2E0-29A5-4A46-9B4C-B87EFF3DF8FA}
500005985||20260723|17|55510|1|70|690723050108|690723050108:17:55510:70|{4EC339BD-C248-4403-8646-F25345A94ACF}
500005985||20260723|17|55611|1|90|690723050108|690723050108:17:55611:90|{06748249-4834-40BB-BD40-BC4B61368A5E}
500005985||20260723|17|55820|1|100|690723050108|690723050108:17:55820:100|{57CC8C87-0445-4A3D-8509-88FC719BFE42}
500005985||20260723|17|55822|3|20|690723050108|690723050108:17:55822:20|{FE84DF77-9A08-4615-AF6B-C15FD3CFD4EA}
500005985||20260723|18|52320|1|160|690723050108|690723050108:18:52320:160|{98E0B560-474E-4C9B-934E-6CC1EC6A8472}
500005985||20260723|18|52441|1|0|690723050108|690723050108:18:52441:0|{281F9A45-C031-4DC2-8229-7C9EB06A1AC7}
500005985||20260723|19|71310|1|180|690723050108|690723050108:19:71310:180|{10C7D3D2-508B-4F2D-B0F5-AE29ADA14DF2}
500005985||20260723|2|3002|1|200|690723050108|690723050108:2:3002:200|{810877A7-7308-4321-8C8A-548CB0AA1489}
500005985||20260723|3|S1801|1|500|690723050108|690723050108:3:S1801:500|{08A47412-05FB-4107-8AE6-745D409E4B45}
500005985||20260723|3|S1802|67|4|690723050108|690723050108:3:S1802:4|{8CC3C97C-6A5D-42EF-B66B-C5A5CDD3130A}
500005985||20260723|9|51410|1|200|690723050108|690723050108:9:51410:200|{8FEFE011-6618-4482-8491-4481F6A25438}
500006275||20260723|15|30101|1|90|690723071315|690723071315:15:30101:90|{1962DC70-1501-4C33-9437-CE5B30496922}
500006275||20260723|15|32001|1|100|690723071315|690723071315:15:32001:100|{249AA1B6-9381-4454-BC72-8E4F018AE715}
500006275||20260723|15|32201|1|40|690723071315|690723071315:15:32201:40|{01F46E28-F5A6-41AC-A570-3CE1AAD1F98D}
500006275||20260723|15|32202|1|40|690723071315|690723071315:15:32202:40|{28573C5D-8BE0-4191-AEB6-E7470A84272B}
500006275||20260723|15|32203|1|40|690723071315|690723071315:15:32203:40|{F8EE58A8-5EF9-43D5-8D24-DE72E1CDE74A}
500006275||20260723|17|55021|1|50|690723071315|690723071315:17:55021:50|{562E63A6-1144-441E-B34D-0DFA65E6AB2D}
500006275||20260723|17|55824|1|20|690723071315|690723071315:17:55824:20|{4990608A-B827-4F13-ABA0-DD95BD350E36}
620085811||20260723|15|30101|1|90|690723074757|690723074757:15:30101:90|{7D1AF10F-6189-40FF-B9ED-2A2E05F8EB2A}
620085811||20260723|15|31001|1|60|690723074757|690723074757:15:31001:60|{6D5707B3-3AD0-4F71-A07E-F9C328A4E4B0}
620085811||20260723|15|32001|1|100|690723074757|690723074757:15:32001:100|{654348D2-F59D-43C8-9202-609DE282446D}
620085811||20260723|17|55820|2|100|690723074757|690723074757:17:55820:100|{CF626939-4E52-4A30-9CE5-B6D96A787517}
620085811||20260723|17|55822|2|20|690723074757|690723074757:17:55822:20|{836A67AC-8FC8-43B4-8CA8-029B361CAD6D}
620085811||20260723|3|S1801|1|500|690723074757|690723074757:3:S1801:500|{3604507D-BC48-4016-A5CA-9B828F450B08}
620085811||20260723|3|S1802|67|4|690723074757|690723074757:3:S1802:4|{92EFC30D-7965-44D0-B44C-5D3589D4A0D7}
500036645||20260723|17|55020|1|50|690723081559|690723081559:17:55020:50|{94330B64-C0B3-43CB-9062-2792206A7B5D}
500016092||20260723|17|55020|1|50|690723094034|690723094034:17:55020:50|{A03236F9-FDF1-44ED-9A09-F5DD4EC1CBF9}
670094448||20260723|17|55020|1|50|690723104115|690723104115:17:55020:50|{F01FCE3D-6BCD-4AAE-A00B-47814607E00A}
690097897||20260723|17|55020|1|50|690723104859|690723104859:17:55020:50|{3A238AC7-1007-4A35-A466-0F004645D7F8}
690097897||20260723|2|8608|2|800|690723104859|690723104859:2:8608:800|{8B00E8D8-8DAA-444E-8130-9433FF35C6BF}
690097897||20260723|20|XXX14|1|100|690723104859|690723104859:20:XXX14:100|{51C95DA1-21A0-4333-9766-054A12EF2638}
690097898||20260723|17|55020|1|50|690723105204|690723105204:17:55020:50|{32E3078B-3587-423B-BE3C-AFEFEAACC767}
690097898||20260723|2|8608|2|800|690723105204|690723105204:2:8608:800|{B05F6858-9380-42E1-B6D5-5C80AE1F5BC8}
690097898||20260723|20|XXX14|1|100|690723105204|690723105204:20:XXX14:100|{AF29757D-4374-49A2-B28B-BC056362E6A8}
500020136||20260723|16|41003|2|250|690723111215|690723111215:16:41003:250|{BB79F108-BA51-4734-A17D-2C8CC000F0FE}
500020136||20260723|17|55020|1|50|690723111215|690723111215:17:55020:50|{2D5E8D27-04C2-4604-AFD8-5AE722198456}
500020136||20260723|17|55811|1|140|690723111215|690723111215:17:55811:140|{CE5FD35A-F131-4F3A-A8AC-2DBD052ABDC1}
500020136||20260723|17|55823|1|20|690723111215|690723111215:17:55823:20|{5A47867E-2E16-473F-BAF8-926E842A5EE0}
500020136||20260723|19|71830|1|385|690723111215|690723111215:19:71830:385|{82538483-FE80-442E-9DBA-28333EA38742}
500015214||20260723|17|55020|1|50|690723113138|690723113138:17:55020:50|{7818F157-406A-422A-8692-B7924F01B135}
500022927||20260723|17|55020|1|50|690723123643|690723123643:17:55020:50|{A298AC8B-0A2A-4876-A4F2-3C829B402CCC}
500022927||20260723|17|55822|1|20|690723123643|690723123643:17:55822:20|{06FB365A-B422-44F0-830E-DE30D9B2E1D7}
500050772||20260723|16|41003|2|250|690723135027|690723135027:16:41003:250|{EEA52F42-188F-4DE7-8693-9C628DA40433}
500050772||20260723|17|55020|1|50|690723135027|690723135027:17:55020:50|{80676928-49C7-49A3-B87E-435B66F483F8}
500050772||20260723|20|XXX14|1|100|690723135027|690723135027:20:XXX14:100|{EB4ED0CB-2B61-48AE-BF2E-BFFB7C7931D2}
500050772||20260723|20|XXX14|3|500|690723135027|690723135027:20:XXX14:500|{CAD21222-7CAC-4364-B6EA-FDADCC406121}
500050772||20260723|20|XXX14|1|70|690723135027|690723135027:20:XXX14:70|{176EE684-2BD0-4963-8B43-77B7EA473DDA}
500050772||20260723|20|XXX14|1|80|690723135027|690723135027:20:XXX14:80|{0051389C-4CAA-44B0-87F4-9C1961D2CAAB}
690097899||20260723|13|58001|1|150|690723141252|690723141252:13:58001:150|{623AAE35-30EB-40AA-AC3F-6C57A5E5FB83}
500048111||20260723|17|55810|1|70|690723154921|690723154921:17:55810:70|{72BBEB51-0892-46F8-BBB7-8142595D23C1}
500056764||20260723|17|55021|1|50|690723171119|690723171119:17:55021:50|{BA98C4FB-6619-4934-9D72-EF8695193516}
500056764||20260723|20|XXX14|1|100|690723171119|690723171119:20:XXX14:100|{D2EFCC8B-44E0-4FFD-9E78-68E9A80759F6}
500056764||20260723|20|XXX14|1|500|690723171119|690723171119:20:XXX14:500|{8E8F5BBF-28FB-4FD8-8CE1-8198DBC128B7}
500056764||20260723|20|XXX14|1|60|690723171119|690723171119:20:XXX14:60|{C7B7A871-23D0-4E94-9347-6E5BCD3D4A5C}
500056764||20260723|20|XXX14|1|80|690723171119|690723171119:20:XXX14:80|{35729763-4A2D-45ED-B1C1-89C011D74A1D}
500002652||20260723|16|41003|2|250|690723171719|690723171719:16:41003:250|{AC68D003-7603-403F-A09E-87B468BD33B7}
500002652||20260723|2|8608|2|800|690723171719|690723171719:2:8608:800|{0152A6FB-6779-42B0-85DD-2E1C6E852E8F}
500002652||20260723|20|XXX14|2|500|690723171719|690723171719:20:XXX14:500|{E9245A4C-57A9-4EB4-8D1B-717F6FA3CEB0}
500002652||20260723|20|XXX14|2|60|690723171719|690723171719:20:XXX14:60|{A0C3DE02-B42A-4B92-A2DA-4CCA672A4DA9}
500002652||20260723|20|XXX14|2|70|690723171719|690723171719:20:XXX14:70|{6136F6C0-6459-4C84-8D6F-874E89483C3B}
670094314||20260723|17|55021|1|50|690723171801|690723171801:17:55021:50|{B1B1CA89-3773-4BED-9780-5EB9824ECC93}
500036450||20260724|17|55021|1|50|690724000001|690724000001:17:55021:50|{C80B7BBD-7550-45BC-8B1B-4F6102EAB7DF}
500036450||20260724|18|52441|1|0|690724000001|690724000001:18:52441:0|{08D04135-BAC7-4AB7-81C0-6FB752BFF763}
500015442||20260724|17|55811|1|140|690724000006|690724000006:17:55811:140|{7C8547E0-93F6-4D38-AECD-32663F5A9AF3}
500005597||20260724|15|32103|1|40|690724000011|690724000011:15:32103:40|{BD93907A-8D00-4FD3-83BB-C80FFED778C3}
500005597||20260724|15|32201|1|40|690724000011|690724000011:15:32201:40|{C65C5F10-3CEF-44EC-8FFA-202CCE5CB914}
500005597||20260724|15|32202|1|40|690724000011|690724000011:15:32202:40|{2806E94A-B99E-4024-B79D-AD7F3622AB6B}
500005597||20260724|17|55021|1|50|690724000011|690724000011:17:55021:50|{07170901-0F3E-4CA6-A4E8-56AF1274A9A2}
500005597||20260724|18|52441|1|0|690724000011|690724000011:18:52441:0|{8525E6A8-7A0D-46F9-866A-662B6A027643}
500047191||20260724|17|55811|1|140|690724000028|690724000028:17:55811:140|{429A507F-7EBE-4AD5-BD52-00A496FF6BDC}
500058973||20260724|15|32203|1|40|690724000044|690724000044:15:32203:40|{E09356AD-36BA-462B-87E2-EAB842B8D61F}
500058973||20260724|15|32205|1|60|690724000044|690724000044:15:32205:60|{0BD14990-6316-4E67-B19F-20767898C508}
500058973||20260724|17|55021|1|50|690724000044|690724000044:17:55021:50|{6A273C4C-5797-4108-AD05-476D38A9A214}
500058973||20260724|18|52441|1|0|690724000044|690724000044:18:52441:0|{BF467E9E-745F-420A-A06C-383E4C82D662}
500058973||20260724|9|51410|1|200|690724000044|690724000044:9:51410:200|{B7C61374-C7F9-46EA-A1DC-BEB2B2970C97}
500014277||20260724|11||2|0|690724000047|690724000047:11::0|{CC95E7E0-AB14-4539-92F2-359514A64018}
500014277||20260724|15|32004|1|200|690724000047|690724000047:15:32004:200|{BBB4ECBB-CC37-4699-A4D9-2AF35831EF52}
500014277||20260724|15|32203|1|40|690724000047|690724000047:15:32203:40|{2C6A2CBF-6E73-4751-B80B-578939618482}
500014277||20260724|15|32401|1|150|690724000047|690724000047:15:32401:150|{5CB13419-0B97-4ABF-B19A-ED73CA485D71}
500014277||20260724|17|55021|1|50|690724000047|690724000047:17:55021:50|{77DC34C4-1644-45BF-A3E5-9C7E2F649204}
500014277||20260724|18|52441|1|0|690724000047|690724000047:18:52441:0|{5C2D81C8-66D2-4B1A-B3DA-20A64B2398D0}
500014277||20260724|19|71220|1|50|690724000047|690724000047:19:71220:50|{35D14A94-85F5-4F7B-8D25-E4BF5B733323}
500055612||20260724|17|55810|1|70|690724000064|690724000064:17:55810:70|{55ECFEE7-7797-4B94-AF9B-F5B8807735B7}
690097889||20260724|12|62101|1|200|690724000067|690724000067:12:62101:200|{5787230E-21E9-478F-9584-1C6A749F9A6F}
690097889||20260724|12|XXX13|2|0|690724000067|690724000067:12:XXX13:0|{D5449CC8-61AA-41D3-A751-B2C9C7B2BF9D}
690097889||20260724|17|55021|1|50|690724000067|690724000067:17:55021:50|{BEC95AB4-0F0E-427F-B5CC-D17F4C8D6894}
500011545||20260724|11||2|0|690724000082|690724000082:11::0|{A3AC92BE-BD65-43E2-8051-D42A1C8DA470}
500011545||20260724|15|32103|1|40|690724000082|690724000082:15:32103:40|{9CEE2005-B69B-470F-8789-1E9CA4245909}
500011545||20260724|15|32201|1|40|690724000082|690724000082:15:32201:40|{7FA581D9-9534-4C2A-BECD-B61A2DC36C75}
500011545||20260724|15|32202|1|40|690724000082|690724000082:15:32202:40|{E8A4922B-FFE0-4EF8-8961-07F38C0C0862}
500011545||20260724|17|55021|1|50|690724000082|690724000082:17:55021:50|{93DE79E7-2D67-4B42-8BC0-333625EA4C1D}
500011545||20260724|18|52441|1|0|690724000082|690724000082:18:52441:0|{A08E1602-AAB8-482A-B0BB-7036BFFC2DAD}
630087580||20260724|13|58130|1|250|690724000087|690724000087:13:58130:250|{78058AAE-3584-47E3-8065-0C8AE28D6BE5}
630087580||20260724|17|55021|1|50|690724000087|690724000087:17:55021:50|{B8AA69A1-CD99-4D65-9F10-D19C97120B2D}
670093936||20260724|17|55020|1|50|690724000100|690724000100:17:55020:50|{D4576750-196C-43FF-9621-001DB403D094}
670093936||20260724|17|55823|1|20|690724000100|690724000100:17:55823:20|{3A6EEB62-CD55-4B85-9C0F-B68437C2AEED}
580078808||20260724|17|55020|1|50|690724000102|690724000102:17:55020:50|{788B9E33-3B33-49B9-9C33-9BA89C106400}
500010352||20260724|12|62101|2|200|690724000119|690724000119:12:62101:200|{44A74BF8-0371-4966-B91F-43CFC816D031}
500010352||20260724|12|XXX13|2|0|690724000119|690724000119:12:XXX13:0|{A238AB4D-DA06-45FB-A5E0-1B53E91F075D}
500010352||20260724|17|55020|1|50|690724000119|690724000119:17:55020:50|{90ADC61D-0983-4CBD-AEB8-C90E2B342949}
500008428||20260724|13|58130|1|250|690724000130|690724000130:13:58130:250|{B524018C-CBC2-4C43-9E90-A76FF863A224}
500008428||20260724|17|55020|1|50|690724000130|690724000130:17:55020:50|{D07D231A-2F12-4389-99FB-36D64CD88BDB}
500001801||20260724|17|55020|1|50|690724000146|690724000146:17:55020:50|{69FE43F2-716A-4DC1-B444-4A2E80F4B65D}
500001801||20260724|20|XXX14|4|60|690724000146|690724000146:20:XXX14:60|{DDA05B1D-6525-4187-9E02-01BF2DBAB6EA}
500001801||20260724|20|XXX14|1|80|690724000146|690724000146:20:XXX14:80|{CC391EE3-68DC-499F-9169-51A3F920EAA1}
640089711||20260724|12|62501|1|130|690724000150|690724000150:12:62501:130|{0D4A6656-2ADA-4A9D-B76B-4ABDB7C771B9}
640089711||20260724|17|55020|1|50|690724000150|690724000150:17:55020:50|{9B35A9C3-9565-4C7F-AC7D-F3C6049D1260}
660093017||20260724|17|55020|1|50|690724000151|690724000151:17:55020:50|{8A3991FB-7AF9-48F9-B2D0-01650E890464}
500048111||20260724|17|55020|1|50|690724000174|690724000174:17:55020:50|{A2FFE57F-CB45-4B59-B780-5811851F9BAE}
500048111||20260724|17|55810|1|70|690724000174|690724000174:17:55810:70|{AAF39114-1874-475D-B4A0-745508ED7A3A}
500012314||20260724|17|55021|1|50|690724000175|690724000175:17:55021:50|{7D3A6AF0-F9E7-4CD8-898C-2DD7CE561FA1}
500012314||20260724|20|XXX14|1|500|690724000175|690724000175:20:XXX14:500|{8E52D429-5DDE-4B43-BD07-5AAE61ED0CC4}
500012314||20260724|20|XXX14|2|70|690724000175|690724000175:20:XXX14:70|{E97DD230-88A4-4F11-8053-689B6D0A28BA}
500030904||20260724|17|55021|1|50|690724000178|690724000178:17:55021:50|{1AD15600-8D2E-4E0A-8564-33DE9914BA9D}
500030904||20260724|20|XXX14|1|100|690724000178|690724000178:20:XXX14:100|{8A549F3F-40FC-4322-9685-6C127DF6978E}
500030904||20260724|20|XXX14|3|500|690724000178|690724000178:20:XXX14:500|{E2FA5030-53A1-4F85-AE7A-C73E919A3876}
500030904||20260724|20|XXX14|3|70|690724000178|690724000178:20:XXX14:70|{EAF57F68-F733-465B-803F-3B6FC52317A4}
500030904||20260724|20|XXX14|1|80|690724000178|690724000178:20:XXX14:80|{BA5A46BB-C6A5-4167-A322-878651A2D967}
500005631||20260724|17|55021|1|50|690724000181|690724000181:17:55021:50|{53591568-43F6-4C74-95D2-9D1DA339FD54}
500005631||20260724|9|51410|1|200|690724000181|690724000181:9:51410:200|{25276B5F-AF80-4B88-8E21-53026553C899}
500039195||20260724|17|55021|1|50|690724000182|690724000182:17:55021:50|{1DD1E97B-D3AA-4B78-AC30-142408F583CE}
500039195||20260724|20|XXX14|2|60|690724000182|690724000182:20:XXX14:60|{DECCAB2F-D678-4677-A3F3-88077A371FDA}
500039195||20260724|20|XXX14|3|70|690724000182|690724000182:20:XXX14:70|{622A0B96-E7D4-4A03-A2F2-48363A6463CD}
500039195||20260724|20|XXX14|1|80|690724000182|690724000182:20:XXX14:80|{D335B3BD-1D39-4C2F-8EC1-1461120CC1B6}
500031534||20260724|17|55021|1|50|690724000184|690724000184:17:55021:50|{80365678-CC8C-4628-8CBE-17A418860390}
500031534||20260724|20|XXX14|1|100|690724000184|690724000184:20:XXX14:100|{28F37A71-0F21-4AD0-B3AF-D53EEE88FF05}
500031534||20260724|20|XXX14|3|500|690724000184|690724000184:20:XXX14:500|{FBA3029D-C2FA-4FAD-9AC4-8645F5529983}
500031534||20260724|20|XXX14|1|70|690724000184|690724000184:20:XXX14:70|{3D80D4A9-296B-4D20-9FB3-8B79E40458B2}
500031534||20260724|20|XXX14|2|80|690724000184|690724000184:20:XXX14:80|{2EBDD416-D11D-4F43-8493-C106AC8386A5}
500008046||20260724|16|41003|2|250|690724071630|690724071630:16:41003:250|{89964C87-8F0B-4771-9E6D-CA3FAE9D4CB4}
500008046||20260724|17|55021|1|50|690724071630|690724071630:17:55021:50|{AC0476DA-BC53-499F-8642-C7B98A7AEF8C}
500008046||20260724|2|8307|1|1000|690724071630|690724071630:2:8307:1000|{4A0F6131-6B19-4DDE-8DE7-CE07E7CFAB72}
500008046||20260724|20|XXX14|1|100|690724071630|690724071630:20:XXX14:100|{C2BF2A06-1212-49A5-A46C-ED6C5218B846}
500008046||20260724|20|XXX14|3|500|690724071630|690724071630:20:XXX14:500|{20047A71-39D0-421D-9511-3EEE6C948759}
500008046||20260724|20|XXX14|2|70|690724071630|690724071630:20:XXX14:70|{C8B56186-B134-4FD1-8135-709A879F9414}
500008046||20260724|20|XXX14|1|80|690724071630|690724071630:20:XXX14:80|{49834A1A-0937-41B5-930D-652E2BD975D5}
500021579||20260724|15|31001|1|60|690724072634|690724072634:15:31001:60|{496A82FD-F94B-47B8-901A-040E010B22A6}
500021579||20260724|15|32001|1|100|690724072634|690724072634:15:32001:100|{A0BD9FB0-029A-4B5B-935E-F1E42542DE90}
500021579||20260724|15|32202|1|40|690724072634|690724072634:15:32202:40|{F1FE26D5-D95C-4A79-BA1B-C0E36575268E}
500021579||20260724|17|55021|1|50|690724072634|690724072634:17:55021:50|{1062FA3B-1438-4BCF-B9F6-E82A7F9BBEE7}
580078918||20260724|17|55021|1|50|690724074638|690724074638:17:55021:50|{197A9D0C-1C03-4527-BA3A-4E9139F634C0}
650066506||20260724|17|55020|1|50|690724082524|690724082524:17:55020:50|{B44032AC-DDAA-49C2-A802-487613B23E16}
500037348||20260724|17|55020|1|50|690724091558|690724091558:17:55020:50|{4D478730-C086-489D-B656-04BE39CEB479}
500023818||20260724|17|55020|1|50|690724093610|690724093610:17:55020:50|{A5D4FB01-39EF-4F5D-AC17-81DF35FAFBFA}
500023818||20260724|17|55822|2|20|690724093610|690724093610:17:55822:20|{62CAB3D3-CCE4-4C00-A1B4-4C980E82CFBF}
640090499||20260724|16|41003|2|250|690724100744|690724100744:16:41003:250|{EDAC65E3-A294-4641-ADB6-FEBAE0D4DCCC}
640090499||20260724|17|55020|1|50|690724100744|690724100744:17:55020:50|{6ACA9FAD-5603-45C8-B71C-79EEA2FFE504}
640090499||20260724|2|8608|2|800|690724100744|690724100744:2:8608:800|{10B292DF-0669-4C4A-9C1D-727BC3E6D06A}
640090499||20260724|20|XXX14|1|100|690724100744|690724100744:20:XXX14:100|{FFF2CFB0-4B09-4280-9A5A-3C6B6CA4D068}
640090499||20260724|20|XXX14|3|500|690724100744|690724100744:20:XXX14:500|{9BCEDAA7-D5D7-4B4C-B23C-4F2E503FEEAE}
640090499||20260724|20|XXX14|1|80|690724100744|690724100744:20:XXX14:80|{5B302968-B4E5-4DC7-830C-3FCD2E6AF72D}
500035651||20260724|16|41003|2|250|690724110224|690724110224:16:41003:250|{B8665CF3-735F-4A68-A583-7D2ADBB0E4CA}
500035651||20260724|17|55020|1|50|690724110224|690724110224:17:55020:50|{C66053FC-5DBE-4348-B66A-62B9C2317E6B}
500035651||20260724|19|71738|1|500|690724110224|690724110224:19:71738:500|{2E580336-7B03-40D9-9E82-689460613B35}
500035651||20260724|2|8711|1|350|690724110224|690724110224:2:8711:350|{03CAB0ED-25CA-473E-9F61-A157D88399A0}
500035651||20260724|20|XXX14|1|100|690724110224|690724110224:20:XXX14:100|{13455C7B-91D9-4C3B-9CF8-4D561254CEE8}
500035651||20260724|20|XXX14|1|80|690724110224|690724110224:20:XXX14:80|{85341BAE-FEBE-4DB5-85DD-292795335264}
500005599||20260724|17|55020|1|50|690724112142|690724112142:17:55020:50|{BBA4FEEC-3582-4203-924E-371C5FF18838}
680096315||20260724|17|55020|1|50|690724130612|690724130612:17:55020:50|{990B44CC-0B62-4837-B0D3-518DAEFFEB51}
500015201||20260724|11||10|5|690724140418|690724140418:11::5|{9FB8F99E-742E-4EBC-95AF-8B615259FE0F}
500015201||20260724|17|55020|1|50|690724140418|690724140418:17:55020:50|{69D7A033-7102-4AEA-8657-2EE7F1BAEC13}
500002868||20260724|17|55020|1|50|690724140521|690724140521:17:55020:50|{9F537D1B-B440-4AF4-B83C-D796A5BFCD16}
500015250||20260724|17|55020|1|50|690724140637|690724140637:17:55020:50|{8797C447-FB48-437F-ADCA-FF6B9E02100E}
500013856||20260724|17|55021|1|50|690724195410|690724195410:17:55021:50|{06B82ABD-492D-4862-A1EF-5C33D65E981D}
500013856||20260724|17|55822|1|20|690724195410|690724195410:17:55822:20|{44B98907-FBFD-430F-8DC3-9474467B798D}
500015442||20260725|17|55811|1|140|690725000001|690725000001:17:55811:140|{22DFF1AB-47DA-45FC-BD61-26614641BA58}
500047191||20260725|17|55811|1|140|690725000007|690725000007:17:55811:140|{3E54561B-1F9A-48A6-AB83-5C97F4EB2E14}
500000654||20260725|12|XXX13|2|0|690725000008|690725000008:12:XXX13:0|{C60C4C23-E811-4438-A091-A30EF19F9CF4}
500000654||20260725|16|41202|1|80|690725000008|690725000008:16:41202:80|{1B04A85F-52EE-4FE9-8CD6-51745ED95369}
500000654||20260725|17|55021|1|50|690725000008|690725000008:17:55021:50|{B2C20426-C857-4E35-9DA4-5175E1D56A81}
500012679||20260725|17|55020|1|50|690725000018|690725000018:17:55020:50|{30477CB7-B57B-4F81-A656-34A1332DF49F}
500012679||20260725|20|XXX14|1|100|690725000018|690725000018:20:XXX14:100|{F64E2D0C-8F0A-4583-BADB-4D044F93ED80}
500012679||20260725|20|XXX14|2|500|690725000018|690725000018:20:XXX14:500|{A9C208F3-5138-47F9-A00A-CEC695E88F1E}
500012679||20260725|20|XXX14|1|80|690725000018|690725000018:20:XXX14:80|{FCDED318-E5D6-4A33-AC00-64B694B8BBA4}
500036212||20260725|17|55020|1|50|690725000025|690725000025:17:55020:50|{293A6E9A-AE1F-4962-8916-9373777066B5}
500036212||20260725|20|XXX14|1|100|690725000025|690725000025:20:XXX14:100|{E90B881B-D9B4-4BE8-831C-10CA3AF64F39}
500036212||20260725|20|XXX14|1|80|690725000025|690725000025:20:XXX14:80|{E44196DE-4021-418C-B4A8-385567BC0322}
500019248||20260725|17|55020|1|50|690725000027|690725000027:17:55020:50|{ECFB4874-892C-4918-8A49-7AD70B069E49}
500019248||20260725|20|XXX14|1|100|690725000027|690725000027:20:XXX14:100|{B0A210D6-0C9B-4D96-9AC3-9230BEF9421B}
500019248||20260725|20|XXX14|2|500|690725000027|690725000027:20:XXX14:500|{2BFF401E-CAF5-449A-8AC6-CF78A2C8D440}
500019248||20260725|20|XXX14|1|80|690725000027|690725000027:20:XXX14:80|{4567582E-D783-4468-8812-8AFF125F0C50}
500048100||20260725|17|55020|1|50|690725000028|690725000028:17:55020:50|{80F2D743-F02D-4D10-A149-83BA9F75E142}
500048100||20260725|20|XXX14|1|100|690725000028|690725000028:20:XXX14:100|{05B551B0-120C-43A8-AFAB-FF3CA9C4CD86}
500048100||20260725|20|XXX14|1|80|690725000028|690725000028:20:XXX14:80|{E00AFEC7-DDCB-488F-AAD7-274A6021EF87}
560076297||20260725|17|55020|1|50|690725000031|690725000031:17:55020:50|{DE0B1301-51E3-4C4C-902D-F11DFD017F74}
560076297||20260725|20|XXX14|1|100|690725000031|690725000031:20:XXX14:100|{D659ED43-E71B-4A10-97FA-2A191C4853CB}
560076297||20260725|20|XXX14|1|80|690725000031|690725000031:20:XXX14:80|{654E378F-83B4-43A6-99EE-688F3676990B}
500000694||20260725|17|55020|1|50|690725000032|690725000032:17:55020:50|{7C75C90B-2BCC-4F03-A166-D01BF18489E1}
500000694||20260725|20|XXX14|1|100|690725000032|690725000032:20:XXX14:100|{9FB608DE-4FF9-4AC2-921C-93BBE2E257D1}
500000694||20260725|20|XXX14|2|500|690725000032|690725000032:20:XXX14:500|{BC7AE78B-CAB2-4EAF-9903-92434D9EA3BF}
500000694||20260725|20|XXX14|1|80|690725000032|690725000032:20:XXX14:80|{6BEB4593-DC5F-433D-9010-AB49A0ECA69D}
500006768||20260725|17|55020|1|50|690725000033|690725000033:17:55020:50|{000ED59B-987B-42B8-8654-6F8F152CDC7E}
500006768||20260725|20|XXX14|1|100|690725000033|690725000033:20:XXX14:100|{F634719E-D8A0-4800-8EAA-747C68D5573D}
500006768||20260725|20|XXX14|2|500|690725000033|690725000033:20:XXX14:500|{F36755AB-24F3-4DC1-9225-566A71CF2F0C}
500006768||20260725|20|XXX14|1|80|690725000033|690725000033:20:XXX14:80|{79B3C84A-CD77-45B6-8F2E-384B0E4DC5BD}
580079463||20260725|17|55020|1|50|690725000034|690725000034:17:55020:50|{BD2D071C-B786-4582-A94D-50271BFACF41}
580079463||20260725|20|XXX14|1|100|690725000034|690725000034:20:XXX14:100|{764B092C-9664-4945-95A7-FBF879BE0321}
580079463||20260725|20|XXX14|1|80|690725000034|690725000034:20:XXX14:80|{A2458BBA-0C86-408C-B2C4-65B9DC4EFBC9}
500003622||20260725|17|55020|1|50|690725000035|690725000035:17:55020:50|{341073F3-B68E-4BA3-8A9E-733CBF8C6EFD}
500003622||20260725|20|XXX14|1|100|690725000035|690725000035:20:XXX14:100|{ACC65FBF-AD5E-43B5-BBDA-795F9F5307F6}
500003622||20260725|20|XXX14|1|80|690725000035|690725000035:20:XXX14:80|{05E5F090-D04C-42C5-A025-CD513A81EB07}
500061151||20260725|17|55020|1|50|690725000036|690725000036:17:55020:50|{15186F02-AC12-4E8F-A835-F744007AA636}
500061151||20260725|20|XXX14|1|100|690725000036|690725000036:20:XXX14:100|{7F747431-4293-4DD4-B436-3E10AB24C1CB}
500061151||20260725|20|XXX14|1|80|690725000036|690725000036:20:XXX14:80|{F7F9204C-3490-4921-BB68-88DE5E286E4E}
610084980||20260725|17|55020|1|50|690725000037|690725000037:17:55020:50|{718BBCEF-BC4E-4FDA-8B24-CCDE72BFEEAB}
610084980||20260725|20|XXX14|1|100|690725000037|690725000037:20:XXX14:100|{9D0133DB-A908-41D0-9D50-DD4547097541}
610084980||20260725|20|XXX14|1|80|690725000037|690725000037:20:XXX14:80|{B5408905-AEBB-49C0-B28B-AAB8F1C1EFF4}
500018094||20260725|17|55020|1|50|690725000039|690725000039:17:55020:50|{ECCA035D-1992-407F-9023-2A959A8ED5FF}
500018094||20260725|20|XXX14|1|100|690725000039|690725000039:20:XXX14:100|{0C445586-7FFC-4E1B-B7A5-6D0E53DD5BD7}
500018094||20260725|20|XXX14|1|80|690725000039|690725000039:20:XXX14:80|{F09788C0-8DE4-4CD6-A147-B269540DB5C9}
500012362||20260725|17|55020|1|50|690725000040|690725000040:17:55020:50|{C0CCF9F0-AB2A-4BE0-88B4-53091EF4569D}
500012362||20260725|20|XXX14|1|100|690725000040|690725000040:20:XXX14:100|{9143F10E-1F0B-4D22-8B34-8C3B2DBA1977}
500012362||20260725|20|XXX14|1|80|690725000040|690725000040:20:XXX14:80|{854EAD0C-26E6-4249-8994-8B44777659B1}
500020314||20260725|17|55020|1|50|690725000041|690725000041:17:55020:50|{05B61067-A013-4A64-BA97-BC83EB4C022E}
500020314||20260725|20|XXX14|1|100|690725000041|690725000041:20:XXX14:100|{26FAFC7E-5579-45D8-955D-E26F97C96819}
500020314||20260725|20|XXX14|1|80|690725000041|690725000041:20:XXX14:80|{34978D23-1C60-4594-8F96-0D9D584246D3}
500024616||20260725|17|55020|1|50|690725000043|690725000043:17:55020:50|{13E15518-2986-49A1-8FA0-1AE2B35383E6}
500024616||20260725|20|XXX14|1|100|690725000043|690725000043:20:XXX14:100|{45D6AA10-72B7-4866-B986-03CC07EC21FD}
500024616||20260725|20|XXX14|2|500|690725000043|690725000043:20:XXX14:500|{939CE006-FBA3-45FD-8EBD-E391CD02621D}
500024616||20260725|20|XXX14|1|80|690725000043|690725000043:20:XXX14:80|{FBAE2F7E-E7F6-4E36-A2B2-EFA43946F2BA}
500040194||20260725|17|55020|1|50|690725000046|690725000046:17:55020:50|{4F7FDD78-2646-4696-A5CA-DFA6330A621D}
500040194||20260725|20|XXX14|1|100|690725000046|690725000046:20:XXX14:100|{146396BC-6DB7-475A-9582-7B2CA7892C17}
500040194||20260725|20|XXX14|2|500|690725000046|690725000046:20:XXX14:500|{DF55B815-D524-4CB9-86FD-B3227764CDA8}
500040194||20260725|20|XXX14|1|80|690725000046|690725000046:20:XXX14:80|{90467460-F7EB-4E69-8288-45ACD7DF2C2B}
530069793||20260725|17|55020|1|50|690725000047|690725000047:17:55020:50|{E3619DCE-2699-4C47-98C7-044B7C96B18A}
530069793||20260725|20|XXX14|1|100|690725000047|690725000047:20:XXX14:100|{91EA8478-05F2-4070-85EA-D9369FCEAAE9}
530069793||20260725|20|XXX14|2|500|690725000047|690725000047:20:XXX14:500|{03E3FFA2-712C-4984-BAB5-BA41514CC4F9}
530069793||20260725|20|XXX14|1|80|690725000047|690725000047:20:XXX14:80|{3B454DB0-3E8D-42A5-8B8C-7991B5B375C8}
500024851||20260725|17|55020|1|50|690725000048|690725000048:17:55020:50|{29221E64-BBF5-4DE6-96AF-ED9547AD7B62}
500024851||20260725|20|XXX14|1|100|690725000048|690725000048:20:XXX14:100|{9C14ED77-0964-4448-8D65-65782F6BA3A1}
500024851||20260725|20|XXX14|2|500|690725000048|690725000048:20:XXX14:500|{26F7E143-5292-4847-87F7-43D13C28F988}
500024851||20260725|20|XXX14|1|80|690725000048|690725000048:20:XXX14:80|{C900E38A-CCF8-4B16-8725-153E1B288B98}
500012789||20260725|17|55020|1|50|690725000049|690725000049:17:55020:50|{519F6E95-1A80-40B3-9691-E7071B48D8A4}
500012789||20260725|20|XXX14|1|100|690725000049|690725000049:20:XXX14:100|{FDCE4EB6-CFBB-47E0-8CEA-16C8C293BA21}
500012789||20260725|20|XXX14|2|500|690725000049|690725000049:20:XXX14:500|{C7C71FB8-987E-44F7-AB10-031C3A06F3C6}
500012789||20260725|20|XXX14|1|80|690725000049|690725000049:20:XXX14:80|{C74C4846-DAED-4A3B-B76A-1180969F9DA1}
500014775||20260725|13|58131|1|250|690725000050|690725000050:13:58131:250|{89911978-CB5E-4E60-96A1-7719C8A45695}
500014775||20260725|17|55020|1|50|690725000050|690725000050:17:55020:50|{FFE14D28-B63A-4545-AAEF-DAF045DFE4C6}
500014775||20260725|20|XXX14|1|100|690725000050|690725000050:20:XXX14:100|{791268D3-E0B7-424F-ABEF-C9A7DEE3936D}
500014775||20260725|20|XXX14|2|500|690725000050|690725000050:20:XXX14:500|{29744CBA-B908-4415-9753-8F15E2FFAA24}
500014775||20260725|20|XXX14|1|80|690725000050|690725000050:20:XXX14:80|{8B37EDB0-0B1B-42DE-A54B-32124DFA0FAC}
500020136||20260725|17|55810|1|70|690725000051|690725000051:17:55810:70|{FB37D4CA-019E-4F90-9755-DAA196CB4C49}
500011077||20260725|17|55020|1|50|690725000052|690725000052:17:55020:50|{B5FC303F-982D-484D-8FE4-5D099EC9B7C4}
500011077||20260725|20|XXX14|1|100|690725000052|690725000052:20:XXX14:100|{284E91F9-59FA-41BA-B83B-0346CA47D874}
500011077||20260725|20|XXX14|2|500|690725000052|690725000052:20:XXX14:500|{7CD91809-5949-45EE-BDDE-18DF911E57AF}
500011077||20260725|20|XXX14|1|80|690725000052|690725000052:20:XXX14:80|{A0B13A91-CD3C-45F6-BC78-A37E95C76229}
500029167||20260725|17|55020|1|50|690725000053|690725000053:17:55020:50|{0D4301D1-30DE-4EA0-ADB6-564B6AAD6930}
500029167||20260725|20|XXX14|1|100|690725000053|690725000053:20:XXX14:100|{C2E5E468-5AF9-400C-A303-AF75DFA7F600}
500029167||20260725|20|XXX14|1|80|690725000053|690725000053:20:XXX14:80|{1EC0A5DF-B799-4884-AF1E-D9C8675EC101}
500004383||20260725|17|55020|1|50|690725000055|690725000055:17:55020:50|{92A2E2BE-0E07-43E7-ADB4-76A7C67D9AF7}
500004383||20260725|20|XXX14|1|100|690725000055|690725000055:20:XXX14:100|{1C3212F5-8D37-4FCD-B37D-F85196E65EBE}
500004383||20260725|20|XXX14|2|500|690725000055|690725000055:20:XXX14:500|{46D866A8-0AE2-4EA0-B51C-A970FD8B53B3}
500004383||20260725|20|XXX14|1|80|690725000055|690725000055:20:XXX14:80|{080E5368-4F80-417F-9F57-DA36B56277AB}
500001609||20260725|17|55020|1|50|690725000056|690725000056:17:55020:50|{C84240F5-D344-466C-9FAA-9B42D18A7F49}
500001609||20260725|20|XXX14|1|100|690725000056|690725000056:20:XXX14:100|{AD366BCB-5D9A-4479-9C98-1C4CBC9F7F72}
500001609||20260725|20|XXX14|1|80|690725000056|690725000056:20:XXX14:80|{339D129A-E174-4EFC-AAF5-F3021ECE68FB}
500058057||20260725|17|55020|1|50|690725000063|690725000063:17:55020:50|{12B051AD-1B04-48A4-AC77-A1899D149367}
500058057||20260725|20|XXX14|1|100|690725000063|690725000063:20:XXX14:100|{DEFE3607-CD73-445F-98EC-110961AB8161}
500058057||20260725|20|XXX14|2|500|690725000063|690725000063:20:XXX14:500|{2F0BA4C2-BED6-481E-902D-D9D98466E22E}
500058057||20260725|20|XXX14|1|80|690725000063|690725000063:20:XXX14:80|{58BAD84C-0D62-49DA-BA01-480F44BBC0F5}
500056366||20260725|17|55020|1|50|690725000064|690725000064:17:55020:50|{6FB8F872-CBAF-409A-9112-E35E402F925A}
500056366||20260725|20|XXX14|1|100|690725000064|690725000064:20:XXX14:100|{60EF0E18-8515-4B6B-9BF1-8CC87ACD0FAD}
500056366||20260725|20|XXX14|2|500|690725000064|690725000064:20:XXX14:500|{9D3040B8-D27F-4617-B493-24E9D3218A11}
500056366||20260725|20|XXX14|1|80|690725000064|690725000064:20:XXX14:80|{0E659D83-6724-451F-B5F9-F53923E1EDB8}
500014415||20260725|17|55020|1|50|690725000065|690725000065:17:55020:50|{E99D798A-5195-4A21-BE55-0FD713B01577}
500014415||20260725|20|XXX14|1|100|690725000065|690725000065:20:XXX14:100|{CD5DA480-1B4F-48BF-9368-505C164DCFE4}
500014415||20260725|20|XXX14|2|500|690725000065|690725000065:20:XXX14:500|{D79AFDA2-5C8A-4C26-9132-F714902872AB}
500014415||20260725|20|XXX14|1|80|690725000065|690725000065:20:XXX14:80|{83B12076-95E9-4408-82AD-30049326E226}
500003400||20260725|17|55020|1|50|690725000066|690725000066:17:55020:50|{8AC55988-658D-4862-A11E-C4A9970F7A6F}
500003400||20260725|20|XXX14|1|100|690725000066|690725000066:20:XXX14:100|{00743389-5976-496D-A932-E0B4C57C6C65}
500003400||20260725|20|XXX14|2|500|690725000066|690725000066:20:XXX14:500|{C3E28E1D-A509-47B0-A624-76A1CAFE10D6}
500003400||20260725|20|XXX14|1|80|690725000066|690725000066:20:XXX14:80|{5FBB68AF-9622-40F2-8FFB-5586BED63507}
500039982||20260725|17|55020|1|50|690725000067|690725000067:17:55020:50|{DCEFDD9C-D0C0-4D5E-93A5-F58D083B064A}
500039982||20260725|20|XXX14|1|100|690725000067|690725000067:20:XXX14:100|{7B66673B-D08F-41BB-B645-7DEB6A958FDE}
500039982||20260725|20|XXX14|2|500|690725000067|690725000067:20:XXX14:500|{4635F7E8-9FFC-45D3-936D-C9B2FDB0F204}
500039982||20260725|20|XXX14|1|80|690725000067|690725000067:20:XXX14:80|{412117B1-692D-4226-9CAE-749F986BA1EB}
500019968||20260725|17|55020|1|50|690725000068|690725000068:17:55020:50|{74543D76-D187-416D-AF7E-B7227FBFBCFB}
500019968||20260725|20|XXX14|1|100|690725000068|690725000068:20:XXX14:100|{E611AC84-C898-46D9-89D2-EBF645C83DD8}
500019968||20260725|20|XXX14|1|80|690725000068|690725000068:20:XXX14:80|{3D9C9A89-BFF0-410C-B4AB-B312B79B95D2}
540071903||20260725|17|55020|1|50|690725000070|690725000070:17:55020:50|{0148B97B-8B23-44C4-826A-69B70C475D0B}
540071903||20260725|20|XXX14|1|100|690725000070|690725000070:20:XXX14:100|{8B6E957C-F2C0-41B2-B7F5-906EF6C38D44}
540071903||20260725|20|XXX14|2|500|690725000070|690725000070:20:XXX14:500|{C9149FAB-85A5-49FC-916B-F6F473F586B8}
540071903||20260725|20|XXX14|1|80|690725000070|690725000070:20:XXX14:80|{D4490530-92BE-42CC-A740-AE6524C14BA6}
500055663||20260725|17|55020|1|50|690725000071|690725000071:17:55020:50|{F02C413D-FC65-443A-ABA0-97928D4A4919}
500055663||20260725|20|XXX14|1|100|690725000071|690725000071:20:XXX14:100|{88992CB8-4A54-4250-A16A-53F6A1520101}
500055663||20260725|20|XXX14|1|80|690725000071|690725000071:20:XXX14:80|{DAEAE10B-7526-4EB5-9A6E-DB01825076B8}
500037405||20260725|17|55020|1|50|690725000072|690725000072:17:55020:50|{A61C39C6-0159-41C5-B857-7523104ED516}
500037405||20260725|20|XXX14|1|100|690725000072|690725000072:20:XXX14:100|{B6204153-4E58-4406-82D1-4ADCC6650E2B}
500037405||20260725|20|XXX14|1|80|690725000072|690725000072:20:XXX14:80|{845852B0-C46E-48B2-8493-A8ECE6A0B029}
560076298||20260725|17|55020|1|50|690725000077|690725000077:17:55020:50|{5B1B88EB-D658-4DC4-A965-4A308588E3EA}
560076298||20260725|20|XXX14|1|100|690725000077|690725000077:20:XXX14:100|{A07D7225-BB31-4D7F-B3CD-89839D7A677B}
560076298||20260725|20|XXX14|1|80|690725000077|690725000077:20:XXX14:80|{C205084E-6EFC-47BB-9D8B-9E15CBC824A9}
500061651||20260725|17|55020|1|50|690725000078|690725000078:17:55020:50|{D74CB304-0EF5-4794-B904-1F74DD4DEE21}
500061651||20260725|20|XXX14|1|100|690725000078|690725000078:20:XXX14:100|{6B090F03-9952-45E4-9E6E-E4AE61C46DD1}
500061651||20260725|20|XXX14|2|500|690725000078|690725000078:20:XXX14:500|{8462CF9A-2F21-4EB7-BA1A-0D3149C379AD}
500061651||20260725|20|XXX14|1|80|690725000078|690725000078:20:XXX14:80|{7A03EDE3-89E8-440C-888A-D7DDFCA38ADA}
500019639||20260725|17|55020|1|50|690725000079|690725000079:17:55020:50|{86FCF1E4-DDD3-4DD3-8108-548AB1F3FC14}
500019639||20260725|20|XXX14|1|100|690725000079|690725000079:20:XXX14:100|{D001B034-5B0A-4F52-8626-6C946A9559FB}
500019639||20260725|20|XXX14|2|500|690725000079|690725000079:20:XXX14:500|{56F23794-1517-4F8E-82F5-A2E0EA24BB7B}
500019639||20260725|20|XXX14|1|80|690725000079|690725000079:20:XXX14:80|{C1E74F21-006E-4067-AC1E-D963549562F8}
500060611||20260725|17|55020|1|50|690725000080|690725000080:17:55020:50|{77AE3667-06AA-4C2E-B2B4-4B44D12B1A69}
500060611||20260725|20|XXX14|1|100|690725000080|690725000080:20:XXX14:100|{EB24447D-BD6D-43A4-86E7-9673AB0092FF}
500060611||20260725|20|XXX14|2|500|690725000080|690725000080:20:XXX14:500|{E5BCBC91-3654-4014-8D32-79D1D9A4900B}
500060611||20260725|20|XXX14|1|80|690725000080|690725000080:20:XXX14:80|{61D12415-DD4B-4A65-8E07-670475DE2702}
500058577||20260725|17|55020|1|50|690725000081|690725000081:17:55020:50|{DAB327B7-86DF-43BB-B9E1-47FD7C592A73}
500058577||20260725|20|XXX14|1|100|690725000081|690725000081:20:XXX14:100|{50C4AE9F-AA06-45FD-BA44-3CE0FBF42682}
500058577||20260725|20|XXX14|2|500|690725000081|690725000081:20:XXX14:500|{D0AF1835-BE37-490F-96A4-B03FD84A7D02}
500058577||20260725|20|XXX14|1|80|690725000081|690725000081:20:XXX14:80|{1760E0A4-AB02-4474-B45F-856E5A508810}
690097749||20260725|17|55020|1|50|690725000082|690725000082:17:55020:50|{739A33D2-3302-43AD-9FF8-99EA18F270E1}
690097749||20260725|20|XXX14|1|100|690725000082|690725000082:20:XXX14:100|{251D3FAC-0683-4D9B-AD96-169B047D768E}
690097749||20260725|20|XXX14|2|500|690725000082|690725000082:20:XXX14:500|{0F8FE863-5A31-46CF-B7CE-B92E1FC8CAA8}
690097749||20260725|20|XXX14|1|80|690725000082|690725000082:20:XXX14:80|{19C6CA9C-1196-44DB-92A3-796AD35D22DA}
640090499||20260725|17|55020|1|50|690725000083|690725000083:17:55020:50|{BDEFC103-8933-4F62-A757-3A86E29137B8}
640090499||20260725|20|XXX14|1|100|690725000083|690725000083:20:XXX14:100|{8A501FA2-5E2A-46C1-A7EE-E3800DDA0D71}
640090499||20260725|20|XXX14|2|500|690725000083|690725000083:20:XXX14:500|{C10F2F4C-58D2-4DC1-BAAF-59C1973BB603}
640090499||20260725|20|XXX14|1|80|690725000083|690725000083:20:XXX14:80|{B4DF1EDF-9240-4CA7-B655-9DDD01E71B12}
500005359||20260725|17|55020|1|50|690725000084|690725000084:17:55020:50|{D6721263-74E4-4E71-99E9-7A0887C2E88B}
500005359||20260725|20|XXX14|1|100|690725000084|690725000084:20:XXX14:100|{7765ED26-D3D9-47FA-ADF3-7DC9B89FC6B4}
500005359||20260725|20|XXX14|2|500|690725000084|690725000084:20:XXX14:500|{1C816F0D-5334-4533-A8D7-A89E1CA9560C}
500005359||20260725|20|XXX14|1|80|690725000084|690725000084:20:XXX14:80|{E3640AF9-C715-4C07-AD35-4FCD7DFC41AC}
500002892||20260725|17|55020|1|50|690725000087|690725000087:17:55020:50|{A43C6AC6-1430-4F13-8E14-E03221E35F75}
500002892||20260725|20|XXX14|1|100|690725000087|690725000087:20:XXX14:100|{41AF6EEC-C6E8-4E51-917D-E30644CAACF5}
500002892||20260725|20|XXX14|1|80|690725000087|690725000087:20:XXX14:80|{A6402024-1092-4675-8933-AA15213C4B17}
500043209||20260725|17|55020|1|50|690725000088|690725000088:17:55020:50|{D89D436A-ABFC-42F8-8C26-7B8362C70CDB}
500043209||20260725|20|XXX14|1|100|690725000088|690725000088:20:XXX14:100|{5EB360B3-6355-4E85-BD54-2C8CC25BD26A}
500043209||20260725|20|XXX14|2|500|690725000088|690725000088:20:XXX14:500|{81A5A30E-5F61-45AD-A54B-6447D94BF64C}
500043209||20260725|20|XXX14|1|80|690725000088|690725000088:20:XXX14:80|{554F7557-0E81-404D-A22E-C834BA4ACD32}
530069777||20260725|17|55020|1|50|690725000089|690725000089:17:55020:50|{DB1ED815-2E37-4829-8E56-7B11F6B6F2A2}
530069777||20260725|20|XXX14|1|100|690725000089|690725000089:20:XXX14:100|{EE2999C2-B3E0-47CF-AD2B-BE6C78EB2511}
530069777||20260725|20|XXX14|1|80|690725000089|690725000089:20:XXX14:80|{550868AF-5295-4E6E-A992-746055410032}
500037160||20260725|17|55020|1|50|690725000090|690725000090:17:55020:50|{70202492-E0A2-43D2-BB28-C808A74AE5D5}
500037160||20260725|20|XXX14|1|100|690725000090|690725000090:20:XXX14:100|{DF314392-D814-4AA2-9FF4-13C4956336F2}
500037160||20260725|20|XXX14|2|500|690725000090|690725000090:20:XXX14:500|{E196C0E2-15B4-4D4F-81F5-98B27400A309}
500037160||20260725|20|XXX14|1|80|690725000090|690725000090:20:XXX14:80|{7BA7827D-904E-4559-BAF8-39567A1FC798}
500017430||20260725|17|55020|1|50|690725000091|690725000091:17:55020:50|{832CDBB3-600F-4257-9289-3C1A46FD3B81}
500017430||20260725|20|XXX14|1|100|690725000091|690725000091:20:XXX14:100|{C9F2A2DA-C3A6-410B-8D3B-422A2C05826A}
500017430||20260725|20|XXX14|2|500|690725000091|690725000091:20:XXX14:500|{63F23F30-11F6-48A0-8FFC-140BB29A871C}
500017430||20260725|20|XXX14|1|80|690725000091|690725000091:20:XXX14:80|{3DEE6FC3-CFF5-4253-A8DC-BECF5C9BBB0D}
500023433||20260725|17|55020|1|50|690725000092|690725000092:17:55020:50|{47F87AC9-866F-4301-A3E3-1E5931B00DA5}
500023433||20260725|20|XXX14|1|100|690725000092|690725000092:20:XXX14:100|{D6D5D676-EC98-49ED-84AC-9C2ABA9F8A31}
500023433||20260725|20|XXX14|1|80|690725000092|690725000092:20:XXX14:80|{11DC3C06-ACE7-40D0-8DD0-0A8A9D82049A}
690097866||20260725|17|55020|1|50|690725000094|690725000094:17:55020:50|{CAA9A46E-AC60-479D-9AC3-8106DA42A4BE}
690097866||20260725|20|XXX14|1|100|690725000094|690725000094:20:XXX14:100|{9F5AB787-E45D-45C3-8912-636570B4D3CE}
690097866||20260725|20|XXX14|2|500|690725000094|690725000094:20:XXX14:500|{5349B58D-C157-4E94-8A71-D2F89B21EE6D}
690097866||20260725|20|XXX14|1|80|690725000094|690725000094:20:XXX14:80|{9A4BDF13-A879-400A-ABDB-62D6A7FAE4B5}
500016240||20260725|17|55020|1|50|690725000096|690725000096:17:55020:50|{A139E552-D06E-4A62-B2FC-EAB1957A5D54}
500016240||20260725|20|XXX14|1|100|690725000096|690725000096:20:XXX14:100|{6D2F2882-D60A-4E78-A1BF-A04A5973A00D}
500016240||20260725|20|XXX14|2|500|690725000096|690725000096:20:XXX14:500|{C308790B-F3D9-4101-91D2-A6635F7203B0}
500016240||20260725|20|XXX14|1|80|690725000096|690725000096:20:XXX14:80|{F50F85EA-A7C5-4692-92C6-A5775E07B29C}
680095933||20260725|17|55020|1|50|690725000097|690725000097:17:55020:50|{CD14EB4D-0575-47D2-8386-AC74B95D24BE}
680095933||20260725|20|XXX14|1|100|690725000097|690725000097:20:XXX14:100|{C96DAAD8-0DBF-46C4-BD07-B897413CCC30}
680095933||20260725|20|XXX14|2|500|690725000097|690725000097:20:XXX14:500|{6E94C6D4-1FF8-42E4-8C2D-2DF315803CC9}
680095933||20260725|20|XXX14|1|80|690725000097|690725000097:20:XXX14:80|{633D8C87-862D-44F7-98A3-F970ADFCF4EE}
500014826||20260725|17|55020|1|50|690725000098|690725000098:17:55020:50|{5F342B10-19E4-4C70-A6B8-E19A7D40F3BC}
500014826||20260725|20|XXX14|1|100|690725000098|690725000098:20:XXX14:100|{8E5B6135-CF29-4C37-8F64-C7835F7D3EA5}
500014826||20260725|20|XXX14|2|500|690725000098|690725000098:20:XXX14:500|{138A1559-70E1-4406-96B4-48C429B9ACF4}
500014826||20260725|20|XXX14|1|80|690725000098|690725000098:20:XXX14:80|{ABCB0653-8B4C-45EA-88A7-32E101D07736}
500004010||20260725|17|55020|1|50|690725000100|690725000100:17:55020:50|{A4BD613E-8BDA-4031-9D3D-8DA5765C8DF6}
500004010||20260725|20|XXX14|1|100|690725000100|690725000100:20:XXX14:100|{FB224D31-16F5-45C2-A153-D692CF7370FB}
500004010||20260725|20|XXX14|1|80|690725000100|690725000100:20:XXX14:80|{B970E7AD-130F-4257-8AC1-C9F7DB5203ED}
500018246||20260725|17|55020|1|50|690725000101|690725000101:17:55020:50|{779424AE-1E6E-478F-9A37-257B67CEA876}
500018246||20260725|20|XXX14|1|100|690725000101|690725000101:20:XXX14:100|{A7F54F5E-5692-48C3-9F57-8D46A8B71EA4}
500018246||20260725|20|XXX14|1|80|690725000101|690725000101:20:XXX14:80|{91D08162-E32A-4725-8D8B-67E8A846CADD}
680096076||20260725|17|55020|1|50|690725000104|690725000104:17:55020:50|{0FC863A8-07A9-4110-AAB3-FC9468E9C3A9}
680096076||20260725|20|XXX14|1|100|690725000104|690725000104:20:XXX14:100|{C40BE4CE-2A32-4CD8-99E9-758771EDDD43}
680096076||20260725|20|XXX14|1|80|690725000104|690725000104:20:XXX14:80|{698518CF-B232-4653-9DD9-D31E527B1918}
500004741||20260725|17|55020|1|50|690725000105|690725000105:17:55020:50|{6399DA21-6285-4BE8-B51A-13EAEA32297F}
500004741||20260725|20|XXX14|1|100|690725000105|690725000105:20:XXX14:100|{1C521F77-9D5F-42A9-A646-642BF6D19B14}
500004741||20260725|20|XXX14|1|80|690725000105|690725000105:20:XXX14:80|{9E332CF8-6C72-49D3-8C99-FCDD7154264C}
500011917||20260725|17|55020|1|50|690725000106|690725000106:17:55020:50|{69B58F32-81C2-473F-9659-91823037F5B0}
500011917||20260725|20|XXX14|1|100|690725000106|690725000106:20:XXX14:100|{7559FDF9-E08A-4031-A39F-EB62813E4F32}
500011917||20260725|20|XXX14|1|80|690725000106|690725000106:20:XXX14:80|{ED373648-DAFA-4B8E-868C-06E9BFB4A52C}
500005488||20260725|17|55020|1|50|690725000108|690725000108:17:55020:50|{DD429DEB-1136-401D-A8E4-C512740C2407}
500005488||20260725|20|XXX14|1|100|690725000108|690725000108:20:XXX14:100|{9B3DCA99-660F-4906-B04A-F3741D09E143}
500005488||20260725|20|XXX14|1|80|690725000108|690725000108:20:XXX14:80|{8D1B9CEE-6C60-486C-9E12-9E7648242AA9}
500000996||20260725|16|41003|1|250|690725000109|690725000109:16:41003:250|{3E9F0D56-4776-46FD-A61B-EC2E8BE65FB3}
500000996||20260725|17|55020|1|50|690725000109|690725000109:17:55020:50|{0A7E07EC-00A0-4B57-93F0-C967CBB64C88}
500000996||20260725|17|55320|1|50|690725000109|690725000109:17:55320:50|{83E9F52C-0465-46B5-BBA6-5F22E0C2BBD1}
500000996||20260725|20|XXX14|1|100|690725000109|690725000109:20:XXX14:100|{0BED52FE-8486-4FF7-8655-79B2FB70F446}
500000996||20260725|20|XXX14|1|80|690725000109|690725000109:20:XXX14:80|{84F0247E-3D39-4B50-93E2-D21279CDED73}
560074501||20260725|17|55020|1|50|690725000111|690725000111:17:55020:50|{6B59F064-9EAE-42EB-B368-5EBFF9C0CB41}
560074501||20260725|20|XXX14|1|100|690725000111|690725000111:20:XXX14:100|{B54337E3-91E5-41EC-9ED5-75C2F96D6F58}
560074501||20260725|20|XXX14|1|80|690725000111|690725000111:20:XXX14:80|{6721E095-3EEA-495D-ACB0-55207F4D83E2}
500003970||20260725|17|55020|1|50|690725000112|690725000112:17:55020:50|{D1521E28-6127-4903-AA96-52F64F014A84}
500003970||20260725|20|XXX14|1|100|690725000112|690725000112:20:XXX14:100|{3CA60A30-43D1-4210-A09B-8BA832D4ABD3}
500003970||20260725|20|XXX14|1|80|690725000112|690725000112:20:XXX14:80|{F7B41DC2-B7AC-4407-A226-D0262B982F67}
500001057||20260725|17|55020|1|50|690725000113|690725000113:17:55020:50|{67D92C7D-BB25-4557-96E7-1421BAA1C03B}
500001057||20260725|20|XXX14|1|100|690725000113|690725000113:20:XXX14:100|{314F6578-BC33-4916-BCC0-D1F67911458F}
500001057||20260725|20|XXX14|1|80|690725000113|690725000113:20:XXX14:80|{95C7D942-4CE8-43CE-8B62-F686EEE790B3}
500051609||20260725|17|55020|1|50|690725000115|690725000115:17:55020:50|{9C2102C1-4253-4859-A681-1641244B4E4A}
500051609||20260725|20|XXX14|1|100|690725000115|690725000115:20:XXX14:100|{F1F08FFA-9EB1-4111-A920-CFEAAC889A0F}
500051609||20260725|20|XXX14|1|80|690725000115|690725000115:20:XXX14:80|{746DF383-CA65-4AD8-8A73-E8A7D0D91766}
500015988||20260725|17|55020|1|50|690725000117|690725000117:17:55020:50|{B33ECBD0-79EA-43B0-B7ED-9353280EC696}
500006469||20260725|17|55020|1|50|690725000118|690725000118:17:55020:50|{F6412F25-C9FE-4574-A598-CAFB9D3FFF2D}
500006469||20260725|20|XXX14|1|100|690725000118|690725000118:20:XXX14:100|{7C135A16-AE07-47F0-9B8D-DFF04886CD48}
500006469||20260725|20|XXX14|1|80|690725000118|690725000118:20:XXX14:80|{5D428C5C-4741-480D-9122-964ACB3B9A79}
500020297||20260725|17|55020|1|50|690725000119|690725000119:17:55020:50|{E139566C-DA6F-4C22-8906-81E73930DF19}
500020297||20260725|20|XXX14|1|100|690725000119|690725000119:20:XXX14:100|{81964C48-0569-4509-900F-38536B57C05E}
500020297||20260725|20|XXX14|1|80|690725000119|690725000119:20:XXX14:80|{F9254C39-52A5-4E51-BA30-442EF14A3944}
560075303||20260725|17|55020|1|50|690725000120|690725000120:17:55020:50|{0B2E000A-4A71-4F7D-BC7D-6AB92FC96F77}
560075303||20260725|20|XXX14|1|100|690725000120|690725000120:20:XXX14:100|{CDD801FA-0C34-44D3-99D0-26A6BFF2E7F1}
560075303||20260725|20|XXX14|1|80|690725000120|690725000120:20:XXX14:80|{90914B49-050A-45C0-BD55-8B1CEB3596CC}
690097769||20260725|17|55020|1|50|690725000122|690725000122:17:55020:50|{B26FCED8-661B-4EFB-96CC-5FE335BB3729}
690097769||20260725|20|XXX14|1|100|690725000122|690725000122:20:XXX14:100|{926E2D32-795B-450E-8821-D7AD196B2D79}
690097769||20260725|20|XXX14|1|80|690725000122|690725000122:20:XXX14:80|{0772B6DB-374A-4634-AF3B-0E41785B0485}
690097768||20260725|17|55020|1|50|690725000124|690725000124:17:55020:50|{0707F599-70F3-4F24-A480-433353B6EFA7}
690097768||20260725|20|XXX14|1|100|690725000124|690725000124:20:XXX14:100|{63050567-0874-4115-AB90-8CE0C944A4FD}
690097768||20260725|20|XXX14|1|80|690725000124|690725000124:20:XXX14:80|{F9C996D5-2DB1-482E-8167-161A464E5B55}
500041656||20260725|17|55020|1|50|690725000125|690725000125:17:55020:50|{DA87AA8E-6042-4EB3-8F1E-35B6021C5BBD}
500041656||20260725|20|XXX14|1|100|690725000125|690725000125:20:XXX14:100|{FC1FCE67-38E1-4820-AACA-477903C236F0}
500041656||20260725|20|XXX14|1|80|690725000125|690725000125:20:XXX14:80|{A61D7B8D-CD3D-4AA1-B25D-260AAF3DB3CE}
500030412||20260725|17|55020|1|50|690725000126|690725000126:17:55020:50|{5BF58552-4F37-4542-8F06-D2A6758A1683}
500030412||20260725|20|XXX14|1|100|690725000126|690725000126:20:XXX14:100|{E978746E-38B0-4D9E-99CC-00147794EE8D}
500030412||20260725|20|XXX14|1|80|690725000126|690725000126:20:XXX14:80|{48941B6B-3AEC-4542-AF33-A8F36277B1B7}
680095910||20260725|17|55020|1|50|690725000127|690725000127:17:55020:50|{3F615E02-8A0B-4160-8E40-45D09DBF2154}
680095910||20260725|20|XXX14|1|100|690725000127|690725000127:20:XXX14:100|{BE5E48B3-2014-4B07-84F9-1B6CA176CA16}
680095910||20260725|20|XXX14|1|80|690725000127|690725000127:20:XXX14:80|{32515DF0-2B9A-4844-B9E8-A5A33DF4BC6D}
500048111||20260725|17|55020|1|50|690725000131|690725000131:17:55020:50|{DC8668E0-69DE-4D6B-A3EC-64BF1DC3F040}
500048111||20260725|17|55810|1|70|690725000131|690725000131:17:55810:70|{B1DD1E80-394D-4549-BA50-868AF88FC13A}
500048111||20260725|20|XXX14|1|100|690725000131|690725000131:20:XXX14:100|{0C1F8C2C-A0DD-49CA-A181-F4563D0F8EE8}
500048111||20260725|20|XXX14|1|80|690725000131|690725000131:20:XXX14:80|{EDD5DB8F-2FCC-4151-87FF-010D78121D42}
500018518||20260725|17|55020|1|50|690725000136|690725000136:17:55020:50|{F453C889-E653-43B1-8401-D34DB5553A8A}
500018518||20260725|20|XXX14|1|100|690725000136|690725000136:20:XXX14:100|{DEC38991-71C9-42B0-849A-A92EC182DB2B}
500018518||20260725|20|XXX14|1|80|690725000136|690725000136:20:XXX14:80|{4026724C-6A65-4611-8482-85A9AFA5EFBF}
500059387||20260725|17|55020|1|50|690725000145|690725000145:17:55020:50|{3BED8085-0192-4CE0-AB15-30021BE3FE79}
500059387||20260725|20|XXX14|1|100|690725000145|690725000145:20:XXX14:100|{7D333167-C92A-480E-A0C9-AA7502875D5D}
500059387||20260725|20|XXX14|1|80|690725000145|690725000145:20:XXX14:80|{AEAEFCBB-21E3-48A9-98D1-800FA0F87FB8}
500007553||20260725|17|55020|1|50|690725000146|690725000146:17:55020:50|{B1E19165-69E5-4BF2-BA82-D51D5F95B571}
500007553||20260725|20|XXX14|1|100|690725000146|690725000146:20:XXX14:100|{2796E8CA-F374-4A32-B76B-C09066F6EFA5}
500007553||20260725|20|XXX14|1|80|690725000146|690725000146:20:XXX14:80|{16A0D431-7A26-4C78-A3A9-2AC23EAFDFBA}
500038916||20260725|17|55020|1|50|690725080107|690725080107:17:55020:50|{4CEB6AD0-2450-464E-BF6C-A074F08F86C6}
500038916||20260725|20|XXX14|1|100|690725080107|690725080107:20:XXX14:100|{BB6B5877-0425-42D1-8E7B-8914759CC3FC}
500038916||20260725|20|XXX14|1|80|690725080107|690725080107:20:XXX14:80|{FE640DD3-F389-4C60-8C72-A7C05B6E236F}
680096365||20260725|17|55020|1|50|690725081921|690725081921:17:55020:50|{560CE586-C145-47C6-9836-BE87F728C32D}
680096365||20260725|20|XXX14|1|100|690725081921|690725081921:20:XXX14:100|{24941BB4-C881-4262-BBED-EEFAB55AAC23}
680096365||20260725|20|XXX14|2|500|690725081921|690725081921:20:XXX14:500|{820EA289-D601-4268-A591-1717FF3B6D38}
680096365||20260725|20|XXX14|1|80|690725081921|690725081921:20:XXX14:80|{E8F2FCB3-A57E-4F92-92CF-776C8E11148C}
500003591||20260725|17|55020|1|50|690725090610|690725090610:17:55020:50|{6A1CC252-C6C4-4B30-87FE-58F5448E64F1}
500003591||20260725|20|XXX14|1|100|690725090610|690725090610:20:XXX14:100|{89D64495-3989-43F8-8459-15D7D97354D2}
500003591||20260725|20|XXX14|2|500|690725090610|690725090610:20:XXX14:500|{A682486D-D9F2-4031-95B0-B781440C218F}
500003591||20260725|20|XXX14|1|80|690725090610|690725090610:20:XXX14:80|{8FBD067D-CDD5-4D50-BDAB-5476B3565DA4}
500034589||20260725|17|55020|1|50|690725091341|690725091341:17:55020:50|{C6A01B48-B6A2-46DB-881B-C31FA41750B5}
500034589||20260725|20|XXX14|1|100|690725091341|690725091341:20:XXX14:100|{BB6BB913-2003-42A8-B345-D8E8CE62CB1D}
500034589||20260725|20|XXX14|1|80|690725091341|690725091341:20:XXX14:80|{A0B80048-C044-49D1-8635-F521DC1B81AC}
570078208||20260725|17|55020|1|50|690725092604|690725092604:17:55020:50|{83C2F2B0-AE66-491D-A186-2F504D1BF1AB}
570078208||20260725|20|XXX14|1|100|690725092604|690725092604:20:XXX14:100|{24FBF04D-8F19-4B6A-BDFA-C92D88B2AEBD}
570078208||20260725|20|XXX14|2|500|690725092604|690725092604:20:XXX14:500|{4508E7A0-2863-4645-9033-7B896D67498D}
570078208||20260725|20|XXX14|1|80|690725092604|690725092604:20:XXX14:80|{5DC6BF4E-92E2-490F-850D-CEB7B42753C0}
680095984||20260725|17|55020|1|50|690725092703|690725092703:17:55020:50|{2A2C8812-8507-4371-A0EA-8138B16F7595}
680095984||20260725|20|XXX14|1|100|690725092703|690725092703:20:XXX14:100|{7722E917-3D46-4C0A-AADA-B752FD668C10}
680095984||20260725|20|XXX14|2|500|690725092703|690725092703:20:XXX14:500|{727CDA69-6640-4A16-9F99-D9D6437712CF}
680095984||20260725|20|XXX14|1|80|690725092703|690725092703:20:XXX14:80|{2B20CEAC-E591-48CF-AB69-10E2868749AC}
500047502||20260725|13|58131|1|250|690725094312|690725094312:13:58131:250|{8E0A4065-328F-4E67-991D-94C5C81B7343}
500047502||20260725|17|55020|1|50|690725094312|690725094312:17:55020:50|{75F728CF-E474-40F9-A57D-E425FFFB7A14}
500005044||20260725|17|55020|1|50|690725095947|690725095947:17:55020:50|{6EB13201-2D22-4D79-8F62-E39F80072465}
500005044||20260725|20|XXX14|1|100|690725095947|690725095947:20:XXX14:100|{FA30ED06-6B99-4240-9715-CF5A016EE782}
500005044||20260725|20|XXX14|1|80|690725095947|690725095947:20:XXX14:80|{228DE7C1-5055-49A1-A9FF-CF7C693C2F4F}
500049941||20260725|17|55020|1|50|690725100927|690725100927:17:55020:50|{C5F6107F-8825-46A7-BFEA-87AC57011D5A}
500049941||20260725|20|XXX14|1|100|690725100927|690725100927:20:XXX14:100|{41A85239-2804-4B01-A2AA-4BCAEA739454}
500049941||20260725|20|XXX14|1|80|690725100927|690725100927:20:XXX14:80|{AE1AC5F6-9F56-407A-B3A1-73DECB81681E}
500004917||20260725|17|55020|1|50|690725101239|690725101239:17:55020:50|{6ACB5293-7176-4FA2-A784-4E1FD17F45B3}
500004917||20260725|20|XXX14|1|100|690725101239|690725101239:20:XXX14:100|{43041470-6C53-47EF-896F-A24DAE9D57D3}
500004917||20260725|20|XXX14|2|500|690725101239|690725101239:20:XXX14:500|{876F3FE7-D2B5-4066-A6A7-9802ABC6D855}
500004917||20260725|20|XXX14|1|80|690725101239|690725101239:20:XXX14:80|{6A3A2BE9-2D3C-460E-B1E5-1FF6B97BE2FF}
510026821||20260725|17|55020|1|50|690725101856|690725101856:17:55020:50|{0A3597FB-8BC0-4D47-A357-82E519BBCBA3}
510026821||20260725|20|XXX14|1|100|690725101856|690725101856:20:XXX14:100|{6190A0D8-78C5-45A1-B20D-A059DBA0B71D}
510026821||20260725|20|XXX14|1|80|690725101856|690725101856:20:XXX14:80|{83B58837-100C-4162-9533-C3602F736CE5}
500008912||20260725|17|55020|1|50|690725104328|690725104328:17:55020:50|{51357D4D-B10C-4CC1-879C-3A08CC3C70FA}
500008912||20260725|20|XXX14|1|100|690725104328|690725104328:20:XXX14:100|{52422DBA-151B-45A1-A0B1-8B02BB79BDB7}
500008912||20260725|20|XXX14|2|500|690725104328|690725104328:20:XXX14:500|{42ED1E28-8232-4490-B209-C78124C83C84}
500008912||20260725|20|XXX14|1|80|690725104328|690725104328:20:XXX14:80|{66CCD75B-F432-43F2-AAE8-DDBA1CD7752A}
500051132||20260725|17|55020|1|50|690725110120|690725110120:17:55020:50|{B8DE2EDE-10F7-457E-B2CB-413ACB6B5FFB}
500051132||20260725|20|XXX14|1|100|690725110120|690725110120:20:XXX14:100|{A06A8114-C9F0-46E3-8A3F-14EFB7EAFD1B}
500051132||20260725|20|XXX14|2|500|690725110120|690725110120:20:XXX14:500|{6D3DEA6D-49B3-4F22-A843-31885255358F}
500051132||20260725|20|XXX14|1|80|690725110120|690725110120:20:XXX14:80|{B986B2EA-4624-45B9-BF1C-70CBD2C88111}
500059693||20260725|17|55020|1|50|690725111745|690725111745:17:55020:50|{C2616EFB-EB7D-4B5F-A213-A43A156015B9}
500059693||20260725|20|XXX14|1|100|690725111745|690725111745:20:XXX14:100|{AD7EF98B-7A6C-4316-9AA7-77267A70CA4C}
500059693||20260725|20|XXX14|1|80|690725111745|690725111745:20:XXX14:80|{C105C482-8873-4B4C-BF3F-27349A68523A}
500034731||20260725|17|55020|1|50|690725131548|690725131548:17:55020:50|{CF349945-7313-4C9C-A7DC-255411D03BC8}
500034731||20260725|20|XXX14|1|100|690725131548|690725131548:20:XXX14:100|{2C91E6EB-396D-4C9B-98DF-39FF84808B1B}
500034731||20260725|20|XXX14|1|80|690725131548|690725131548:20:XXX14:80|{83F433DC-FABB-43A8-9512-FE7AEDBF26FC}
680096083||20260725|17|55020|1|50|690725133051|690725133051:17:55020:50|{23218F92-F851-4084-B3DD-DCE4AA238555}
680096083||20260725|20|XXX14|1|100|690725133051|690725133051:20:XXX14:100|{1424F11B-DC84-456F-9659-5FEA14CEC0E5}
680096083||20260725|20|XXX14|1|80|690725133051|690725133051:20:XXX14:80|{7C2DFA2C-5946-41D0-B1FE-5EF4A8D4C1F9}
500031912||20260725|17|55020|1|50|690725135835|690725135835:17:55020:50|{161DC310-3E39-408B-AD74-3ED329FC09C0}
500031912||20260725|20|XXX14|1|100|690725135835|690725135835:20:XXX14:100|{E9B0F537-75B2-486E-B5DB-7078BFCF8DA0}
500031912||20260725|20|XXX14|1|80|690725135835|690725135835:20:XXX14:80|{85558185-777A-4622-9630-4F77FFC4165B}
500031446||20260725|17|55020|1|50|690725141747|690725141747:17:55020:50|{063C5A22-2B80-4E9D-A0FA-C446861B88A5}
500031446||20260725|20|XXX14|1|100|690725141747|690725141747:20:XXX14:100|{6F4FAD72-A2B2-429A-8079-0971A82F1446}
500031446||20260725|20|XXX14|1|80|690725141747|690725141747:20:XXX14:80|{E2FBBF1F-262A-4ECB-8DEE-C4F1FEEA377F}
500014778||20260725|17|55020|1|50|690725143722|690725143722:17:55020:50|{3461C2D0-8671-436D-81A4-A33F0BC9E78F}
500014778||20260725|20|XXX14|1|100|690725143722|690725143722:20:XXX14:100|{AAA79366-B049-4FD0-9A62-819AFF467AE1}
500014778||20260725|20|XXX14|1|80|690725143722|690725143722:20:XXX14:80|{E1B02710-2ACE-4B32-A2FD-44BD0FC93F4F}
500016026||20260725|17|55020|1|50|690725145601|690725145601:17:55020:50|{4C731697-4177-4554-9C3F-7F65EA2A1047}
500016026||20260725|20|XXX14|1|100|690725145601|690725145601:20:XXX14:100|{1CFE994F-5FA3-4EED-A7B0-4E936808D79F}
500016026||20260725|20|XXX14|1|80|690725145601|690725145601:20:XXX14:80|{5F35493D-F34E-4933-81A0-897A6B794CAC}
500009018||20260725|17|55020|1|50|690725145624|690725145624:17:55020:50|{6059B282-1124-41BF-BB90-8A5F923ACD7C}
500009018||20260725|20|XXX14|1|100|690725145624|690725145624:20:XXX14:100|{AF5979F9-4CBC-4DDE-9ED4-885F6D6C1C4E}
500009018||20260725|20|XXX14|1|80|690725145624|690725145624:20:XXX14:80|{FCD93F66-30FA-494D-BFE0-C54C68E7C996}
570078264||20260725|17|55020|1|50|690725150016|690725150016:17:55020:50|{96F9F910-2B03-47DA-B104-B88DA60C6118}
570078264||20260725|20|XXX14|1|100|690725150016|690725150016:20:XXX14:100|{C385AFDE-F956-44C9-8932-9136A0F0697F}
570078264||20260725|20|XXX14|1|80|690725150016|690725150016:20:XXX14:80|{D9DF676F-70ED-4B8C-95C2-4075DBEB34F0}
500007615||20260725|17|55020|1|50|690725150830|690725150830:17:55020:50|{C7DC39FA-726C-4854-ACC4-65AF3D18C754}
500007615||20260725|20|XXX14|1|100|690725150830|690725150830:20:XXX14:100|{365D80DD-8B54-4C2A-B6C5-38CC436029F3}
500007615||20260725|20|XXX14|1|80|690725150830|690725150830:20:XXX14:80|{CC16F0A7-B86E-4F6F-96D7-46ACB5F656FB}
500015442||20260726|17|55811|1|140|690726000001|690726000001:17:55811:140|{2CF1D020-E893-410B-A13A-D1085E5267DA}
500047191||20260726|17|55811|1|140|690726000006|690726000006:17:55811:140|{FF9C966D-3688-428F-AB21-8411C42DE1D7}
500047191||20260726|18|52441|1|0|690726000006|690726000006:18:52441:0|{20F4EB22-3F97-495A-8CF9-1E1F728D9D44}
500055810||20260726|17|55811|1|140|690726000017|690726000017:17:55811:140|{7E4AE620-AA2F-4B6B-AFF6-6BE5DA0487D9}
630087580||20260726|13|58131|1|250|690726000021|690726000021:13:58131:250|{DBD9BB0F-021F-46AA-B2B2-EDB4FAC0F6C6}
630087580||20260726|17|55020|1|50|690726000021|690726000021:17:55020:50|{899779C9-C544-4C21-8EE1-B226CC9BEC41}
500020136||20260726|17|55810|1|70|690726000025|690726000025:17:55810:70|{DDDCEB7D-EAFF-4C8B-BD9B-C4AE562938D6}
550073124||20260726|17|55020|1|50|690726000030|690726000030:17:55020:50|{A950E852-F3F3-44DC-85AF-D75A8D4E4D4E}
550073124||20260726|20|XXX14|3|500|690726000030|690726000030:20:XXX14:500|{BEF066ED-1281-4553-916E-4AF46BAA16A8}
550073124||20260726|20|XXX14|2|60|690726000030|690726000030:20:XXX14:60|{7A9DC86C-A72C-4D3F-9916-60DB8085DB8C}
550073124||20260726|20|XXX14|2|70|690726000030|690726000030:20:XXX14:70|{E7474497-9718-4774-83BF-027989F9679C}
550073124||20260726|20|XXX14|1|80|690726000030|690726000030:20:XXX14:80|{97CFD779-C29F-4C7D-9058-5A67987ADAAE}
500051855||20260726|17|55020|1|50|690726000038|690726000038:17:55020:50|{788DFD33-9892-4CC9-ABA0-25865A478398}
500051855||20260726|20|XXX14|3|500|690726000038|690726000038:20:XXX14:500|{73669C48-BCC8-4BA3-9858-7619DCE17645}
500051855||20260726|20|XXX14|2|60|690726000038|690726000038:20:XXX14:60|{C3E60223-6CA1-4800-8CF1-C7D826DF506E}
500029595||20260726|15|30101|1|90|690726000040|690726000040:15:30101:90|{3E211ED2-C730-4552-B5AD-4273BC99EE2F}
500029595||20260726|15|32203|1|40|690726000040|690726000040:15:32203:40|{4F7CD235-15DA-4461-861C-E42499B65052}
500029595||20260726|17|55020|1|50|690726000040|690726000040:17:55020:50|{214069E1-0884-4072-8A8B-35F4A3CC23CD}
500029595||20260726|17|55811|1|140|690726000040|690726000040:17:55811:140|{6764958B-4133-400B-8A24-D6108CF69E7A}
500029595||20260726|17|55820|1|100|690726000040|690726000040:17:55820:100|{2195C849-89D6-4E48-850F-2CC6B2BC5023}
670095137||20260726|17|55021|1|50|690726000052|690726000052:17:55021:50|{01F0C230-0B1C-426D-B0E7-43B39F759546}
670095137||20260726|17|55320|2|50|690726000052|690726000052:17:55320:50|{FB8004E0-3F5E-414E-BEE8-97A9BFFC4C72}
670095137||20260726|18|52441|1|0|690726000052|690726000052:18:52441:0|{F566B615-2235-45F7-BA4B-6DD16E3201F2}
690097906||20260726|17|55020|1|50|690726083221|690726083221:17:55020:50|{2A7CB230-0924-4D65-8682-64EFBE5D0FD4}
500000194||20260726|15|31001|1|60|690726091112|690726091112:15:31001:60|{09EE4A62-786C-4C0B-96C6-4AE9D1A3ADBB}
500000194||20260726|17|55020|1|50|690726091112|690726091112:17:55020:50|{AC21BC5A-C0DB-4502-ACC5-040C3FABC974}
500000194||20260726|17|55611|1|90|690726091112|690726091112:17:55611:90|{E80C2FDA-C61A-4053-A875-97EE1CECF0FD}
500016863||20260726|16|44101|1|3500|690726105423|690726105423:16:44101:3500|{AFF331FA-D25B-4926-86B1-57FB63A656B1}
500016863||20260726|17|55020|1|50|690726105423|690726105423:17:55020:50|{A52265DB-7EC3-43CA-AE97-6A7A98354EA8}
500048111||20260726|17|55810|1|70|690726133850|690726133850:17:55810:70|{1AE04BDE-CC18-4036-A50C-918294F41854}
500055046||20260726|13|58131|1|250|690726140038|690726140038:13:58131:250|{C3E03464-99A4-44F3-AE54-0A3F6586298A}
500055046||20260726|17|55020|1|50|690726140038|690726140038:17:55020:50|{6314CC21-A40B-4B5B-BB3B-6003B126EC78}
500042888||20260726|17|55020|1|50|690726140245|690726140245:17:55020:50|{4513A13B-7B57-411E-B8D1-0AD7CC75B584}
500056565||20260726|17|55020|1|50|690726141552|690726141552:17:55020:50|{D8580726-DD7A-4D45-9F23-7F0B52C648D2}
500056565||20260726|18|52441|1|0|690726141552|690726141552:18:52441:0|{8B61A3CB-45F8-402A-A09C-2913FF97105D}
500056565||20260726|2|8608|2|800|690726141552|690726141552:2:8608:800|{34507040-6EB6-40A4-BB5E-090BE267E731}
500056565||20260726|20|XXX14|1|100|690726141552|690726141552:20:XXX14:100|{5C8DBA27-D0EE-4682-9F75-A9466EA2FA8E}
500056565||20260726|20|XXX14|1|80|690726141552|690726141552:20:XXX14:80|{76CF1C15-314E-403D-B2BE-54E18FB7F7CE}
500046175||20260726|17|55021|1|50|690726203347|690726203347:17:55021:50|{6122FA6E-DEA7-40AD-A448-1AF9551DE463}
500046175||20260726|17|55811|1|140|690726203347|690726203347:17:55811:140|{8F92B17C-139B-4338-88E3-1E246E7F7AEB}
500046175||20260726|17|55823|1|20|690726203347|690726203347:17:55823:20|{5DBF2706-A3CA-46D0-BF64-20D72F1C37D9}
500046175||20260726|19|71830|1|385|690726203347|690726203347:19:71830:385|{140E23D3-54EA-429C-9CC8-199E3137C6C2}
500040897||20260727|11||2|0|690727000004|690727000004:11::0|{815459BA-17CB-4B83-824C-FBB312176A7E}
500040897||20260727|17|55021|1|50|690727000004|690727000004:17:55021:50|{74DF5050-E880-4B68-869B-62A348F8DB4F}
500040897||20260727|18|52441|1|0|690727000004|690727000004:18:52441:0|{0A669070-FD4D-473A-83C5-1632D979A4E6}
500003551||20260727|17|55021|1|50|690727000007|690727000007:17:55021:50|{F4F2FCBF-7D26-4B6B-AFDD-907CD1113F92}
500003551||20260727|18|52441|1|0|690727000007|690727000007:18:52441:0|{8BB1E014-C4FE-4EFF-8F44-E1435CE473C4}
510062893||20260727|15|32103|1|40|690727000017|690727000017:15:32103:40|{BE00C1FB-1BA8-4252-A3B3-A87BB30698F8}
510062893||20260727|15|32202|1|40|690727000017|690727000017:15:32202:40|{4282CF02-2E82-4772-9C4B-0280D5FC66A3}
510062893||20260727|15|32205|1|60|690727000017|690727000017:15:32205:60|{A1913D15-680B-422B-AEC4-6B6A05BB8A7F}
510062893||20260727|17|55021|1|50|690727000017|690727000017:17:55021:50|{AAC56AAB-0567-4BC2-8C11-A22B4E6C5260}
510062893||20260727|18|52441|1|0|690727000017|690727000017:18:52441:0|{745AB542-A24E-48FC-851F-0E0E7A2C9C09}
500046175||20260727|17|55021|1|50|690727000034|690727000034:17:55021:50|{19F6CE78-6081-4D61-BFD8-D2514F298428}
500046175||20260727|17|55810|1|70|690727000034|690727000034:17:55810:70|{FADFF43E-F4E7-4AC5-8066-CEBDEBF25304}
500012295||20260727|17|55021|1|50|690727000039|690727000039:17:55021:50|{3DEADAEB-3882-4CBD-B2DD-B7685259FFE2}
500012295||20260727|18|52441|1|0|690727000039|690727000039:18:52441:0|{38D533A0-0FBA-4B8B-87D3-810BEBD0B2FE}
500047191||20260727|17|55021|1|50|690727000040|690727000040:17:55021:50|{4B4DE461-8954-4C76-A1AB-663EA0F15670}
500047191||20260727|17|55811|1|140|690727000040|690727000040:17:55811:140|{6811AD57-BD37-4456-97BA-CDB07EC5E00E}
500027265||20260727|17|55021|1|50|690727000045|690727000045:17:55021:50|{E8873800-F78F-4382-9BC7-A92E5E766D25}
500027265||20260727|18|52441|1|0|690727000045|690727000045:18:52441:0|{848FC9A0-9864-44D7-AD34-E11EF59BB653}
500027265||20260727|20|XXX14|1|100|690727000045|690727000045:20:XXX14:100|{2641E0FA-23D0-479D-AE2E-B6271D74B284}
500034912||20260727|11||20|3|690727000050|690727000050:11::3|{17F4A4DE-8EB6-4235-8220-FDF3CEAF1333}
500034912||20260727|15|30104|1|30|690727000050|690727000050:15:30104:30|{0299BB02-114B-4A64-9F80-87508EF380FE}
500034912||20260727|15|31004|1|10|690727000050|690727000050:15:31004:10|{AD873969-EAF9-48AD-951C-099D7D9EF9FB}
500034912||20260727|15|32004|1|200|690727000050|690727000050:15:32004:200|{15D3393F-022E-421C-A2B3-970DDF60A22D}
500034912||20260727|15|32103|1|40|690727000050|690727000050:15:32103:40|{6E95CBB8-56FC-4CA0-8833-4F089589FE3E}
500034912||20260727|15|32201|1|40|690727000050|690727000050:15:32201:40|{6CE5CAC9-3570-4789-9201-076EC9A2F304}
500034912||20260727|15|32202|1|40|690727000050|690727000050:15:32202:40|{A2371178-AC12-4301-9F87-766ED55FBA7E}
500034912||20260727|15|32203|1|40|690727000050|690727000050:15:32203:40|{B6C88EB6-9AB3-4FC7-A4F0-274B05036A95}
500034912||20260727|15|32205|1|60|690727000050|690727000050:15:32205:60|{50853116-A602-4CC6-886A-100DD2266CC9}
500034912||20260727|15|32401|1|150|690727000050|690727000050:15:32401:150|{C76AB994-04E2-4FF6-A15D-E0016E7E8C8F}
500034912||20260727|15|34116|1|270|690727000050|690727000050:15:34116:270|{95CDEB92-17F0-4884-AB1B-820A7BEFFEFA}
500034912||20260727|16|41003|1|250|690727000050|690727000050:16:41003:250|{31F62FF5-26D0-48B7-9A8A-071C27E73221}
500034912||20260727|17|55021|1|50|690727000050|690727000050:17:55021:50|{1F1F9224-179A-4F56-98C7-EA2BE81AF7F9}
500034912||20260727|17|55824|1|20|690727000050|690727000050:17:55824:20|{C4DCFFF8-62D3-498D-89B9-31B1586042B2}
500034912||20260727|18|52441|1|0|690727000050|690727000050:18:52441:0|{195B7664-47D1-4316-9924-0A3FAF9F4778}
500034912||20260727|19|71220|1|50|690727000050|690727000050:19:71220:50|{98314B1C-93EE-4A33-86DE-07F44630E42D}
500001470||20260727|12|64101|1|280|690727000070|690727000070:12:64101:280|{A3BCBFDE-CB1C-49D5-811B-21031F3B812A}
500001470||20260727|12|XXX13|2|0|690727000070|690727000070:12:XXX13:0|{7E495284-E5AA-4FDD-8466-CB3E6635DFF6}
500001470||20260727|17|55021|1|50|690727000070|690727000070:17:55021:50|{BBB51706-3583-42B1-A367-277E12CEC333}
670095137||20260727|17|55021|1|50|690727000074|690727000074:17:55021:50|{DE83037B-4CB5-419C-BAE1-9884403AF89C}
670095137||20260727|17|55320|1|50|690727000074|690727000074:17:55320:50|{CB60C1E0-C85B-48E6-9FBF-E60412AC9423}
640091794||20260727|12|64101|1|280|690727000081|690727000081:12:64101:280|{03084B51-204C-4569-86D5-F0A0491110C1}
640091794||20260727|12|XXX13|2|0|690727000081|690727000081:12:XXX13:0|{5BF93810-7635-464A-BAA8-AE356E944EE8}
640091794||20260727|17|55020|1|50|690727000081|690727000081:17:55020:50|{296F7DA9-6066-4854-8CFF-74CB7851C686}
500029595||20260727|17|55020|1|50|690727000084|690727000084:17:55020:50|{9D2B6FB0-BB1D-4006-9DD8-BCEF81283074}
500029595||20260727|17|55811|1|140|690727000084|690727000084:17:55811:140|{ED247703-84F6-4102-B6CB-F10E5846B969}
500053749||20260727|15|32608|1|170|690727000096|690727000096:15:32608:170|{15A8558C-7FF0-4DDA-B3F0-B718DA50E803}
500053749||20260727|15|32612|1|170|690727000096|690727000096:15:32612:170|{345CF779-1A68-4259-97E6-0FEE02357C40}
500053749||20260727|17|55020|1|50|690727000096|690727000096:17:55020:50|{8895E8C3-4A20-41D9-9DC1-9A309503CBC0}
500011392||20260727|17|55020|1|50|690727000115|690727000115:17:55020:50|{47B951C6-5920-410B-A1AB-3B0C7A1BC756}
500011392||20260727|20|XXX14|3|500|690727000115|690727000115:20:XXX14:500|{5315AC8D-F9B3-499B-9C21-F3C387D67F0E}
500011392||20260727|20|XXX14|2|70|690727000115|690727000115:20:XXX14:70|{8FCDEF77-C609-49AF-A1FB-85693DFFDB6B}
500035980||20260727|15|30101|1|90|690727000116|690727000116:15:30101:90|{18397275-7B82-4B73-B101-3F247F0F3EA8}
500035980||20260727|15|32003|1|290|690727000116|690727000116:15:32003:290|{9CB772A7-510F-4D6C-A939-6F148F8C48B8}
500035980||20260727|15|32201|1|40|690727000116|690727000116:15:32201:40|{A3FBD7BD-4DA5-4617-8D64-5081C8D429B7}
500035980||20260727|15|32202|1|40|690727000116|690727000116:15:32202:40|{4614DEC2-BAEB-4B2D-8D34-C139AC84F5CE}
500035980||20260727|15|36320|1|1800|690727000116|690727000116:15:36320:1800|{79DC7957-DEB9-44D4-B6AC-578F016018FE}
500035980||20260727|15|36350|1|220|690727000116|690727000116:15:36350:220|{4F76D457-0DA5-4A17-8594-C1EDEEE1CA3D}
500035980||20260727|15|37302|1|250|690727000116|690727000116:15:37302:250|{1B287A8C-6739-4031-89AB-DDFE2FE2BD90}
500035980||20260727|17|55020|1|50|690727000116|690727000116:17:55020:50|{4E7E30E7-5658-4345-BDCB-CB53CE5C092F}
500034484||20260727|12|XXX13|2|0|690727000126|690727000126:12:XXX13:0|{E1E03542-26C6-4B32-B278-7FA8FE772204}
500034484||20260727|17|55020|1|50|690727000126|690727000126:17:55020:50|{0840F538-4563-42E8-A561-FE9018C726AE}
500027358||20260727|17|55020|1|50|690727000135|690727000135:17:55020:50|{E849398A-C8B6-4576-B760-F7A1D708DEA5}
500027358||20260727|17|55811|1|140|690727000135|690727000135:17:55811:140|{36837483-D94D-45B8-9DE2-351FC5DDF3F5}
500008129||20260727|17|55020|1|50|690727000137|690727000137:17:55020:50|{3ABCB983-71B5-48AE-A131-ADDA48C62EC4}
670095153||20260727|17|55020|1|50|690727000140|690727000140:17:55020:50|{5E40EB90-4523-459E-8BCB-DF828839FC77}
670095153||20260727|17|55810|1|70|690727000140|690727000140:17:55810:70|{50A5DD8A-3C20-4E0A-8FEF-64F2F24973F2}
500047716||20260727|15|30104|1|30|690727000151|690727000151:15:30104:30|{AFAC64EC-E934-489C-A06D-BDBF460CFFD2}
500002610||20260727|15|30104|1|30|690727000158|690727000158:15:30104:30|{961BEB9D-D3FB-4E55-B39E-5C047D09E6FF}
500000853||20260727|13|58001|1|150|690727000213|690727000213:13:58001:150|{1A797A8D-78FB-4BE6-9952-8B3716C41C6B}
500009939||20260727|17|55020|1|50|690727000214|690727000214:17:55020:50|{E70A57B4-4062-441B-B8DE-AF5CE7D20AD7}
500009939||20260727|20|XXX14|3|500|690727000214|690727000214:20:XXX14:500|{554B5021-F185-464E-8309-4EDE5C599817}
500009939||20260727|20|XXX14|1|60|690727000214|690727000214:20:XXX14:60|{C56A3AEC-B4E2-45A6-9F65-61FEFEF3A0F8}
500009939||20260727|20|XXX14|2|70|690727000214|690727000214:20:XXX14:70|{3BE7E12B-65BC-4617-BBCC-BFF04BDE3E8D}
570078208||20260727|20|XXX14|1|100|690727000226|690727000226:20:XXX14:100|{03853236-377F-4415-BD3D-8D5F2CB73EE8}
570078208||20260727|20|XXX14|3|500|690727000226|690727000226:20:XXX14:500|{849C0A29-9FF0-422F-8C96-C1918ED54F89}
570078208||20260727|20|XXX14|1|70|690727000226|690727000226:20:XXX14:70|{CD25E43C-D7A9-4294-BD1F-977FF1AE57A0}
570078208||20260727|20|XXX14|1|80|690727000226|690727000226:20:XXX14:80|{1F3A9683-CC84-4C1F-B597-0E8A8FCD8669}
570078207||20260727|17|55020|1|50|690727000227|690727000227:17:55020:50|{32BECC73-66A7-47C4-B519-5721736190F3}
570078207||20260727|20|XXX14|1|100|690727000227|690727000227:20:XXX14:100|{E94E33F6-50D5-438C-B8F4-094D3A41A4FC}
570078207||20260727|20|XXX14|3|500|690727000227|690727000227:20:XXX14:500|{A14FCFE6-63F7-4CD6-B4F7-24E4884CB9B5}
570078207||20260727|20|XXX14|1|80|690727000227|690727000227:20:XXX14:80|{7BDF2053-FC2F-42D4-90B9-73E42710B4C3}
500048111||20260727|17|55020|1|50|690727000230|690727000230:17:55020:50|{6A039EA7-56CF-4518-AD9D-5687BE9A6A7C}
500048111||20260727|17|55810|1|70|690727000230|690727000230:17:55810:70|{80D38EAA-A44B-4BF2-A752-482280B311BF}
500018518||20260727|17|55020|1|50|690727000231|690727000231:17:55020:50|{318B3EE3-36CD-429B-B126-B342184314B2}
500018518||20260727|20|XXX14|1|100|690727000231|690727000231:20:XXX14:100|{AF55EA8E-20E5-47F2-BEE5-3F6BFD7B0DA2}
500018518||20260727|20|XXX14|3|500|690727000231|690727000231:20:XXX14:500|{177CD524-D6A5-4D7F-BCC7-95F769FD6A2D}
500018518||20260727|20|XXX14|1|70|690727000231|690727000231:20:XXX14:70|{F6BDDAA2-7EA6-49BC-A432-49D45AA4E677}
500018518||20260727|20|XXX14|1|80|690727000231|690727000231:20:XXX14:80|{64D96853-EF80-4014-944C-013312421829}
570078264||20260727|17|55020|1|50|690727000234|690727000234:17:55020:50|{6BEE40A6-18D9-48CC-AA40-B9EAEAE7F032}
570078264||20260727|20|XXX14|1|100|690727000234|690727000234:20:XXX14:100|{0472BEC5-0D15-417B-B84E-B362792653A9}
570078264||20260727|20|XXX14|2|60|690727000234|690727000234:20:XXX14:60|{0E6435D6-F598-4A40-A01C-496B86E3DA76}
570078264||20260727|20|XXX14|1|80|690727000234|690727000234:20:XXX14:80|{1055B13A-511E-414C-B9D8-E5CADF029498}
520065582||20260727|17|55020|1|50|690727000236|690727000236:17:55020:50|{F64BFD5F-782C-4922-8553-A15532E6C1A7}
520065582||20260727|20|XXX14|1|100|690727000236|690727000236:20:XXX14:100|{8B6C3151-00E9-40D0-96AA-AAA968685F50}
520065582||20260727|20|XXX14|3|500|690727000236|690727000236:20:XXX14:500|{08174E4D-B66B-45E3-87E8-74159524CD64}
520065582||20260727|20|XXX14|1|70|690727000236|690727000236:20:XXX14:70|{2FE6ADAB-9E86-47AF-96E6-A277093964A6}
520065582||20260727|20|XXX14|1|80|690727000236|690727000236:20:XXX14:80|{DB5E3AF5-C72A-4C7F-B4A7-9C6424AC1AD6}
500006751||20260727|17|55020|1|50|690727000242|690727000242:17:55020:50|{D9FEF452-45FF-430B-870B-DBBE3890EAD2}
500006751||20260727|20|XXX14|1|100|690727000242|690727000242:20:XXX14:100|{675DC23E-0802-4FAF-8135-9D122B312E17}
500006751||20260727|20|XXX14|3|500|690727000242|690727000242:20:XXX14:500|{9899F5B5-6049-43ED-BD8F-6968AE970F7D}
500006751||20260727|20|XXX14|1|80|690727000242|690727000242:20:XXX14:80|{EC4882BF-D2DD-4901-9098-A6A3A4982EFE}
500018234||20260727|17|55020|1|50|690727000243|690727000243:17:55020:50|{1AD31C0D-5E30-4480-AB9D-B3D3B062F004}
500018234||20260727|20|XXX14|1|100|690727000243|690727000243:20:XXX14:100|{5B639A91-158B-4109-8161-191386741A52}
500018234||20260727|20|XXX14|3|500|690727000243|690727000243:20:XXX14:500|{49EB9526-F342-441F-9301-F952053351FD}
500018234||20260727|20|XXX14|1|80|690727000243|690727000243:20:XXX14:80|{AA991D7C-DEAC-4DF9-8A3A-2A032A2F45D6}
500012126||20260727|17|55020|1|50|690727000244|690727000244:17:55020:50|{D436F6D3-84CA-4893-AE91-6E88B8CE954B}
500012126||20260727|20|XXX14|1|100|690727000244|690727000244:20:XXX14:100|{9D320DF5-18D0-4751-ABA9-AA510213B765}
500012126||20260727|20|XXX14|3|500|690727000244|690727000244:20:XXX14:500|{B76C7B62-BBF9-4381-AC4D-4DB289E1F066}
500012126||20260727|20|XXX14|1|80|690727000244|690727000244:20:XXX14:80|{1C90999E-231E-4595-9422-E30FE07CBD78}
500048970||20260727|17|55020|1|50|690727000246|690727000246:17:55020:50|{57081D81-9DBD-41F4-9482-F0E8CC619E69}
500048970||20260727|20|XXX14|1|100|690727000246|690727000246:20:XXX14:100|{ACAF9863-9935-404F-8870-93F01CDB7C90}
500048970||20260727|20|XXX14|3|500|690727000246|690727000246:20:XXX14:500|{7AA495E1-2CAC-4C84-8255-AEBAFBF03897}
500048970||20260727|20|XXX14|1|80|690727000246|690727000246:20:XXX14:80|{E4C30C57-5832-461A-9B5A-BDEDB5E46843}
500056774||20260727|17|55020|1|50|690727000256|690727000256:17:55020:50|{0A067FEC-714D-48F8-A5AC-342ECD8267A3}
500056774||20260727|20|XXX14|1|100|690727000256|690727000256:20:XXX14:100|{A5FCC0BC-59F4-4CCB-BAFA-E3B2EA346E30}
500056774||20260727|20|XXX14|3|500|690727000256|690727000256:20:XXX14:500|{DF8959EF-8D79-4074-97EE-24711DA48E43}
500056774||20260727|20|XXX14|1|80|690727000256|690727000256:20:XXX14:80|{96C1BA46-EA7C-465B-A5FC-AA743EE93EC6}
590080075||20260727|17|55020|1|50|690727000257|690727000257:17:55020:50|{BA6A9E91-BF9A-4F45-93B5-203114B7309F}
590080075||20260727|20|XXX14|1|100|690727000257|690727000257:20:XXX14:100|{F4BB0978-5B2D-4A29-ACB3-399F9CDDBFCB}
590080075||20260727|20|XXX14|1|80|690727000257|690727000257:20:XXX14:80|{2A01B7C7-CFB2-452E-89F3-A17A379AD39E}
500035249||20260727|17|55021|1|50|690727000273|690727000273:17:55021:50|{BCCBFF45-1976-40F9-B3DF-479536BFF793}
500024027||20260727|17|55021|1|50|690727002722|690727002722:17:55021:50|{7CEAA0D5-7C16-4A98-A100-151641D242A9}
500024027||20260727|17|55822|2|20|690727002722|690727002722:17:55822:20|{7E307CD4-4B2D-4CBE-A886-CBA9EF71D50D}
500024027||20260727|9|51410|1|200|690727002722|690727002722:9:51410:200|{7988BB3D-1DC6-4944-AA57-351F209F37E0}
500010151||20260727|15|30104|1|30|690727064321|690727064321:15:30104:30|{EB5C1BF1-4126-46B3-A0A8-022E90D3EEFB}
500010151||20260727|15|31004|1|10|690727064321|690727064321:15:31004:10|{298712CA-47D9-4FFB-A753-CC62328FA87F}
500010151||20260727|15|32004|1|200|690727064321|690727064321:15:32004:200|{DF0C42C3-23ED-49BF-8564-D6C4A3AC20AB}
500010151||20260727|15|32103|1|40|690727064321|690727064321:15:32103:40|{4D19B13C-8655-4FDB-B343-809AD508F9D4}
500010151||20260727|15|32201|1|40|690727064321|690727064321:15:32201:40|{DFCEE909-CCDA-4533-B084-3A012F59FABB}
500010151||20260727|15|32202|1|40|690727064321|690727064321:15:32202:40|{DC66645E-AC5E-4615-8718-6D93E244C81D}
500010151||20260727|15|32203|1|40|690727064321|690727064321:15:32203:40|{D4D41890-990D-4356-80D0-3B6D81A1705A}
500010151||20260727|15|32205|1|60|690727064321|690727064321:15:32205:60|{7B07570A-6B4F-45EC-9575-21C53B033266}
500010151||20260727|15|34116|1|270|690727064321|690727064321:15:34116:270|{1A44FF2B-C790-4B58-BD99-557FE0FC9D06}
500010151||20260727|17|55021|1|50|690727064321|690727064321:17:55021:50|{F0518962-F9A3-4FE4-A3EE-E820119CC876}
500010151||20260727|18|52441|1|0|690727064321|690727064321:18:52441:0|{E5A75B89-F72B-44DC-9641-B1F56B03830B}
500026688||20260727|17|55021|1|50|690727072929|690727072929:17:55021:50|{88197B78-27B2-492A-80FF-55C12070FC7D}
500026688||20260727|20|XXX14|1|100|690727072929|690727072929:20:XXX14:100|{31AAA1D1-0881-416B-86F2-86DF648BE08A}
540071838||20260727|17|55021|1|50|690727075601|690727075601:17:55021:50|{1F17F2F2-E2F1-4149-9EC5-F3D7F53B1FD3}
500010797||20260727|15|30101|1|90|690727075943|690727075943:15:30101:90|{8ABD2AF1-2619-46F9-A16D-FBCD0E47196A}
500010797||20260727|17|55021|1|50|690727075943|690727075943:17:55021:50|{22BCDC1B-F553-49F0-A638-818DB8300151}
500010798||20260727|17|55020|1|50|690727080133|690727080133:17:55020:50|{56D94989-6D52-4FDF-8A2F-D36A2FC7D87C}
630087963||20260727|17|55020|1|50|690727083219|690727083219:17:55020:50|{FDD239F0-217A-42CE-AA29-7E55C99B60E8}
500027567||20260727|15|30101|1|90|690727085235|690727085235:15:30101:90|{8295CAB3-8510-4768-8AFE-767F8E64DC67}
500027567||20260727|15|31001|1|60|690727085235|690727085235:15:31001:60|{766ED7E1-7DCF-4377-AEF4-CC01D781EF74}
500027567||20260727|15|32001|1|100|690727085235|690727085235:15:32001:100|{594F890D-F4F8-47DE-BB25-A9FE81B56284}
500027567||20260727|15|32003|1|290|690727085235|690727085235:15:32003:290|{31C9BFBB-3C49-4EB8-835D-F60B0AE99B74}
500027567||20260727|15|32201|1|40|690727085235|690727085235:15:32201:40|{ED96FAC4-7DC9-4FE6-8B39-9B6A441D310F}
500027567||20260727|15|32202|1|40|690727085235|690727085235:15:32202:40|{0648C342-ED10-42D2-95EB-8A85EBDCBE5E}
500027567||20260727|16|41003|1|250|690727085235|690727085235:16:41003:250|{466DC686-3B6B-47E9-B31A-35AADA155C7F}
500027567||20260727|17|55020|1|50|690727085235|690727085235:17:55020:50|{97E9E584-CB63-4055-BEA7-AAB2A70EB9D2}
500027567||20260727|17|55822|2|20|690727085235|690727085235:17:55822:20|{CB01C012-C759-4C67-AB68-DED1A237AA94}
500029744||20260727|17|55020|1|50|690727090448|690727090448:17:55020:50|{ADCDCB02-A67A-475D-9462-0F8734F38D50}
500003172||20260727|16|41003|1|250|690727092537|690727092537:16:41003:250|{201CFB33-8B82-41AD-9AA9-C853FFFEFFDA}
500003172||20260727|17|55020|1|50|690727092537|690727092537:17:55020:50|{334E19BF-3219-466F-8181-FC5EFD369228}
500003172||20260727|17|55823|1|20|690727092537|690727092537:17:55823:20|{4B932E5E-706C-4F91-A5BB-3A26AA1C9116}
500008651||20260727|17|55020|1|50|690727092642|690727092642:17:55020:50|{EE311846-F16C-4A32-8050-04F53A75C81A}
500027188||20260727|17|55020|1|50|690727094523|690727094523:17:55020:50|{A87DC9F0-E0A9-4934-8223-D67F034B2825}
550072826||20260727|17|55020|1|50|690727105033|690727105033:17:55020:50|{26245921-B63E-4B8F-8D39-4D1DCF1AFBB1}
550072826||20260727|17|55611|1|90|690727105033|690727105033:17:55611:90|{26CEC57A-18DC-49AD-B2B8-552E2857ABCC}
570077155||20260727|15|31001|1|60|690727105948|690727105948:15:31001:60|{6EFDA9AD-059B-4E97-8600-7E3704DFC61A}
570077155||20260727|15|31101|1|70|690727105948|690727105948:15:31101:70|{D23A4F6F-95AD-4A9F-A1F1-DC38A608C4F0}
570077155||20260727|17|55020|1|50|690727105948|690727105948:17:55020:50|{50ADED6D-2098-4E9D-98C2-D810C52FB2EB}
570077155||20260727|4|30014|1|75|690727105948|690727105948:4:30014:75|{4C192129-F147-4AAD-AD62-0E9BDAE10B4F}
500001140||20260727|17|55020|1|50|690727112807|690727112807:17:55020:50|{532FD0D0-5AB1-4166-8919-74ECC3617D4D}
500006324||20260727|17|55020|1|50|690727133909|690727133909:17:55020:50|{78FEFC23-AA5C-4169-B598-6F3A095912E9}
500040524||20260727|17|55020|1|50|690727141417|690727141417:17:55020:50|{593F1F6A-4F3D-4564-8866-0C02C7621F0F}
500040524||20260727|20|XXX14|1|100|690727141417|690727141417:20:XXX14:100|{89EF0A90-398B-4AE0-9F75-83779FCB20C7}
500040524||20260727|20|XXX14|3|500|690727141417|690727141417:20:XXX14:500|{F09693A2-9643-4289-877C-BCBE0790FB92}
500040524||20260727|20|XXX14|1|80|690727141417|690727141417:20:XXX14:80|{42418E80-71E4-40E9-B25D-C38030BE0688}
500011591||20260727|17|55020|1|50|690727141453|690727141453:17:55020:50|{8184CD63-CC96-4DA9-B4F4-208415D8531E}
500011591||20260727|20|XXX14|1|100|690727141453|690727141453:20:XXX14:100|{B22E57B7-C75F-4016-AAA4-4A0FB3921F6C}
500011591||20260727|20|XXX14|3|500|690727141453|690727141453:20:XXX14:500|{3A998535-D215-4F0B-98A1-850A02C17BA5}
500011591||20260727|20|XXX14|1|80|690727141453|690727141453:20:XXX14:80|{71BDC422-A5CC-4C98-9213-455EC8ED6988}
500025810||20260727|17|55020|1|50|690727143253|690727143253:17:55020:50|{896854E8-6D85-415C-A3E6-85BCB82E67A2}
500025810||20260727|2|8307|1|1000|690727143253|690727143253:2:8307:1000|{4AC59971-685C-47C4-882B-CF35C6CF8A1B}
500025810||20260727|20|XXX14|1|100|690727143253|690727143253:20:XXX14:100|{AD49ACC1-A334-4D13-B897-5BAFC3ED8C18}
500025810||20260727|20|XXX14|3|500|690727143253|690727143253:20:XXX14:500|{1540D081-2E4F-4788-8A40-844894C6C15A}
500025810||20260727|20|XXX14|1|80|690727143253|690727143253:20:XXX14:80|{341A82A6-7897-4F22-9EFF-56C61A839CB0}
500000500||20260727|17|55020|1|50|690727143838|690727143838:17:55020:50|{1766D8A2-FC0B-4BE5-A467-E09169521119}
500000500||20260727|20|XXX14|1|100|690727143838|690727143838:20:XXX14:100|{F6CF864F-DEDC-4A5E-A196-0B0F0D7CCF58}
500000500||20260727|20|XXX14|3|500|690727143838|690727143838:20:XXX14:500|{7D2B921D-143B-43D5-B262-9BC2D9E210BE}
500000500||20260727|20|XXX14|1|80|690727143838|690727143838:20:XXX14:80|{DDF8192B-87DD-476A-8EC8-23E31FF4636B}
500013426||20260727|17|55020|1|50|690727150251|690727150251:17:55020:50|{C401F4FF-979B-4DCD-8BBE-5F7B83D5C621}
540071883||20260727|17|55020|1|50|690727152835|690727152835:17:55020:50|{C2D40CD3-B162-4E54-867A-2DC0CE4B93FD}
500015442||20260727|17|55811|1|140|690727160203|690727160203:17:55811:140|{DC92814F-6E2F-4D5C-BF6C-FA775CD98A79}
670095137||20260727|17|55320|1|50|690727171255|690727171255:17:55320:50|{B7B50751-75AF-4F5C-8E7C-89ABE7DC696E}
500059649||20260727|17|55020|1|50|690727172649|690727172649:17:55020:50|{8AF2AB8D-67BF-4755-8B38-B2140C0BE220}
500059649||20260727|20|XXX14|1|100|690727172649|690727172649:20:XXX14:100|{1BBB1C24-B3A5-453F-862B-4039E874E307}
500059649||20260727|20|XXX14|3|500|690727172649|690727172649:20:XXX14:500|{837C1166-2DCD-4FBA-8E5B-004DBE0561D3}
500059649||20260727|20|XXX14|1|70|690727172649|690727172649:20:XXX14:70|{A39E76DF-44E7-4069-96EF-B2A619D52464}
500059649||20260727|20|XXX14|1|80|690727172649|690727172649:20:XXX14:80|{25F3921F-E9F7-438C-86AB-A6BFE3FC6491}
690097915||20260727|17|55020|1|50|690727183905|690727183905:17:55020:50|{73A1C6D7-BF38-4040-AA1B-74FBCFB670CC}
690097915||20260727|20|XXX14|1|100|690727183905|690727183905:20:XXX14:100|{87A8B2FE-8E84-43DB-80A2-C482EA320BA7}
690097915||20260727|20|XXX14|3|500|690727183905|690727183905:20:XXX14:500|{13B8D3E2-F033-42FA-B7B4-13B289E8F077}
690097915||20260727|20|XXX14|1|70|690727183905|690727183905:20:XXX14:70|{241FD3B8-ECB3-4D22-9895-48AB4F376876}
690097915||20260727|20|XXX14|1|80|690727183905|690727183905:20:XXX14:80|{25140E23-9C54-421A-B1DC-B3D3B1C28719}
500047191||20260728|17|55811|1|140|690728000008|690728000008:17:55811:140|{ECCD1AC6-47EC-418C-BFF7-17E0FD3676C6}
500029595||20260728|17|55020|1|50|690728000021|690728000021:17:55020:50|{CEFB4CB5-3C6E-45D9-8B0C-EE074486921F}
500029595||20260728|17|55811|1|140|690728000021|690728000021:17:55811:140|{E6A814C1-C7A7-46D5-8A9A-F6560102545C}
510063374||20260728|12|XXX13|2|0|690728000026|690728000026:12:XXX13:0|{3465F06A-D6A2-448D-A34A-DD61631C683E}
510063374||20260728|16|41202|1|80|690728000026|690728000026:16:41202:80|{066C8385-D8DD-46C5-A506-DB7230BDD428}
510063374||20260728|17|55020|1|50|690728000026|690728000026:17:55020:50|{2306E0DA-1B02-4245-887D-9BF068C79CC3}
500025990||20260728|13|58130|1|250|690728000045|690728000045:13:58130:250|{88A8DD91-73DD-4EC4-8B0C-93672D7C77B4}
500025990||20260728|17|55020|1|50|690728000045|690728000045:17:55020:50|{F373E947-39E6-4255-B816-3D1A8C8C893D}
500025990||20260728|17|55823|1|20|690728000045|690728000045:17:55823:20|{3E87413B-07C5-4DDE-BED7-EBF0A75480FF}
500025990||20260728|2|8608|2|800|690728000045|690728000045:2:8608:800|{F5AADD7D-E9AB-4EA9-B839-372994E377F9}
500002569||20260728|17|55020|1|50|690728000047|690728000047:17:55020:50|{86CE9F4E-94CB-402C-8A74-324014500567}
500002569||20260728|20|XXX14|3|500|690728000047|690728000047:20:XXX14:500|{34BEA5F4-2919-4B78-9E55-D6D75B67F558}
500002569||20260728|20|XXX14|2|70|690728000047|690728000047:20:XXX14:70|{BA5155A0-EC1B-4237-8C44-191A5AE79FDA}
500046175||20260728|17|55020|1|50|690728000048|690728000048:17:55020:50|{E84BE887-437A-4ED8-BEC9-44D1C74A9C60}
500046175||20260728|17|55810|1|70|690728000048|690728000048:17:55810:70|{0126CD9F-7875-4B2F-AA0F-94006456B276}
500042873||20260728|17|55020|1|50|690728000049|690728000049:17:55020:50|{E574049C-20BF-4918-99B8-531BC6F44F73}
500042873||20260728|20|XXX14|1|100|690728000049|690728000049:20:XXX14:100|{F57AFAB7-DCA2-494C-AC9E-7907EDCCFE62}
500042873||20260728|20|XXX14|3|500|690728000049|690728000049:20:XXX14:500|{28B79FD5-BF5A-4036-8DA1-1F16DDCFEB47}
500042873||20260728|20|XXX14|1|70|690728000049|690728000049:20:XXX14:70|{2E2F9F6C-5D76-4241-9C8D-900A3ACBAD23}
500042873||20260728|20|XXX14|1|80|690728000049|690728000049:20:XXX14:80|{48FC9C1A-172E-478F-85C0-DDD3157FE74B}
550073124||20260728|17|55020|1|50|690728000054|690728000054:17:55020:50|{3B3F064B-1279-4FD6-8663-FE937E0565BC}
550073124||20260728|20|XXX14|1|100|690728000054|690728000054:20:XXX14:100|{91A83B97-C9CD-4421-BF01-74FDA89A7C3D}
550073124||20260728|20|XXX14|3|500|690728000054|690728000054:20:XXX14:500|{77A6BCF5-C690-4241-A765-E04871AFD5B8}
550073124||20260728|20|XXX14|1|60|690728000054|690728000054:20:XXX14:60|{F3C32957-B7ED-4397-B237-5BF02B368143}
550073124||20260728|20|XXX14|1|70|690728000054|690728000054:20:XXX14:70|{BF9E3B8A-2D23-41D4-9202-6E02A1DB475E}
550073124||20260728|20|XXX14|1|80|690728000054|690728000054:20:XXX14:80|{0D25FB72-9453-46F8-A5E9-371209C94779}
500015442||20260728|17|55811|1|140|690728000058|690728000058:17:55811:140|{B24F7D38-27D6-4ABE-A08E-955B5FCA9653}
500027358||20260728|17|55811|1|140|690728000062|690728000062:17:55811:140|{DE1EB5C1-EBAA-44AB-B753-0B045FF356A0}
510063237||20260728|17|55021|1|50|690728015251|690728015251:17:55021:50|{5D489F59-7A3D-4D0A-B5BC-983204B0DDEF}
510063237||20260728|17|55320|3|50|690728015251|690728015251:17:55320:50|{E6BBA119-2F30-4321-9ED4-3E6897BABBEC}
510063237||20260728|17|55822|1|20|690728015251|690728015251:17:55822:20|{D0E60F5B-113F-419B-9CC1-580842D065AC}
690097916||20260728|17|55021|1|50|690728024247|690728024247:17:55021:50|{A98580D1-3A71-450A-9DC5-E55C1DCA3E68}
690097916||20260728|17|55822|2|20|690728024247|690728024247:17:55822:20|{F9E2236A-13CC-44D3-907A-6C870C3C0107}
670095137||20260728|17|55021|1|50|690728073606|690728073606:17:55021:50|{12FE3045-8424-457C-AB6A-2BD20FF9002F}
670095137||20260728|17|55320|1|50|690728073606|690728073606:17:55320:50|{A40CDBCE-204F-404F-93CC-D06AE07D3F58}
500009484||20260728|15|30101|1|90|690728083017|690728083017:15:30101:90|{07DCF0C8-4C78-4E55-9ADB-F08AD14331F9}
500009484||20260728|15|32003|1|290|690728083017|690728083017:15:32003:290|{7028C160-064A-4D65-A35B-EB94EA1B8692}
500009484||20260728|15|32004|1|200|690728083017|690728083017:15:32004:200|{36759156-FC9E-4120-8833-F7D8995B8DA6}
500009484||20260728|15|32201|1|40|690728083017|690728083017:15:32201:40|{3936DE38-4AF2-493C-AF4B-D7D74B95AD50}
500009484||20260728|15|32202|1|40|690728083017|690728083017:15:32202:40|{87BB7F91-F7F5-44BB-B68E-548011F5DF66}
500009484||20260728|15|32203|1|40|690728083017|690728083017:15:32203:40|{05B4B960-6A44-4C0C-A992-DA89F5314080}
500009484||20260728|17|55020|1|50|690728083017|690728083017:17:55020:50|{9B4E2211-7D72-4B7C-9772-E461F3E53069}
500029744||20260728|15|30101|1|90|690728083134|690728083134:15:30101:90|{212C328B-654F-4CA4-9D1B-9A77C032A6C3}
500029744||20260728|15|32001|1|100|690728083134|690728083134:15:32001:100|{1EEC189D-889C-43AC-8AEA-4F9826A02511}
500029744||20260728|15|32003|1|290|690728083134|690728083134:15:32003:290|{42CE2410-6F8B-423B-A0EB-AA3A9133F016}
500029744||20260728|15|32004|1|200|690728083134|690728083134:15:32004:200|{16474C55-A2F6-4692-98BC-20992E7E2526}
500029744||20260728|15|32201|1|40|690728083134|690728083134:15:32201:40|{28689661-21BD-4F72-B7F2-71A3B97327EB}
500029744||20260728|15|32202|1|40|690728083134|690728083134:15:32202:40|{DC24B67C-7CE9-4C08-9005-2E0552257650}
500029744||20260728|15|32203|1|40|690728083134|690728083134:15:32203:40|{787E601F-5EE8-41F1-87D4-123C29F97143}
500029744||20260728|15|32205|1|60|690728083134|690728083134:15:32205:60|{736743C5-CF41-4323-BBB8-198FA31982D5}
500029744||20260728|17|55020|1|50|690728083134|690728083134:17:55020:50|{672DD7D8-F511-4A03-B45F-357D4BBBE3C1}
500018246||20260728|16|41003|1|250|690728114851|690728114851:16:41003:250|{2AC08FD1-99E6-479C-983C-FC1ACB411C50}
500018246||20260728|17|55020|1|50|690728114851|690728114851:17:55020:50|{A1915399-5820-499B-8D72-610E7527D7E8}
500018246||20260728|18|52441|1|0|690728114851|690728114851:18:52441:0|{08DB810D-A7F9-440E-8DCE-BC80058EE852}
500018246||20260728|9|51410|1|200|690728114851|690728114851:9:51410:200|{4B491A64-F9E6-460D-AB6B-6CBC5ED51409}
500048151||20260728|17|55020|1|50|690728133721|690728133721:17:55020:50|{FF951D4F-69FB-4224-9F9F-7A652A94379D}
560075412||20260728|17|55020|1|50|690728133733|690728133733:17:55020:50|{75AC6A57-DAF4-4472-8EF4-F7960254ACA8}
670095137||20260728|17|55020|1|50|690728145251|690728145251:17:55020:50|{45D11CC5-370A-4ABB-AF80-CCDFEE4BB462}
670095137||20260728|17|55320|1|50|690728145251|690728145251:17:55320:50|{BE18D548-537D-4A5D-A3C5-43B53CF70BCC}
500013320||20260728|16|41003|1|250|690728151250|690728151250:16:41003:250|{CF1A7C3E-5489-40CC-9FD1-3F56C7AD7CB9}
500013320||20260728|17|55020|1|50|690728151250|690728151250:17:55020:50|{09C79AA7-5E53-49F0-AF62-49787A8B9117}
500010797||20260728|16|41003|2|250|690728162245|690728162245:16:41003:250|{4137A4E4-EA16-47AC-ABC6-78F2D347A1B1}
500010797||20260728|17|55020|1|50|690728162245|690728162245:17:55020:50|{553AEA8C-A989-45D9-9EFE-7998FCA8DEDF}
500016588||20260728|17|55020|1|50|690728165808|690728165808:17:55020:50|{75F27B88-3B0C-498C-90CD-F509088C0C25}
500016588||20260728|17|55823|1|20|690728165808|690728165808:17:55823:20|{797C741D-C124-4716-8299-B797AD1A88C0}
500018622||20260728|17|55020|1|50|690728170949|690728170949:17:55020:50|{6D244708-0E1A-47F9-BF51-9415971FDB90}
500018622||20260728|17|55320|1|50|690728170949|690728170949:17:55320:50|{E11FB5AA-D8B8-42B9-AA7A-AF14EF0577FD}
500018622||20260728|17|55822|1|20|690728170949|690728170949:17:55822:20|{E1E342B1-1BBD-4034-BD93-BBB351C98712}
680096325||20260728|17|55020|1|50|690728190208|690728190208:17:55020:50|{95F5318C-DB4A-4AE7-8329-18C513FAE00A}
690097920||20260728|17|55020|1|50|690728203335|690728203335:17:55020:50|{5C7700CF-ADE4-47DB-82D3-FFFE16538F61}
690097920||20260728|17|55822|2|20|690728203335|690728203335:17:55822:20|{D9BE8249-EFA3-44E1-914A-952692273477}
690097920||20260728|18|52441|1|0|690728203335|690728203335:18:52441:0|{32AB5D66-49ED-4BFA-8129-F79B71E4A073}
690097920||20260728|9|51410|1|200|690728203335|690728203335:9:51410:200|{661E2582-8F06-4A9B-9086-542E10C3A211}
690097921||20260728|17|55020|1|50|690728211655|690728211655:17:55020:50|{89784DF1-6D3D-411C-8D08-D7F40E9E57FF}
690097921||20260728|17|55822|2|20|690728211655|690728211655:17:55822:20|{8035A768-9140-46F0-984B-B4CEC3527995}
500047191||20260729|17|55811|1|140|690729000003|690729000003:17:55811:140|{3F32C654-1FA5-4BC4-B552-A8247AA3DE13}
510064144||20260729|17|55020|1|50|690729000012|690729000012:17:55020:50|{5F6877EE-C9A8-43AA-8A43-E06B8B5AE271}
510064144||20260729|20|XXX14|1|100|690729000012|690729000012:20:XXX14:100|{49F64833-8D05-4289-A795-2C759DDA84AE}
510064144||20260729|20|XXX14|3|500|690729000012|690729000012:20:XXX14:500|{12264144-809D-4FF3-89E3-306BAFEB9F19}
510064144||20260729|20|XXX14|2|60|690729000012|690729000012:20:XXX14:60|{0B46C9E6-B1AA-492D-8DC5-B65386606293}
510064144||20260729|20|XXX14|2|70|690729000012|690729000012:20:XXX14:70|{A1904E70-58E0-4637-9975-5029FD02CF24}
510064144||20260729|20|XXX14|1|80|690729000012|690729000012:20:XXX14:80|{85926047-3F51-4458-ABE8-B6C8CDAFD1FB}
500023462||20260729|17|55020|1|50|690729000020|690729000020:17:55020:50|{412930FD-E55F-47D7-AD34-84BA36CC4242}
500023462||20260729|17|55822|1|20|690729000020|690729000020:17:55822:20|{418B9E47-41DA-4943-B368-A45668D29BE8}
500015442||20260729|17|55811|1|140|690729000033|690729000033:17:55811:140|{C3EAAFEA-92DF-4CC0-A3CB-C0D7129B53E6}
500027358||20260729|17|55811|1|140|690729000037|690729000037:17:55811:140|{3D0ABC09-D84B-4ED4-BEBD-5F2F9F5A76D5}
500022045||20260729|16|41003|2|250|690729000045|690729000045:16:41003:250|{D53CFBBA-C14A-480B-8FA7-6022DB331ABD}
500022045||20260729|17|55021|1|50|690729000045|690729000045:17:55021:50|{A133F77C-EC10-4B17-A770-05E5E0DD5EA9}
500022045||20260729|18|52441|1|0|690729000045|690729000045:18:52441:0|{11B14B1C-3600-474A-9395-5663685C43B5}
500022045||20260729|19|71830|1|385|690729000045|690729000045:19:71830:385|{F24D96F2-4BFB-42FA-8614-A1CA72B70B33}
500018063||20260729|17|55021|1|50|690729000046|690729000046:17:55021:50|{7ED68BDD-36F7-44C3-93E7-751E646D2AF7}
500018063||20260729|17|55822|2|20|690729000046|690729000046:17:55822:20|{410525A6-5062-4EB4-B751-8B284468393F}
500018622||20260729|17|55021|1|50|690729070603|690729070603:17:55021:50|{E351804A-15DF-4CA3-8743-D7CE53CDB389}
500018622||20260729|17|55320|1|50|690729070603|690729070603:17:55320:50|{EBD8F72F-E6F8-42EA-BADD-008B2A8279EE}
500029595||20260729|17|55811|1|140|690729075405|690729075405:17:55811:140|{02FBA52A-1746-445A-B516-E1CA6AF64E9E}
500057174||20260729|12|XXX13|2|0|690729083051|690729083051:12:XXX13:0|{751505B6-52D8-48B9-B861-4AB9F2115E25}
500057174||20260729|17|55020|1|50|690729083051|690729083051:17:55020:50|{135E56E9-7C00-4AA4-A42C-A4A4CCDCE5FD}
500042888||20260729|17|55020|1|50|690729091936|690729091936:17:55020:50|{E0FBDBC8-6798-43B1-832A-C7F9167F1FBD}
500042888||20260729|17|55822|1|20|690729091936|690729091936:17:55822:20|{6B2FC00E-B935-40ED-AAF3-FA36F3F3C599}
500022814||20260729|17|55020|1|50|690729092726|690729092726:17:55020:50|{83879632-DB83-4A21-88FD-E14926882433}
680096325||20260729|17|55020|1|50|690729092828|690729092828:17:55020:50|{C1BE5437-90B4-4B6F-B53E-2CCA15DDBE57}
500005815||20260729|15|36019|1|1500|690729093250|690729093250:15:36019:1500|{473B8B37-0A17-4B22-83F2-73E99335B04B}
500005815||20260729|16|41003|1|250|690729093250|690729093250:16:41003:250|{0A05E8D0-1CAB-4F43-8197-6FF8CAAEEA1E}
500005815||20260729|17|55020|1|50|690729093250|690729093250:17:55020:50|{CA62C85C-2795-4A74-8028-D6CBD28D9BE0}
620087429||20260729|17|55020|1|50|690729102713|690729102713:17:55020:50|{9EA90340-85E8-4535-9275-98C8A339FBBD}
630087983||20260729|17|55020|1|50|690729105053|690729105053:17:55020:50|{C5962F28-FB84-44BF-BBAB-1E8E42765289}
500006881||20260729|17|55020|1|50|690729110758|690729110758:17:55020:50|{F5D46CB0-5AF2-408E-BBC2-3C918993815A}
500014459||20260729|17|55020|1|50|690729110847|690729110847:17:55020:50|{79352E6C-58AB-41CB-9968-05C629D6E63C}
540071838||20260729|17|55020|1|50|690729110927|690729110927:17:55020:50|{A2411DB2-DC7C-4F1D-8010-BB322421A641}
640090391||20260729|20|XXX14|1|100|690729111233|690729111233:20:XXX14:100|{89D52D6D-1A94-4EFA-87FA-24126CE00D2F}
640090391||20260729|20|XXX14|1|80|690729111233|690729111233:20:XXX14:80|{1367FEAC-B4B0-4347-9438-68DA768F210D}
500020137||20260729|17|55020|1|50|690729130847|690729130847:17:55020:50|{5F3B7C7C-DCB8-44CB-9BBF-3EFF5996060B}
500013320||20260729|17|55020|1|50|690729155613|690729155613:17:55020:50|{EB67353F-71F6-43F1-BB2A-A23ABCC26F41}
500013320||20260729|18|52441|1|0|690729155613|690729155613:18:52441:0|{FA62F405-82EC-4900-B005-50F8B1AE0535}
500011784||20260729|17|55021|1|50|690729171858|690729171858:17:55021:50|{BB2C9802-0141-4236-8ABA-F025C49CBCE1}
500039672||20260729|17|55021|1|50|690729182516|690729182516:17:55021:50|{EC0278E6-37B3-4042-9108-8F30D5E4261C}
500039672||20260729|17|55822|1|20|690729182516|690729182516:17:55822:20|{9F50254A-73DF-4320-AC08-D43601D2A384}
500039672||20260729|18|52441|1|0|690729182516|690729182516:18:52441:0|{500FA7E9-81F2-44C5-89E3-6F3B913759E8}
500018622||20260729|17|55320|1|50|690729182741|690729182741:17:55320:50|{D426E702-892B-4A78-BF00-56C31E357E0D}
570078396||20260729|17|55021|1|50|690729195906|690729195906:17:55021:50|{0E7EEF63-6D5E-4479-8369-445126AA741A}
570078396||20260729|17|55811|1|140|690729195906|690729195906:17:55811:140|{F72C5851-13E5-49DA-8B7F-A66324C38F72}
570078396||20260729|17|55824|1|20|690729195906|690729195906:17:55824:20|{CAFBABF8-C071-4937-8AE7-48603EA0E7D9}
500047191||20260730|17|55021|1|50|690730000005|690730000005:17:55021:50|{52AAC6DA-ECC1-499B-A218-4667AFE5854C}
500047191||20260730|17|55811|1|140|690730000005|690730000005:17:55811:140|{9987AEBC-A8FE-4CB5-9DC3-183477A7626F}
500014642||20260730|12|64101|1|280|690730000008|690730000008:12:64101:280|{5A9B3129-9950-4BC7-AAAA-00117DE922FF}
500014642||20260730|12|XXX13|2|0|690730000008|690730000008:12:XXX13:0|{82CD95A1-69D8-427C-BA0D-3822A267B393}
500014642||20260730|17|55021|1|50|690730000008|690730000008:17:55021:50|{6A2FE93F-253A-4B3C-A910-0594D69E1AD5}
630088525||20260730|17|55020|1|50|690730000023|690730000023:17:55020:50|{24123B3E-0FA1-421B-B275-5A245509BF3C}
630088525||20260730|20|XXX14|1|100|690730000023|690730000023:20:XXX14:100|{E18B6E06-E91D-4FA3-A056-2A2554E2AC2D}
630088525||20260730|20|XXX14|3|500|690730000023|690730000023:20:XXX14:500|{83877F2D-71C1-4B03-A70A-E5531BD01D51}
630088525||20260730|20|XXX14|1|70|690730000023|690730000023:20:XXX14:70|{98326631-66FA-4403-B235-8454A78EDC3A}
630088525||20260730|20|XXX14|1|80|690730000023|690730000023:20:XXX14:80|{218DD91F-0C27-4B27-AFD6-1E0CC641D157}
500018622||20260730|17|55020|1|50|690730000026|690730000026:17:55020:50|{D497D0C9-5936-49D2-A7C3-1EDDAF588EE9}
500018622||20260730|17|55320|1|50|690730000026|690730000026:17:55320:50|{3CC83C1C-EB17-4986-A5DB-FE4722D656A7}
500030941||20260730|16|41003|2|250|690730000027|690730000027:16:41003:250|{DB36B105-227B-4961-9B57-A412990999E0}
500030941||20260730|17|55020|1|50|690730000027|690730000027:17:55020:50|{D5E00E7F-477E-4846-B9C1-1444774663A7}
500019042||20260730|17|55020|1|50|690730000030|690730000030:17:55020:50|{E4D0D8D0-9E0C-465F-A7E2-FA8D2D8B3927}
500019042||20260730|20|XXX14|3|500|690730000030|690730000030:20:XXX14:500|{CC22050E-A981-43A2-8634-420AE95CCDE5}
500019042||20260730|20|XXX14|3|70|690730000030|690730000030:20:XXX14:70|{B01166D1-4660-4C5C-9EE3-FE277A56EA77}
500019042||20260730|20|XXX14|1|80|690730000030|690730000030:20:XXX14:80|{0AB1A1DD-97C7-482D-8000-7070BCA30889}
500048487||20260730|17|55020|1|50|690730000036|690730000036:17:55020:50|{69E96862-EAB9-4023-BB59-570F8A7F28E9}
500048487||20260730|17|55611|1|90|690730000036|690730000036:17:55611:90|{1BAEFCC4-851F-4122-9764-E2860D9C7A37}
500020136||20260730|17|55811|1|140|690730000040|690730000040:17:55811:140|{F3AA9C19-0435-4429-BDCD-327C1A31191D}
500002652||20260730|17|55020|1|50|690730000052|690730000052:17:55020:50|{9FBA1DD0-0EFA-4766-96D9-586DB3B60E0F}
500002652||20260730|20|XXX14|3|500|690730000052|690730000052:20:XXX14:500|{8B46F2ED-6220-480F-B855-7DBB5CD3E3CA}
500002652||20260730|20|XXX14|2|60|690730000052|690730000052:20:XXX14:60|{51A82082-3E47-4521-92F1-1BBEBED3B9F1}
500002652||20260730|20|XXX14|2|70|690730000052|690730000052:20:XXX14:70|{F461E534-1B8C-4994-8476-1A70EBA2E1DC}
500002652||20260730|20|XXX14|1|80|690730000052|690730000052:20:XXX14:80|{10318DCF-F459-4FF0-BFB1-903F6AA4DD65}
500027358||20260730|17|55811|1|140|690730000062|690730000062:17:55811:140|{D889F7B6-31A7-471E-9AAD-C5120486FAC3}
500018622||20260730|17|55021|1|50|690730000067|690730000067:17:55021:50|{48E1CA87-611B-4695-A383-B5C51B68ADB9}
500018622||20260730|17|55320|1|50|690730000067|690730000067:17:55320:50|{EF54035F-7BDF-48D5-92C6-170A07FFFA6C}
500018622||20260730|18|52441|1|0|690730000067|690730000067:18:52441:0|{1E2B06CB-3E85-43EF-B610-6DA98A22B97A}
680096824||20260730|17|55021|1|50|690730000070|690730000070:17:55021:50|{4D072356-4855-43EC-8ABC-A7485D3F69C2}
680096824||20260730|17|55811|1|140|690730000070|690730000070:17:55811:140|{07E6CF22-50EE-456C-91DD-2C963A4DA736}
680096824||20260730|17|55823|1|20|690730000070|690730000070:17:55823:20|{03F5472C-4539-470D-9040-12E541E34877}
680096824||20260730|19|71830|1|385|690730000070|690730000070:19:71830:385|{D2AD34BB-7C2E-4A61-B638-F595A35DA594}
500015888||20260730|17|55021|1|50|690730000074|690730000074:17:55021:50|{B6258951-0A85-42FB-AF3B-A215F4BA33A9}
500006275||20260730|17|55020|1|50|690730081213|690730081213:17:55020:50|{F1C661B4-87CC-4BDC-96DA-2205FD5A6E46}
500006275||20260730|17|55824|1|20|690730081213|690730081213:17:55824:20|{A28F6BBD-1BFB-48CE-B3FB-7304453AFEAF}
500003791||20260730|17|55020|1|50|690730081422|690730081422:17:55020:50|{EBCA81F2-D286-44A9-B5C4-FA32F72AE70A}
530068876||20260730|15|35001|2|60|690730090104|690730090104:15:35001:60|{AA50D3B8-2AD5-4411-915B-8E4F3E9E69B0}
530068876||20260730|16|41003|1|250|690730090104|690730090104:16:41003:250|{F731742E-A9DA-4337-82AA-B5F1A9CA22EB}
530068876||20260730|17|55020|1|50|690730090104|690730090104:17:55020:50|{F9A6A15E-2D6B-4556-832C-2D584BAE5728}
500019385||20260730|17|55020|1|50|690730091843|690730091843:17:55020:50|{E0BF9EFB-B833-4D8B-BF14-05CFF808A1F0}
690097925||20260730|17|55021|1|50|690730093450|690730093450:17:55021:50|{6E67BD6B-8E80-4D40-B692-7DB4AC7BC64B}
690097925||20260730|17|55810|1|70|690730093450|690730093450:17:55810:70|{8CD28D58-5ED5-4DD5-809B-1EDAC5816FBA}
500010369||20260730|17|55021|1|50|690730094622|690730094622:17:55021:50|{2DD9B00D-F73C-4CEC-A1EB-7EAFDCC1A35B}
500013440||20260730|17|55020|1|50|690730103513|690730103513:17:55020:50|{D3BE390E-AD30-4548-A312-0AA9E7329E46}
500013693||20260730|17|55021|1|50|690730111526|690730111526:17:55021:50|{16E95ADC-64B3-402A-89C9-5347701F2B1E}
500013790||20260730|17|55020|1|50|690730122534|690730122534:17:55020:50|{CE7D0F85-5218-4740-A41D-524D8E718AAF}
500018611||20260730|16|41003|2|250|690730151113|690730151113:16:41003:250|{D72C0E3E-25C9-47FD-A0C4-E6FEAB437608}
500018611||20260730|17|55020|1|50|690730151113|690730151113:17:55020:50|{B7C26A71-409F-4699-BFEE-1A2D491AB481}
500018611||20260730|17|55811|1|140|690730151113|690730151113:17:55811:140|{EAE18DD5-75FE-4B06-A700-8A74C2D32B3F}
500018611||20260730|19|71830|1|385|690730151113|690730151113:19:71830:385|{2B2165BB-5579-4E84-AEB6-2AF02FD7594E}
690097926||20260730|17|55811|1|140|690730160114|690730160114:17:55811:140|{1B676BCC-F321-4CFA-BA11-E8F81AD5C796}
500029595||20260730|17|55811|1|140|690730160931|690730160931:17:55811:140|{E87263BA-1EF2-42EC-8E36-CE78C36A53C9}
500015442||20260730|17|55811|1|140|690730164127|690730164127:17:55811:140|{89E29025-FEFB-4DC5-8C21-38BBE99C6361}
500061978||20260730|17|55021|1|50|690730174525|690730174525:17:55021:50|{1741D7C6-F2E4-4F3E-8D77-232FA12E2EC8}
500061978||20260730|17|55824|2|20|690730174525|690730174525:17:55824:20|{D6F84354-9ADE-4A12-97C0-4BDA264E7091}
670095278||20260730|17|55021|1|50|690730185502|690730185502:17:55021:50|{14C2C809-00EF-4BEB-BFD2-5DF7AA099212}
500047191||20260730|17|55822|2|20|690730234311|690730234311:17:55822:20|{EA1D4C7A-CA60-47B6-B74D-18B1CE622710}
500037405||20260731|15|32103|1|40|690731000043|690731000043:15:32103:40|{2680512E-6E1E-4F00-8D18-522DDF059F3D}
500037405||20260731|15|32202|1|40|690731000043|690731000043:15:32202:40|{98D1A930-F613-424E-8266-93DBF68BC883}
500037405||20260731|15|32203|1|40|690731000043|690731000043:15:32203:40|{2A5D81F9-BBA0-4B5F-984C-01CA527C0D62}
500037405||20260731|17|55021|1|50|690731000043|690731000043:17:55021:50|{63A21681-9A84-4E11-84EE-4A01001C1066}
500037405||20260731|18|52441|1|0|690731000043|690731000043:18:52441:0|{FD0B91BF-38CB-442B-8282-EECFC8DE7CED}
500004479||20260731|17|55021|1|50|690731000047|690731000047:17:55021:50|{2F0DA489-D9DC-4A8E-988A-87A7B043A7BB}
500004479||20260731|18|52441|1|0|690731000047|690731000047:18:52441:0|{E4CB504F-C7A9-4092-A5B6-47F699F35AC8}
500010066||20260731|17|55021|1|50|690731000048|690731000048:17:55021:50|{AD50280D-85B7-40F1-865C-3789FBAEF3EF}
500010066||20260731|18|52441|1|0|690731000048|690731000048:18:52441:0|{DF72513D-69B6-4DAD-834A-A3C236DB2479}
500036367||20260731|15|32203|1|40|690731000053|690731000053:15:32203:40|{A814553C-246B-4597-AC38-EC1CF97E3AB1}
500036367||20260731|15|32401|1|150|690731000053|690731000053:15:32401:150|{4DBDCB28-5938-477D-8C3B-632EF210F989}
500036367||20260731|17|55021|1|50|690731000053|690731000053:17:55021:50|{3BF53A55-2A0E-414F-BC4D-2AF96AB68006}
500036367||20260731|18|52441|1|0|690731000053|690731000053:18:52441:0|{0C51588F-F060-4751-BABD-F235897BDD3A}
500036367||20260731|19|71220|1|50|690731000053|690731000053:19:71220:50|{CFBC9717-6A44-4CB3-9578-99418760EA16}
500021268||20260731|15|32205|1|60|690731000058|690731000058:15:32205:60|{DD23E8CE-0666-4062-8BDA-89C73144673F}
500021268||20260731|17|55021|1|50|690731000058|690731000058:17:55021:50|{C5A610AD-6690-44DC-810A-6A2FD6417BDD}
500021268||20260731|18|52441|1|0|690731000058|690731000058:18:52441:0|{F1B37D60-5987-4F65-8497-0F297D0ED36A}
500015919||20260731|11||2|0|690731000063|690731000063:11::0|{AB128D99-1914-40F8-A73D-48C7E2826A57}
500015919||20260731|11||30|3|690731000063|690731000063:11::3|{09B01E9D-5D08-479C-80B7-AC642C0D19C5}
500015919||20260731|13|58130|1|250|690731000063|690731000063:13:58130:250|{8A966AAA-5B77-4010-83A8-CC0FEDE4F0EE}
500015919||20260731|15|32203|1|40|690731000063|690731000063:15:32203:40|{E1D8110A-9216-4DC6-B05A-0093646461A9}
500015919||20260731|15|32401|1|150|690731000063|690731000063:15:32401:150|{97A12EE1-1583-4625-9844-49DBBB81C200}
500015919||20260731|17|55021|1|50|690731000063|690731000063:17:55021:50|{3C949B68-BCD6-479B-8D4D-C8102CDE6CA4}
500015919||20260731|17|55824|1|20|690731000063|690731000063:17:55824:20|{10730545-DCC8-44CE-B071-5412215AB5B5}
500015919||20260731|18|52441|1|0|690731000063|690731000063:18:52441:0|{A122E7A8-BE9D-4B1A-827F-DDF7719FEC0B}
500015919||20260731|19|71220|1|50|690731000063|690731000063:19:71220:50|{3F421A50-2175-4BD2-9148-2BF527880C79}
500013080||20260731|11||2|0|690731000081|690731000081:11::0|{6CF2A490-28CF-444D-A9CF-FE632420ED10}
500013080||20260731|15|32203|1|40|690731000081|690731000081:15:32203:40|{17E57A91-BFEF-49E4-9B7E-52C258231922}
500013080||20260731|15|32401|1|150|690731000081|690731000081:15:32401:150|{858E49C1-381F-4258-BED9-E001EC7DA363}
500013080||20260731|17|55021|1|50|690731000081|690731000081:17:55021:50|{943A0824-FBC4-438F-BAF5-EC497802A5C6}
500013080||20260731|18|52441|1|0|690731000081|690731000081:18:52441:0|{F183BAED-70DC-4150-AEE0-E53E47ECC483}
500013080||20260731|19|71220|1|50|690731000081|690731000081:19:71220:50|{28A54613-CC44-4A0C-A474-535CDFF19FD4}
690097925||20260731|17|55810|1|70|690731000089|690731000089:17:55810:70|{A05B8250-C539-4B93-9DFB-DDE2C74C3956}
500050945||20260731|16|41202|1|80|690731000091|690731000091:16:41202:80|{9E50A057-1BC4-4546-AB2B-2431DB336E9A}
500050945||20260731|17|55021|1|50|690731000091|690731000091:17:55021:50|{0B37FA73-27E5-49C4-848C-8047D5B3F487}
500052046||20260731|12|XXX13|2|0|690731000094|690731000094:12:XXX13:0|{D10429C6-38E5-4369-B30D-67C1B9714179}
500052046||20260731|17|55021|1|50|690731000094|690731000094:17:55021:50|{05DABBBF-3E93-4458-ADBF-7AD53ACB8257}
500034394||20260731|11||2|0|690731000099|690731000099:11::0|{715425EC-9A14-4591-9307-DBB324EABD59}
500034394||20260731|17|55020|1|50|690731000099|690731000099:17:55020:50|{D35AD20D-0B39-4DED-A60D-320743D40BC0}
500034394||20260731|18|52441|1|0|690731000099|690731000099:18:52441:0|{F1EF4593-9D09-4746-A443-11500CC46952}
500017321||20260731|14|32203|1|40|690731000100|690731000100:14:32203:40|{EA901E67-F5D8-42A4-A41A-E6C892CF247B}
500017321||20260731|17|55020|1|50|690731000100|690731000100:17:55020:50|{CD073626-3ACC-400A-890A-93F48C81C1ED}
500017321||20260731|18|52441|1|0|690731000100|690731000100:18:52441:0|{DC7CFEDE-EA9E-4C02-92EF-B001D95E7D12}
500015196||20260731|17|55020|1|50|690731000120|690731000120:17:55020:50|{0551A7D5-B0A8-4916-AEF3-C0A885E39EC3}
500057174||20260731|12|XXX13|2|0|690731000121|690731000121:12:XXX13:0|{A03201C5-DD83-41E6-95C5-3D95819D9045}
500057174||20260731|17|55020|1|50|690731000121|690731000121:17:55020:50|{2F550943-3277-4FA5-9CA0-7B685D3860F0}
500006219||20260731|17|55020|1|50|690731000123|690731000123:17:55020:50|{A1EA7592-AAC6-47B2-9B58-C933F3173DEC}
500006219||20260731|18|52441|1|0|690731000123|690731000123:18:52441:0|{A7E5C6D2-7803-4D76-8B7A-B43A69B5CD63}
510064144||20260731|17|55020|1|50|690731000130|690731000130:17:55020:50|{D589EC00-B819-4D12-BD2D-9EC34355CCC9}
510064144||20260731|20|XXX14|3|500|690731000130|690731000130:20:XXX14:500|{F8525835-018F-4F05-A7B8-09099ACAFFE6}
510064144||20260731|20|XXX14|1|60|690731000130|690731000130:20:XXX14:60|{1C28DAA8-ACE9-429E-872D-B95D5BF93FF1}
510064144||20260731|20|XXX14|1|70|690731000130|690731000130:20:XXX14:70|{06176D95-E612-4AA2-A7AE-3734F88C10C2}
670094063||20260731|13|58131|1|250|690731000131|690731000131:13:58131:250|{01ED21E4-C58B-468E-9ECA-2104DD5E6747}
670094063||20260731|17|55020|1|50|690731000131|690731000131:17:55020:50|{99CBC83F-0DDA-4240-8003-609C6CBB9821}
500049956||20260731|13|58130|1|250|690731000143|690731000143:13:58130:250|{0B475D21-65C1-437D-8E8A-40B8C1895150}
500049956||20260731|17|55020|1|50|690731000143|690731000143:17:55020:50|{D33E9507-FC8D-46F8-835D-94EFA8E9D5B8}
500021353||20260731|13|58130|1|250|690731000144|690731000144:13:58130:250|{928CFED3-F2E7-4B53-822E-5F7ED1AD944F}
500021353||20260731|17|55020|1|50|690731000144|690731000144:17:55020:50|{D355AF5E-BDC5-4C74-AC44-0C280E66FA19}
500017379||20260731|17|55020|1|50|690731000155|690731000155:17:55020:50|{A4E05933-3206-42E8-9516-48F3139CC273}
500017379||20260731|3|FP003_3|1|50|690731000155|690731000155:3:FP003_3:50|{81B71EBA-0124-4967-9061-96F2FA973228}
580078863||20260731|15|30101|1|90|690731000174|690731000174:15:30101:90|{28A5ABC9-16A7-47B4-A95D-7E7F3AD7B0B7}
580078863||20260731|17|55020|1|50|690731000174|690731000174:17:55020:50|{06BECD0F-A332-46F0-A01A-ADE04F75A6B0}
500027358||20260731|17|55020|1|50|690731000212|690731000212:17:55020:50|{BC5CD22D-0A89-47BF-A19A-30B08E67D131}
500027358||20260731|17|55811|1|140|690731000212|690731000212:17:55811:140|{5BAD20BC-F6D1-4F4D-B22E-53FB2856421F}
500015442||20260731|17|55021|1|50|690731000224|690731000224:17:55021:50|{EFCFD6C5-F50E-4DD4-BB13-EEED723B5D7A}
500015442||20260731|17|55811|1|140|690731000224|690731000224:17:55811:140|{486B6ADB-6800-4F66-857C-9F45CD309448}
500029595||20260731|17|55811|1|140|690731000226|690731000226:17:55811:140|{ED513584-40A2-43A7-BBDF-576DDBB2C941}
500018622||20260731|17|55021|1|50|690731000229|690731000229:17:55021:50|{0FD837E2-7354-45B1-B85D-2D8C3AE7FE24}
500018622||20260731|17|55320|1|50|690731000229|690731000229:17:55320:50|{53BBEF89-2EB3-4522-AC83-9A317238275C}
680096824||20260731|17|55021|1|50|690731000230|690731000230:17:55021:50|{611BB169-65FE-48DB-AF64-AD662A589A4B}
680096824||20260731|17|55810|1|70|690731000230|690731000230:17:55810:70|{E71C6E23-FACF-4890-8C91-E09E48B3BDE8}
500057645||20260731|20|XXX14|3|500|690731000232|690731000232:20:XXX14:500|{DB07C9CB-0A23-485C-AC41-AE1629413F07}
500057645||20260731|20|XXX14|2|60|690731000232|690731000232:20:XXX14:60|{F4D78780-448B-48D8-B2FE-8D764206FF65}
500057645||20260731|20|XXX14|2|70|690731000232|690731000232:20:XXX14:70|{8DE17200-1CC1-4DCB-8EAB-62B7B9B9EA82}
500057645||20260731|20|XXX14|1|80|690731000232|690731000232:20:XXX14:80|{E950F8A7-B671-40FF-AF17-A9B890ED3980}
500002868||20260731|20|XXX14|1|100|690731000234|690731000234:20:XXX14:100|{7225D3EE-456B-4507-8DE7-EA5B0DC4223E}
500002868||20260731|20|XXX14|3|500|690731000234|690731000234:20:XXX14:500|{FC310DAC-DE8C-42D0-B005-61870C0982BC}
500002868||20260731|20|XXX14|2|60|690731000234|690731000234:20:XXX14:60|{95DA3772-3211-4AE1-B63E-7B7064B7E7FC}
500002868||20260731|20|XXX14|2|70|690731000234|690731000234:20:XXX14:70|{C88F5802-7462-48ED-84C6-2602DAEE3252}
500002868||20260731|20|XXX14|1|80|690731000234|690731000234:20:XXX14:80|{F2FB57D8-FA95-4866-B71F-3EBFCF208E15}
500018611||20260731|17|55810|1|70|690731072309|690731072309:17:55810:70|{6D3E67D6-AAB5-45C5-8D06-9A6306C95346}
500038000||20260731|17|55021|1|50|690731073334|690731073334:17:55021:50|{C8D361B3-CE8A-4171-84E3-4CB89F22FA27}
500053167||20260731|17|55021|1|50|690731074121|690731074121:17:55021:50|{1C866131-DE97-428A-B642-34EC1DA23620}
500019937||20260731|17|55021|1|50|690731075418|690731075418:17:55021:50|{71B20CFA-C575-4884-94CE-2271CFAAC60C}
500041275||20260731|17|55020|1|50|690731080254|690731080254:17:55020:50|{A7FBA961-9C32-4A48-8F36-61BB91A77CC5}
500059558||20260731|17|55020|1|50|690731081826|690731081826:17:55020:50|{6F1A0B57-55CD-49F7-B764-C97329DB617D}
500033532||20260731|15|32001|1|100|690731085506|690731085506:15:32001:100|{1A048854-3EC5-45AE-8392-2F730F3BC668}
500033532||20260731|15|32004|1|200|690731085506|690731085506:15:32004:200|{69E17B46-BCE5-4F49-BD13-BE1A63519B43}
500033532||20260731|15|32201|1|40|690731085506|690731085506:15:32201:40|{8F889E7D-894D-406B-A9D6-A67B150DBFF1}
500033532||20260731|15|32202|1|40|690731085506|690731085506:15:32202:40|{E754E1EE-1FC6-40E6-81FB-BBF931C93FF6}
500033532||20260731|17|55020|1|50|690731085506|690731085506:17:55020:50|{7FE5930B-11D6-438F-9991-585CACD5492B}
500033532||20260731|2|8307|1|1000|690731085506|690731085506:2:8307:1000|{F7815C32-8B15-47A4-A136-8ED43EF21E44}
500033532||20260731|20|XXX14|1|100|690731085506|690731085506:20:XXX14:100|{050657DF-4061-4378-9852-38E3720B12C6}
500033532||20260731|20|XXX14|1|80|690731085506|690731085506:20:XXX14:80|{1FEFC3F9-3229-4A11-9F79-A4BAD7A4E302}
680095539||20260731|17|55020|1|50|690731085526|690731085526:17:55020:50|{B53667CE-FF49-4214-9A9F-8D2BA813A954}
500048340||20260731|17|55020|1|50|690731092724|690731092724:17:55020:50|{EA4F3DC6-CC6D-42B9-BDAE-A6CFAB5A014C}
500048340||20260731|17|55822|2|20|690731092724|690731092724:17:55822:20|{B68BB929-1EB3-48F3-878F-E36FEF66CC64}
500035651||20260731|16|41003|2|250|690731100520|690731100520:16:41003:250|{5D4CF843-B482-4274-8046-595D0ADF6704}
500035651||20260731|17|55020|1|50|690731100520|690731100520:17:55020:50|{D46603C0-0976-4118-9CA4-4A805D6AB9B2}
500035651||20260731|19|71753|1|420|690731100520|690731100520:19:71753:420|{924570ED-4675-4EAE-959D-0030FBEB9C20}
500013856||20260731|17|55020|1|50|690731101606|690731101606:17:55020:50|{04BD05C5-3A50-4AE1-B871-285FCF2E4A4A}
500013856||20260731|19|71834|1|300|690731101606|690731101606:19:71834:300|{9FA75B2D-C1AD-4A3B-8995-2E293711E973}
500037627||20260731|17|55020|1|50|690731104329|690731104329:17:55020:50|{BC249B4F-069E-4998-9CF3-88DFBC3628D4}
500037627||20260731|4|30015|1|150|690731104329|690731104329:4:30015:150|{B2AB86D9-985F-4E48-92F2-9EFE8FEC3E85}
500062046||20260731|13|58130|1|250|690731104401|690731104401:13:58130:250|{261DC529-4EBE-4FEB-8D94-277E44B23A95}
500062046||20260731|17|55021|1|50|690731104401|690731104401:17:55021:50|{D860CAE4-5E8C-4E7B-88BC-9363971FB2C7}
530067696||20260731|16|41003|1|250|690731105729|690731105729:16:41003:250|{AD208544-A094-44F6-9134-B522A6E37C8B}
530067696||20260731|17|55020|1|50|690731105729|690731105729:17:55020:50|{5A55FAA8-8E14-4FDB-89A4-FEBF2B43BEB5}
500061451||20260731|13|58130|1|250|690731113212|690731113212:13:58130:250|{4D6661F5-3702-4466-B9A3-7ADC963C1C37}
500061451||20260731|17|55020|1|50|690731113212|690731113212:17:55020:50|{0C5772FA-EF6E-49C3-AD34-93F15E09D6EE}
500019859||20260731|17|55021|1|50|690731133529|690731133529:17:55021:50|{8D0305AE-AF7B-4D3D-BF50-FF61A61A34D6}
500019859||20260731|17|55822|1|20|690731133529|690731133529:17:55822:20|{275EE907-957D-4256-B381-070324A5D022}
500035837||20260731|17|55020|1|50|690731133555|690731133555:17:55020:50|{5C09BEBF-D052-46EA-BB50-0C1F2462A602}
680095583||20260731|17|55021|1|50|690731134521|690731134521:17:55021:50|{42D190A1-A95D-4529-8F48-1B37C12DE8F6}
500018611||20260731|17|55810|1|70|690731161617|690731161617:17:55810:70|{C112F439-7FB3-40A3-AEAD-202B8DC96E02}
500008061||20260731|20|XXX14|1|100|690731164023|690731164023:20:XXX14:100|{F4EFDB33-CCF4-48AD-BFB4-4865861AB899}
500008061||20260731|20|XXX14|3|500|690731164023|690731164023:20:XXX14:500|{A10E7575-F7AE-4902-A185-15FA7310AAC6}
500008061||20260731|20|XXX14|1|70|690731164023|690731164023:20:XXX14:70|{0A49A410-7EEE-449D-9C7A-1B6AEC8D5A9A}
500008061||20260731|20|XXX14|2|80|690731164023|690731164023:20:XXX14:80|{EAB94B80-6B09-4808-BF27-28C1494F6158}
630087580||20260731|17|55020|1|50|690731184044|690731184044:17:55020:50|{40543229-4607-4B8F-B849-7C0ADEED4032}
630087580||20260731|17|55811|1|140|690731184044|690731184044:17:55811:140|{6299603F-2977-4DC6-99BC-CE9175C4913E}
630087580||20260731|17|55823|1|20|690731184044|690731184044:17:55823:20|{76A87213-E66C-47AE-BEE9-E7950DC775D0}
550074036||20260731|17|55020|1|50|690731200632|690731200632:17:55020:50|{1D8AAC44-31F5-4538-80D9-DDF65DE31366}
550074036||20260731|19|71834|1|300|690731200632|690731200632:19:71834:300|{B5AD9C15-A5C5-436D-9583-463D075B657E}
500030941||20260731|15|30101|1|90|690731232646|690731232646:15:30101:90|{B039AB98-0038-430B-9CD1-72469D863F45}
500030941||20260731|15|32001|1|100|690731232646|690731232646:15:32001:100|{05D678ED-E514-4FB5-8801-E58DA2968FF6}
500030941||20260731|15|32201|1|40|690731232646|690731232646:15:32201:40|{DC147C8F-3C3E-49B4-996A-3382CBB48968}
500030941||20260731|15|32202|1|40|690731232646|690731232646:15:32202:40|{EC947D3E-5EC6-45AA-A728-44F9CAC95500}
500030941||20260731|17|55021|1|50|690731232646|690731232646:17:55021:50|{07975D39-762A-4165-B9F8-9F2B47D9F35E}
500030941||20260731|17|55822|2|20|690731232646|690731232646:17:55822:20|{A69B496A-7BAC-4F8E-978B-D76689C575EA}
500030941||20260731|9|51410|1|200|690731232646|690731232646:9:51410:200|{78CF5827-F113-40E2-A4D3-2758F69AE088}
